{
  "hrvMetrics": {
    "sdnn": null,
    "rmssd": null,
    "pnn50": null,
    "s1": null,
    "s2": null
  },
  "filteredData": [
    {
      "HR": 96,
      "RR": 624
    }
  ],
  "raw": [
    {
      "_id": "66555a2557a4d4a2acbbe985",
      "guid": "140ca14c-92a4-4198-aff5-a09e08f777c3",
      "guid_device": "C0680226",
      "HR": 96,
      "RR": 624,
      "rrRMS": 609,
      "date_created": "28-05-2024",
      "time_created": "11:14:29",
      "date_update": "28-05-2024",
      "time_update": "11:14:29",
      "timestamp": 1716869670,
      "date": "28-05-2024",
      "time": "11:14:29",
      "hour": "11",
      "year": "2024",
      "datetime": "28-05-2024 11:14:29",
      "create_at": "2024-05-28T04:14:29.612Z",
      "isChecked": false
    },
    {
      "_id": "66555a2557a4d4a2acbbe987",
      "guid": "6f2c655d-a41a-4c48-a32c-9bc3630cafcc",
      "guid_device": "C0680226",
      "HR": 96,
      "RR": 624,
      "rrRMS": 609,
      "date_created": "28-05-2024",
      "time_created": "11:14:29",
      "date_update": "28-05-2024",
      "time_update": "11:14:29",
      "timestamp": 1716869670,
      "date": "28-05-2024",
      "time": "11:14:29",
      "hour": "11",
      "year": "2024",
      "datetime": "28-05-2024 11:14:29",
      "create_at": "2024-05-28T04:14:29.615Z",
      "isChecked": false
    },
    {
      "_id": "66555a2857a4d4a2acbbe98b",
      "guid": "9016167e-b5c7-4c7d-991a-b2a4737f3f66",
      "guid_device": "C0680226",
      "HR": 97,
      "RR": 640,
      "rrRMS": 625,
      "date_created": "28-05-2024",
      "time_created": "11:14:32",
      "date_update": "28-05-2024",
      "time_update": "11:14:32",
      "timestamp": 1716869672,
      "date": "28-05-2024",
      "time": "11:14:32",
      "hour": "11",
      "year": "2024",
      "datetime": "28-05-2024 11:14:32",
      "create_at": "2024-05-28T04:14:32.173Z",
      "isChecked": false
    },
    {
      "_id": "66555a2857a4d4a2acbbe98d",
      "guid": "93ff2c72-7ce3-480e-989a-374fe13157c7",
      "guid_device": "C0680226",
      "HR": 97,
      "RR": 640,
      "rrRMS": 625,
      "date_created": "28-05-2024",
      "time_created": "11:14:32",
      "date_update": "28-05-2024",
      "time_update": "11:14:32",
      "timestamp": 1716869672,
      "date": "28-05-2024",
      "time": "11:14:32",
      "hour": "11",
      "year": "2024",
      "datetime": "28-05-2024 11:14:32",
      "create_at": "2024-05-28T04:14:32.179Z",
      "isChecked": false
    },
    {
      "_id": "66555a2b57a4d4a2acbbe993",
      "guid": "e90cf250-44af-4e67-9c93-6ab73b892663",
      "guid_device": "C0680226",
      "HR": 97,
      "RR": 626,
      "rrRMS": 611,
      "date_created": "28-05-2024",
      "time_created": "11:14:35",
      "date_update": "28-05-2024",
      "time_update": "11:14:35",
      "timestamp": 1716869676,
      "date": "28-05-2024",
      "time": "11:14:35",
      "hour": "11",
      "year": "2024",
      "datetime": "28-05-2024 11:14:35",
      "create_at": "2024-05-28T04:14:35.856Z",
      "isChecked": false
    },
    {
      "_id": "66555a2b57a4d4a2acbbe995",
      "guid": "6e77f4d5-335b-49e1-b967-16ee28dbd391",
      "guid_device": "C0680226",
      "HR": 97,
      "RR": 626,
      "rrRMS": 611,
      "date_created": "28-05-2024",
      "time_created": "11:14:35",
      "date_update": "28-05-2024",
      "time_update": "11:14:35",
      "timestamp": 1716869676,
      "date": "28-05-2024",
      "time": "11:14:35",
      "hour": "11",
      "year": "2024",
      "datetime": "28-05-2024 11:14:35",
      "create_at": "2024-05-28T04:14:35.858Z",
      "isChecked": false
    },
    {
      "_id": "66555a2f57a4d4a2acbbe99c",
      "guid": "1556c185-91bf-4b2b-98c3-7897ee7d1795",
      "guid_device": "C0680226",
      "HR": 98,
      "RR": 628,
      "rrRMS": 613,
      "date_created": "28-05-2024",
      "time_created": "11:14:39",
      "date_update": "28-05-2024",
      "time_update": "11:14:39",
      "timestamp": 1716869679,
      "date": "28-05-2024",
      "time": "11:14:39",
      "hour": "11",
      "year": "2024",
      "datetime": "28-05-2024 11:14:39",
      "create_at": "2024-05-28T04:14:39.382Z",
      "isChecked": false
    },
    {
      "_id": "66555a2f57a4d4a2acbbe99e",
      "guid": "20727679-9ba0-46a9-8095-6cddd53729b2",
      "guid_device": "C0680226",
      "HR": 98,
      "RR": 628,
      "rrRMS": 613,
      "date_created": "28-05-2024",
      "time_created": "11:14:39",
      "date_update": "28-05-2024",
      "time_update": "11:14:39",
      "timestamp": 1716869679,
      "date": "28-05-2024",
      "time": "11:14:39",
      "hour": "11",
      "year": "2024",
      "datetime": "28-05-2024 11:14:39",
      "create_at": "2024-05-28T04:14:39.396Z",
      "isChecked": false
    },
    {
      "_id": "66555a2f57a4d4a2acbbe9a1",
      "guid": "dc888d3d-f0d0-4e43-b200-3dbe508a6fc6",
      "guid_device": "C0680226",
      "HR": 98,
      "RR": 640,
      "rrRMS": 625,
      "date_created": "28-05-2024",
      "time_created": "11:14:39",
      "date_update": "28-05-2024",
      "time_update": "11:14:39",
      "timestamp": 1716869680,
      "date": "28-05-2024",
      "time": "11:14:39",
      "hour": "11",
      "year": "2024",
      "datetime": "28-05-2024 11:14:39",
      "create_at": "2024-05-28T04:14:39.673Z",
      "isChecked": false
    },
    {
      "_id": "66555a2f57a4d4a2acbbe9a3",
      "guid": "075f43ca-d6d3-4a1a-9576-375457f1f9e2",
      "guid_device": "C0680226",
      "HR": 98,
      "RR": 640,
      "rrRMS": 625,
      "date_created": "28-05-2024",
      "time_created": "11:14:39",
      "date_update": "28-05-2024",
      "time_update": "11:14:39",
      "timestamp": 1716869680,
      "date": "28-05-2024",
      "time": "11:14:39",
      "hour": "11",
      "year": "2024",
      "datetime": "28-05-2024 11:14:39",
      "create_at": "2024-05-28T04:14:39.696Z",
      "isChecked": false
    },
    {
      "_id": "66555a3257a4d4a2acbbe9a9",
      "guid": "6415647c-5906-45c9-8cc6-1bd02bedaa95",
      "guid_device": "C0680226",
      "HR": 96,
      "RR": 633,
      "rrRMS": 618,
      "date_created": "28-05-2024",
      "time_created": "11:14:42",
      "date_update": "28-05-2024",
      "time_update": "11:14:42",
      "timestamp": 1716869683,
      "date": "28-05-2024",
      "time": "11:14:42",
      "hour": "11",
      "year": "2024",
      "datetime": "28-05-2024 11:14:42",
      "create_at": "2024-05-28T04:14:42.565Z",
      "isChecked": false
    },
    {
      "_id": "66555a3257a4d4a2acbbe9ab",
      "guid": "842c68d7-5713-49aa-adfa-469464b0a426",
      "guid_device": "C0680226",
      "HR": 96,
      "RR": 633,
      "rrRMS": 618,
      "date_created": "28-05-2024",
      "time_created": "11:14:42",
      "date_update": "28-05-2024",
      "time_update": "11:14:42",
      "timestamp": 1716869683,
      "date": "28-05-2024",
      "time": "11:14:42",
      "hour": "11",
      "year": "2024",
      "datetime": "28-05-2024 11:14:42",
      "create_at": "2024-05-28T04:14:42.577Z",
      "isChecked": false
    },
    {
      "_id": "66555a3557a4d4a2acbbe9b1",
      "guid": "5d96fb0e-daa2-4dfb-bfe0-7db3cce2443c",
      "guid_device": "C0680226",
      "HR": 98,
      "RR": 608,
      "rrRMS": 594,
      "date_created": "28-05-2024",
      "time_created": "11:14:45",
      "date_update": "28-05-2024",
      "time_update": "11:14:45",
      "timestamp": 1716869686,
      "date": "28-05-2024",
      "time": "11:14:45",
      "hour": "11",
      "year": "2024",
      "datetime": "28-05-2024 11:14:45",
      "create_at": "2024-05-28T04:14:45.915Z",
      "isChecked": false
    },
    {
      "_id": "66555a3557a4d4a2acbbe9b3",
      "guid": "2ab1eecd-d4bd-4881-8656-ef315a3e8e33",
      "guid_device": "C0680226",
      "HR": 98,
      "RR": 608,
      "rrRMS": 594,
      "date_created": "28-05-2024",
      "time_created": "11:14:45",
      "date_update": "28-05-2024",
      "time_update": "11:14:45",
      "timestamp": 1716869686,
      "date": "28-05-2024",
      "time": "11:14:45",
      "hour": "11",
      "year": "2024",
      "datetime": "28-05-2024 11:14:45",
      "create_at": "2024-05-28T04:14:45.935Z",
      "isChecked": false
    },
    {
      "_id": "66555a3857a4d4a2acbbe9b9",
      "guid": "fa964755-2137-4038-97f0-c5f849199e9d",
      "guid_device": "C0680226",
      "HR": 100,
      "RR": 604,
      "rrRMS": 590,
      "date_created": "28-05-2024",
      "time_created": "11:14:48",
      "date_update": "28-05-2024",
      "time_update": "11:14:48",
      "timestamp": 1716869689,
      "date": "28-05-2024",
      "time": "11:14:48",
      "hour": "11",
      "year": "2024",
      "datetime": "28-05-2024 11:14:48",
      "create_at": "2024-05-28T04:14:48.794Z",
      "isChecked": false
    },
    {
      "_id": "66555a3857a4d4a2acbbe9bb",
      "guid": "e44de23a-ea1a-4f7b-b528-a1be33a38f8b",
      "guid_device": "C0680226",
      "HR": 100,
      "RR": 604,
      "rrRMS": 590,
      "date_created": "28-05-2024",
      "time_created": "11:14:48",
      "date_update": "28-05-2024",
      "time_update": "11:14:48",
      "timestamp": 1716869689,
      "date": "28-05-2024",
      "time": "11:14:48",
      "hour": "11",
      "year": "2024",
      "datetime": "28-05-2024 11:14:48",
      "create_at": "2024-05-28T04:14:48.815Z",
      "isChecked": false
    },
    {
      "_id": "66555a3c57a4d4a2acbbe9bf",
      "guid": "bc7f2392-f781-4fdb-a4a5-63de3028c690",
      "guid_device": "C0680226",
      "HR": 100,
      "RR": 660,
      "rrRMS": 645,
      "date_created": "28-05-2024",
      "time_created": "11:14:52",
      "date_update": "28-05-2024",
      "time_update": "11:14:52",
      "timestamp": 1716869692,
      "date": "28-05-2024",
      "time": "11:14:52",
      "hour": "11",
      "year": "2024",
      "datetime": "28-05-2024 11:14:52",
      "create_at": "2024-05-28T04:14:52.183Z",
      "isChecked": false
    },
    {
      "_id": "66555a3c57a4d4a2acbbe9c1",
      "guid": "2939a2e4-dc2b-4ea3-ab72-2d4fca7bbec6",
      "guid_device": "C0680226",
      "HR": 98,
      "RR": 666,
      "rrRMS": 650,
      "date_created": "28-05-2024",
      "time_created": "11:14:52",
      "date_update": "28-05-2024",
      "time_update": "11:14:52",
      "timestamp": 1716869692,
      "date": "28-05-2024",
      "time": "11:14:52",
      "hour": "11",
      "year": "2024",
      "datetime": "28-05-2024 11:14:52",
      "create_at": "2024-05-28T04:14:52.188Z",
      "isChecked": false
    },
    {
      "_id": "66555a3c57a4d4a2acbbe9c3",
      "guid": "42b66762-fae8-46a4-93f1-b2e3cc48fd52",
      "guid_device": "C0680226",
      "HR": 100,
      "RR": 660,
      "rrRMS": 645,
      "date_created": "28-05-2024",
      "time_created": "11:14:52",
      "date_update": "28-05-2024",
      "time_update": "11:14:52",
      "timestamp": 1716869692,
      "date": "28-05-2024",
      "time": "11:14:52",
      "hour": "11",
      "year": "2024",
      "datetime": "28-05-2024 11:14:52",
      "create_at": "2024-05-28T04:14:52.207Z",
      "isChecked": false
    },
    {
      "_id": "66555a3c57a4d4a2acbbe9c5",
      "guid": "cfd828a2-4430-4645-a7ab-9eaa91805144",
      "guid_device": "C0680226",
      "HR": 98,
      "RR": 666,
      "rrRMS": 650,
      "date_created": "28-05-2024",
      "time_created": "11:14:52",
      "date_update": "28-05-2024",
      "time_update": "11:14:52",
      "timestamp": 1716869692,
      "date": "28-05-2024",
      "time": "11:14:52",
      "hour": "11",
      "year": "2024",
      "datetime": "28-05-2024 11:14:52",
      "create_at": "2024-05-28T04:14:52.228Z",
      "isChecked": false
    },
    {
      "_id": "66555a3d57a4d4a2acbbe9c8",
      "guid": "510cf4f8-1763-41b0-ba94-494607d46b3b",
      "guid_device": "C0680226",
      "HR": 94,
      "RR": 723,
      "rrRMS": 706,
      "date_created": "28-05-2024",
      "time_created": "11:14:53",
      "date_update": "28-05-2024",
      "time_update": "11:14:53",
      "timestamp": 1716869694,
      "date": "28-05-2024",
      "time": "11:14:53",
      "hour": "11",
      "year": "2024",
      "datetime": "28-05-2024 11:14:53",
      "create_at": "2024-05-28T04:14:53.754Z",
      "isChecked": false
    },
    {
      "_id": "66555a3d57a4d4a2acbbe9cb",
      "guid": "95804e88-8e87-4330-a38b-90e52e9c0ecc",
      "guid_device": "C0680226",
      "HR": 94,
      "RR": 723,
      "rrRMS": 706,
      "date_created": "28-05-2024",
      "time_created": "11:14:53",
      "date_update": "28-05-2024",
      "time_update": "11:14:53",
      "timestamp": 1716869694,
      "date": "28-05-2024",
      "time": "11:14:53",
      "hour": "11",
      "year": "2024",
      "datetime": "28-05-2024 11:14:53",
      "create_at": "2024-05-28T04:14:53.794Z",
      "isChecked": false
    },
    {
      "_id": "66555a4057a4d4a2acbbe9cf",
      "guid": "4c488eac-318a-4d68-8a2f-66f45f721877",
      "guid_device": "C0680226",
      "HR": 91,
      "RR": 716,
      "rrRMS": 699,
      "date_created": "28-05-2024",
      "time_created": "11:14:56",
      "date_update": "28-05-2024",
      "time_update": "11:14:56",
      "timestamp": 1716869696,
      "date": "28-05-2024",
      "time": "11:14:56",
      "hour": "11",
      "year": "2024",
      "datetime": "28-05-2024 11:14:56",
      "create_at": "2024-05-28T04:14:56.005Z",
      "isChecked": false
    },
    {
      "_id": "66555a4057a4d4a2acbbe9d1",
      "guid": "ad929882-85c5-4ca5-ab4a-b3e689502331",
      "guid_device": "C0680226",
      "HR": 91,
      "RR": 716,
      "rrRMS": 699,
      "date_created": "28-05-2024",
      "time_created": "11:14:56",
      "date_update": "28-05-2024",
      "time_update": "11:14:56",
      "timestamp": 1716869696,
      "date": "28-05-2024",
      "time": "11:14:56",
      "hour": "11",
      "year": "2024",
      "datetime": "28-05-2024 11:14:56",
      "create_at": "2024-05-28T04:14:56.016Z",
      "isChecked": false
    },
    {
      "_id": "66555a4157a4d4a2acbbe9d5",
      "guid": "87b9327f-a22a-4f52-9c7c-a2b80ecef84f",
      "guid_device": "C0680226",
      "HR": 89,
      "RR": 719,
      "rrRMS": 702,
      "date_created": "28-05-2024",
      "time_created": "11:14:57",
      "date_update": "28-05-2024",
      "time_update": "11:14:57",
      "timestamp": 1716869698,
      "date": "28-05-2024",
      "time": "11:14:57",
      "hour": "11",
      "year": "2024",
      "datetime": "28-05-2024 11:14:57",
      "create_at": "2024-05-28T04:14:57.917Z",
      "isChecked": false
    },
    {
      "_id": "66555a4157a4d4a2acbbe9d7",
      "guid": "9ea6e519-3326-4d02-9821-ae35566192d2",
      "guid_device": "C0680226",
      "HR": 89,
      "RR": 719,
      "rrRMS": 702,
      "date_created": "28-05-2024",
      "time_created": "11:14:57",
      "date_update": "28-05-2024",
      "time_update": "11:14:57",
      "timestamp": 1716869698,
      "date": "28-05-2024",
      "time": "11:14:57",
      "hour": "11",
      "year": "2024",
      "datetime": "28-05-2024 11:14:57",
      "create_at": "2024-05-28T04:14:57.936Z",
      "isChecked": false
    },
    {
      "_id": "66555a4357a4d4a2acbbe9db",
      "guid": "74b5013f-1b4e-4793-ab57-2ae8e80481c8",
      "guid_device": "C0680226",
      "HR": 88,
      "RR": 683,
      "rrRMS": 667,
      "date_created": "28-05-2024",
      "time_created": "11:14:59",
      "date_update": "28-05-2024",
      "time_update": "11:14:59",
      "timestamp": 1716869700,
      "date": "28-05-2024",
      "time": "11:14:59",
      "hour": "11",
      "year": "2024",
      "datetime": "28-05-2024 11:14:59",
      "create_at": "2024-05-28T04:14:59.868Z",
      "isChecked": false
    },
    {
      "_id": "66555a4357a4d4a2acbbe9dd",
      "guid": "b23941de-62cc-4fde-ac68-87b8074cc960",
      "guid_device": "C0680226",
      "HR": 88,
      "RR": 683,
      "rrRMS": 667,
      "date_created": "28-05-2024",
      "time_created": "11:14:59",
      "date_update": "28-05-2024",
      "time_update": "11:14:59",
      "timestamp": 1716869700,
      "date": "28-05-2024",
      "time": "11:14:59",
      "hour": "11",
      "year": "2024",
      "datetime": "28-05-2024 11:14:59",
      "create_at": "2024-05-28T04:14:59.881Z",
      "isChecked": false
    },
    {
      "_id": "66555a4657a4d4a2acbbe9e1",
      "guid": "31c35437-5cb9-4947-b87e-d08a09d7487a",
      "guid_device": "C0680226",
      "HR": 89,
      "RR": 655,
      "rrRMS": 640,
      "date_created": "28-05-2024",
      "time_created": "11:15:02",
      "date_update": "28-05-2024",
      "time_update": "11:15:02",
      "timestamp": 1716869702,
      "date": "28-05-2024",
      "time": "11:15:02",
      "hour": "11",
      "year": "2024",
      "datetime": "28-05-2024 11:15:02",
      "create_at": "2024-05-28T04:15:02.415Z",
      "isChecked": false
    },
    {
      "_id": "66555a4657a4d4a2acbbe9e3",
      "guid": "8e995efa-c8b4-4db7-9974-a3b38b3611e2",
      "guid_device": "C0680226",
      "HR": 89,
      "RR": 655,
      "rrRMS": 640,
      "date_created": "28-05-2024",
      "time_created": "11:15:02",
      "date_update": "28-05-2024",
      "time_update": "11:15:02",
      "timestamp": 1716869702,
      "date": "28-05-2024",
      "time": "11:15:02",
      "hour": "11",
      "year": "2024",
      "datetime": "28-05-2024 11:15:02",
      "create_at": "2024-05-28T04:15:02.418Z",
      "isChecked": false
    },
    {
      "_id": "66555a4757a4d4a2acbbe9e7",
      "guid": "2167e538-b602-4a82-8535-e16418035370",
      "guid_device": "C0680226",
      "HR": 91,
      "RR": 687,
      "rrRMS": 671,
      "date_created": "28-05-2024",
      "time_created": "11:15:03",
      "date_update": "28-05-2024",
      "time_update": "11:15:03",
      "timestamp": 1716869704,
      "date": "28-05-2024",
      "time": "11:15:03",
      "hour": "11",
      "year": "2024",
      "datetime": "28-05-2024 11:15:03",
      "create_at": "2024-05-28T04:15:03.707Z",
      "isChecked": false
    },
    {
      "_id": "66555a4757a4d4a2acbbe9e9",
      "guid": "78224e17-ef46-4cad-8783-c7124182fd37",
      "guid_device": "C0680226",
      "HR": 91,
      "RR": 687,
      "rrRMS": 671,
      "date_created": "28-05-2024",
      "time_created": "11:15:03",
      "date_update": "28-05-2024",
      "time_update": "11:15:03",
      "timestamp": 1716869704,
      "date": "28-05-2024",
      "time": "11:15:03",
      "hour": "11",
      "year": "2024",
      "datetime": "28-05-2024 11:15:03",
      "create_at": "2024-05-28T04:15:03.711Z",
      "isChecked": false
    },
    {
      "_id": "66555a4a57a4d4a2acbbe9ef",
      "guid": "fa90d94a-58ed-4d96-a004-5a8616444a57",
      "guid_device": "C0680226",
      "HR": 92,
      "RR": 613,
      "rrRMS": 599,
      "date_created": "28-05-2024",
      "time_created": "11:15:06",
      "date_update": "28-05-2024",
      "time_update": "11:15:06",
      "timestamp": 1716869707,
      "date": "28-05-2024",
      "time": "11:15:06",
      "hour": "11",
      "year": "2024",
      "datetime": "28-05-2024 11:15:06",
      "create_at": "2024-05-28T04:15:06.578Z",
      "isChecked": false
    },
    {
      "_id": "66555a4a57a4d4a2acbbe9f1",
      "guid": "9ae98580-5bbd-4692-858b-500dec0a8397",
      "guid_device": "C0680226",
      "HR": 92,
      "RR": 613,
      "rrRMS": 599,
      "date_created": "28-05-2024",
      "time_created": "11:15:06",
      "date_update": "28-05-2024",
      "time_update": "11:15:06",
      "timestamp": 1716869707,
      "date": "28-05-2024",
      "time": "11:15:06",
      "hour": "11",
      "year": "2024",
      "datetime": "28-05-2024 11:15:06",
      "create_at": "2024-05-28T04:15:06.580Z",
      "isChecked": false
    },
    {
      "_id": "66555a4e57a4d4a2acbbe9f9",
      "guid": "81258e0d-b856-4325-b900-fa3341d285ec",
      "guid_device": "C0680226",
      "HR": 99,
      "RR": 594,
      "rrRMS": 580,
      "date_created": "28-05-2024",
      "time_created": "11:15:10",
      "date_update": "28-05-2024",
      "time_update": "11:15:10",
      "timestamp": 1716869711,
      "date": "28-05-2024",
      "time": "11:15:10",
      "hour": "11",
      "year": "2024",
      "datetime": "28-05-2024 11:15:10",
      "create_at": "2024-05-28T04:15:10.893Z",
      "isChecked": false
    },
    {
      "_id": "66555a4e57a4d4a2acbbe9fb",
      "guid": "4091aaeb-e4da-4b32-8fcd-c0fe5c006db8",
      "guid_device": "C0680226",
      "HR": 99,
      "RR": 594,
      "rrRMS": 580,
      "date_created": "28-05-2024",
      "time_created": "11:15:10",
      "date_update": "28-05-2024",
      "time_update": "11:15:10",
      "timestamp": 1716869711,
      "date": "28-05-2024",
      "time": "11:15:10",
      "hour": "11",
      "year": "2024",
      "datetime": "28-05-2024 11:15:10",
      "create_at": "2024-05-28T04:15:10.909Z",
      "isChecked": false
    },
    {
      "_id": "66555a5257a4d4a2acbbea01",
      "guid": "f97cc266-13e2-4fb7-a5b3-a4501ed5b44e",
      "guid_device": "C0680226",
      "HR": 101,
      "RR": 616,
      "rrRMS": 602,
      "date_created": "28-05-2024",
      "time_created": "11:15:14",
      "date_update": "28-05-2024",
      "time_update": "11:15:14",
      "timestamp": 1716869715,
      "date": "28-05-2024",
      "time": "11:15:14",
      "hour": "11",
      "year": "2024",
      "datetime": "28-05-2024 11:15:14",
      "create_at": "2024-05-28T04:15:14.746Z",
      "isChecked": false
    },
    {
      "_id": "66555a5257a4d4a2acbbea04",
      "guid": "606da2b6-3172-45d0-ada6-7291fb5667e3",
      "guid_device": "C0680226",
      "HR": 101,
      "RR": 616,
      "rrRMS": 602,
      "date_created": "28-05-2024",
      "time_created": "11:15:14",
      "date_update": "28-05-2024",
      "time_update": "11:15:14",
      "timestamp": 1716869715,
      "date": "28-05-2024",
      "time": "11:15:14",
      "hour": "11",
      "year": "2024",
      "datetime": "28-05-2024 11:15:14",
      "create_at": "2024-05-28T04:15:14.768Z",
      "isChecked": false
    },
    {
      "_id": "66555a5857a4d4a2acbbea09",
      "guid": "898bce16-b330-4fd5-bfaa-91326739463d",
      "guid_device": "C0680226",
      "HR": 100,
      "RR": 594,
      "rrRMS": 580,
      "date_created": "28-05-2024",
      "time_created": "11:15:20",
      "date_update": "28-05-2024",
      "time_update": "11:15:20",
      "timestamp": 1716869721,
      "date": "28-05-2024",
      "time": "11:15:20",
      "hour": "11",
      "year": "2024",
      "datetime": "28-05-2024 11:15:20",
      "create_at": "2024-05-28T04:15:20.968Z",
      "isChecked": false
    },
    {
      "_id": "66555a5957a4d4a2acbbea0c",
      "guid": "01a6ceec-6dda-4b67-a0a3-c6c553383e82",
      "guid_device": "C0680226",
      "HR": 100,
      "RR": 594,
      "rrRMS": 580,
      "date_created": "28-05-2024",
      "time_created": "11:15:20",
      "date_update": "28-05-2024",
      "time_update": "11:15:20",
      "timestamp": 1716869721,
      "date": "28-05-2024",
      "time": "11:15:20",
      "hour": "11",
      "year": "2024",
      "datetime": "28-05-2024 11:15:20",
      "create_at": "2024-05-28T04:15:21.000Z",
      "isChecked": false
    },
    {
      "_id": "66555a5a57a4d4a2acbbea0f",
      "guid": "7a0259a5-37c5-4cef-a19e-c8d455c50dea",
      "guid_device": "C0680226",
      "HR": 101,
      "RR": 619,
      "rrRMS": 604,
      "date_created": "28-05-2024",
      "time_created": "11:15:22",
      "date_update": "28-05-2024",
      "time_update": "11:15:22",
      "timestamp": 1716869723,
      "date": "28-05-2024",
      "time": "11:15:22",
      "hour": "11",
      "year": "2024",
      "datetime": "28-05-2024 11:15:22",
      "create_at": "2024-05-28T04:15:22.572Z",
      "isChecked": false
    },
    {
      "_id": "66555a5a57a4d4a2acbbea13",
      "guid": "5d6a2599-84ed-4fc0-82d3-bb93e6ea2970",
      "guid_device": "C0680226",
      "HR": 101,
      "RR": 619,
      "rrRMS": 604,
      "date_created": "28-05-2024",
      "time_created": "11:15:22",
      "date_update": "28-05-2024",
      "time_update": "11:15:22",
      "timestamp": 1716869723,
      "date": "28-05-2024",
      "time": "11:15:22",
      "hour": "11",
      "year": "2024",
      "datetime": "28-05-2024 11:15:22",
      "create_at": "2024-05-28T04:15:22.611Z",
      "isChecked": false
    },
    {
      "_id": "66555a5c57a4d4a2acbbea16",
      "guid": "ac9d44e1-09f0-4ee1-8def-9c143109af0d",
      "guid_device": "C0680226",
      "HR": 99,
      "RR": 661,
      "rrRMS": 646,
      "date_created": "28-05-2024",
      "time_created": "11:15:24",
      "date_update": "28-05-2024",
      "time_update": "11:15:24",
      "timestamp": 1716869724,
      "date": "28-05-2024",
      "time": "11:15:24",
      "hour": "11",
      "year": "2024",
      "datetime": "28-05-2024 11:15:24",
      "create_at": "2024-05-28T04:15:24.387Z",
      "isChecked": false
    },
    {
      "_id": "66555a5c57a4d4a2acbbea1a",
      "guid": "5ca79541-0460-46c6-ae6d-f346b88dd83f",
      "guid_device": "C0680226",
      "HR": 99,
      "RR": 661,
      "rrRMS": 646,
      "date_created": "28-05-2024",
      "time_created": "11:15:24",
      "date_update": "28-05-2024",
      "time_update": "11:15:24",
      "timestamp": 1716869724,
      "date": "28-05-2024",
      "time": "11:15:24",
      "hour": "11",
      "year": "2024",
      "datetime": "28-05-2024 11:15:24",
      "create_at": "2024-05-28T04:15:24.446Z",
      "isChecked": false
    },
    {
      "_id": "66555a5d57a4d4a2acbbea1f",
      "guid": "496aef35-936a-452c-8a95-9377de2f0b52",
      "guid_device": "C0680226",
      "HR": 96,
      "RR": 615,
      "rrRMS": 601,
      "date_created": "28-05-2024",
      "time_created": "11:15:25",
      "date_update": "28-05-2024",
      "time_update": "11:15:25",
      "timestamp": 1716869726,
      "date": "28-05-2024",
      "time": "11:15:25",
      "hour": "11",
      "year": "2024",
      "datetime": "28-05-2024 11:15:25",
      "create_at": "2024-05-28T04:15:25.805Z",
      "isChecked": false
    },
    {
      "_id": "66555a5d57a4d4a2acbbea21",
      "guid": "2ec9aed1-ddf8-4c44-ba14-5e988c1ab8c2",
      "guid_device": "C0680226",
      "HR": 96,
      "RR": 615,
      "rrRMS": 601,
      "date_created": "28-05-2024",
      "time_created": "11:15:25",
      "date_update": "28-05-2024",
      "time_update": "11:15:25",
      "timestamp": 1716869726,
      "date": "28-05-2024",
      "time": "11:15:25",
      "hour": "11",
      "year": "2024",
      "datetime": "28-05-2024 11:15:25",
      "create_at": "2024-05-28T04:15:25.813Z",
      "isChecked": false
    },
    {
      "_id": "66555b2057a4d4a2acbbea28",
      "guid": "79139f86-e453-4bdf-be7b-4414e492d5ca",
      "guid_device": "C0680226",
      "HR": 95,
      "RR": 676,
      "rrRMS": 660,
      "date_created": "28-05-2024",
      "time_created": "11:18:40",
      "date_update": "28-05-2024",
      "time_update": "11:18:40",
      "timestamp": 1716869921,
      "date": "28-05-2024",
      "time": "11:18:40",
      "hour": "11",
      "year": "2024",
      "datetime": "28-05-2024 11:18:40",
      "create_at": "2024-05-28T04:18:40.672Z",
      "isChecked": false
    },
    {
      "_id": "66555b2457a4d4a2acbbea2c",
      "guid": "24cbc617-9194-4ad7-a6ee-538143ab4fec",
      "guid_device": "C0680226",
      "HR": 92,
      "RR": 649,
      "rrRMS": 634,
      "date_created": "28-05-2024",
      "time_created": "11:18:44",
      "date_update": "28-05-2024",
      "time_update": "11:18:44",
      "timestamp": 1716869925,
      "date": "28-05-2024",
      "time": "11:18:44",
      "hour": "11",
      "year": "2024",
      "datetime": "28-05-2024 11:18:44",
      "create_at": "2024-05-28T04:18:44.990Z",
      "isChecked": false
    },
    {
      "_id": "66555b2657a4d4a2acbbea30",
      "guid": "6782fba6-923b-4d2e-b165-05676847e6a8",
      "guid_device": "C0680226",
      "HR": 95,
      "RR": 610,
      "rrRMS": 596,
      "date_created": "28-05-2024",
      "time_created": "11:18:46",
      "date_update": "28-05-2024",
      "time_update": "11:18:46",
      "timestamp": 1716869927,
      "date": "28-05-2024",
      "time": "11:18:46",
      "hour": "11",
      "year": "2024",
      "datetime": "28-05-2024 11:18:46",
      "create_at": "2024-05-28T04:18:46.896Z",
      "isChecked": false
    },
    {
      "_id": "66555b2957a4d4a2acbbea34",
      "guid": "390bc58b-c26a-436f-9de8-ac09986d8d43",
      "guid_device": "C0680226",
      "HR": 100,
      "RR": 601,
      "rrRMS": 587,
      "date_created": "28-05-2024",
      "time_created": "11:18:49",
      "date_update": "28-05-2024",
      "time_update": "11:18:49",
      "timestamp": 1716869930,
      "date": "28-05-2024",
      "time": "11:18:49",
      "hour": "11",
      "year": "2024",
      "datetime": "28-05-2024 11:18:49",
      "create_at": "2024-05-28T04:18:49.781Z",
      "isChecked": false
    },
    {
      "_id": "66555b2d57a4d4a2acbbea38",
      "guid": "d9af8246-59c1-4a16-b372-4432bbe0c681",
      "guid_device": "C0680226",
      "HR": 100,
      "RR": 645,
      "rrRMS": 630,
      "date_created": "28-05-2024",
      "time_created": "11:18:53",
      "date_update": "28-05-2024",
      "time_update": "11:18:53",
      "timestamp": 1716869933,
      "date": "28-05-2024",
      "time": "11:18:53",
      "hour": "11",
      "year": "2024",
      "datetime": "28-05-2024 11:18:53",
      "create_at": "2024-05-28T04:18:53.173Z",
      "isChecked": false
    },
    {
      "_id": "66555b2f57a4d4a2acbbea3b",
      "guid": "16a380f1-1596-414c-8fe6-91c75a5dd270",
      "guid_device": "C0680226",
      "HR": 98,
      "RR": 659,
      "rrRMS": 644,
      "date_created": "28-05-2024",
      "time_created": "11:18:55",
      "date_update": "28-05-2024",
      "time_update": "11:18:55",
      "timestamp": 1716869936,
      "date": "28-05-2024",
      "time": "11:18:55",
      "hour": "11",
      "year": "2024",
      "datetime": "28-05-2024 11:18:55",
      "create_at": "2024-05-28T04:18:55.616Z",
      "isChecked": false
    },
    {
      "_id": "66555b3057a4d4a2acbbea3e",
      "guid": "ff353178-ae45-4a02-ba7c-a7fe55a91d9a",
      "guid_device": "C0680226",
      "HR": 96,
      "RR": 668,
      "rrRMS": 652,
      "date_created": "28-05-2024",
      "time_created": "11:18:56",
      "date_update": "28-05-2024",
      "time_update": "11:18:56",
      "timestamp": 1716869937,
      "date": "28-05-2024",
      "time": "11:18:56",
      "hour": "11",
      "year": "2024",
      "datetime": "28-05-2024 11:18:56",
      "create_at": "2024-05-28T04:18:56.975Z",
      "isChecked": false
    },
    {
      "_id": "66555b3457a4d4a2acbbea43",
      "guid": "f6834f97-1bef-4692-8523-12e94982af41",
      "guid_device": "C0680226",
      "HR": 98,
      "RR": 608,
      "rrRMS": 594,
      "date_created": "28-05-2024",
      "time_created": "11:19:00",
      "date_update": "28-05-2024",
      "time_update": "11:19:00",
      "timestamp": 1716869941,
      "date": "28-05-2024",
      "time": "11:19:00",
      "hour": "11",
      "year": "2024",
      "datetime": "28-05-2024 11:19:00",
      "create_at": "2024-05-28T04:19:00.830Z",
      "isChecked": false
    },
    {
      "_id": "66555b3757a4d4a2acbbea46",
      "guid": "01bbd514-5bf9-42fe-a42d-eaf87d8df17c",
      "guid_device": "C0680226",
      "HR": 99,
      "RR": 636,
      "rrRMS": 621,
      "date_created": "28-05-2024",
      "time_created": "11:19:03",
      "date_update": "28-05-2024",
      "time_update": "11:19:03",
      "timestamp": 1716869944,
      "date": "28-05-2024",
      "time": "11:19:03",
      "hour": "11",
      "year": "2024",
      "datetime": "28-05-2024 11:19:03",
      "create_at": "2024-05-28T04:19:03.704Z",
      "isChecked": false
    },
    {
      "_id": "66555b3a57a4d4a2acbbea4a",
      "guid": "a92456e0-0113-4bb2-9f40-d080e52e0b6a",
      "guid_device": "C0680226",
      "HR": 97,
      "RR": 630,
      "rrRMS": 615,
      "date_created": "28-05-2024",
      "time_created": "11:19:06",
      "date_update": "28-05-2024",
      "time_update": "11:19:06",
      "timestamp": 1716869946,
      "date": "28-05-2024",
      "time": "11:19:06",
      "hour": "11",
      "year": "2024",
      "datetime": "28-05-2024 11:19:06",
      "create_at": "2024-05-28T04:19:06.109Z",
      "isChecked": false
    },
    {
      "_id": "66555b3d57a4d4a2acbbea4f",
      "guid": "ac28d817-104d-4490-84d7-3877d557073b",
      "guid_device": "C0680226",
      "HR": 102,
      "RR": 579,
      "rrRMS": 565,
      "date_created": "28-05-2024",
      "time_created": "11:19:09",
      "date_update": "28-05-2024",
      "time_update": "11:19:09",
      "timestamp": 1716869950,
      "date": "28-05-2024",
      "time": "11:19:09",
      "hour": "11",
      "year": "2024",
      "datetime": "28-05-2024 11:19:09",
      "create_at": "2024-05-28T04:19:09.965Z",
      "isChecked": false
    },
    {
      "_id": "66555b3f57a4d4a2acbbea52",
      "guid": "611f87ae-9154-46a4-8e0d-f2fae31c46f4",
      "guid_device": "C0680226",
      "HR": 103,
      "RR": 632,
      "rrRMS": 617,
      "date_created": "28-05-2024",
      "time_created": "11:19:11",
      "date_update": "28-05-2024",
      "time_update": "11:19:11",
      "timestamp": 1716869952,
      "date": "28-05-2024",
      "time": "11:19:11",
      "hour": "11",
      "year": "2024",
      "datetime": "28-05-2024 11:19:11",
      "create_at": "2024-05-28T04:19:11.907Z",
      "isChecked": false
    },
    {
      "_id": "66555b4257a4d4a2acbbea56",
      "guid": "e580548d-965d-4b00-9147-93a1035163f7",
      "guid_device": "C0680226",
      "HR": 99,
      "RR": 654,
      "rrRMS": 639,
      "date_created": "28-05-2024",
      "time_created": "11:19:14",
      "date_update": "28-05-2024",
      "time_update": "11:19:14",
      "timestamp": 1716869955,
      "date": "28-05-2024",
      "time": "11:19:14",
      "hour": "11",
      "year": "2024",
      "datetime": "28-05-2024 11:19:14",
      "create_at": "2024-05-28T04:19:14.784Z",
      "isChecked": false
    },
    {
      "_id": "66555b4457a4d4a2acbbea59",
      "guid": "6127e51e-3340-48b1-96a5-1b701d6f186c",
      "guid_device": "C0680226",
      "HR": 97,
      "RR": 624,
      "rrRMS": 609,
      "date_created": "28-05-2024",
      "time_created": "11:19:16",
      "date_update": "28-05-2024",
      "time_update": "11:19:16",
      "timestamp": 1716869957,
      "date": "28-05-2024",
      "time": "11:19:16",
      "hour": "11",
      "year": "2024",
      "datetime": "28-05-2024 11:19:16",
      "create_at": "2024-05-28T04:19:16.661Z",
      "isChecked": false
    },
    {
      "_id": "66555b4757a4d4a2acbbea5d",
      "guid": "44523a1b-36c1-46a5-a690-33c1706bc39f",
      "guid_device": "C0680226",
      "HR": 98,
      "RR": 644,
      "rrRMS": 629,
      "date_created": "28-05-2024",
      "time_created": "11:19:19",
      "date_update": "28-05-2024",
      "time_update": "11:19:19",
      "timestamp": 1716869960,
      "date": "28-05-2024",
      "time": "11:19:19",
      "hour": "11",
      "year": "2024",
      "datetime": "28-05-2024 11:19:19",
      "create_at": "2024-05-28T04:19:19.545Z",
      "isChecked": false
    },
    {
      "_id": "66555b4c57a4d4a2acbbea62",
      "guid": "f950f802-eccf-4ec8-bc40-ecf16d048741",
      "guid_device": "C0680226",
      "HR": 100,
      "RR": 595,
      "rrRMS": 581,
      "date_created": "28-05-2024",
      "time_created": "11:19:24",
      "date_update": "28-05-2024",
      "time_update": "11:19:24",
      "timestamp": 1716869964,
      "date": "28-05-2024",
      "time": "11:19:24",
      "hour": "11",
      "year": "2024",
      "datetime": "28-05-2024 11:19:24",
      "create_at": "2024-05-28T04:19:24.399Z",
      "isChecked": false
    },
    {
      "_id": "66555b4f57a4d4a2acbbea66",
      "guid": "4ca32851-28fe-4981-8d5c-d69fa0ab083a",
      "guid_device": "C0680226",
      "HR": 102,
      "RR": 602,
      "rrRMS": 588,
      "date_created": "28-05-2024",
      "time_created": "11:19:27",
      "date_update": "28-05-2024",
      "time_update": "11:19:27",
      "timestamp": 1716869968,
      "date": "28-05-2024",
      "time": "11:19:27",
      "hour": "11",
      "year": "2024",
      "datetime": "28-05-2024 11:19:27",
      "create_at": "2024-05-28T04:19:27.700Z",
      "isChecked": false
    },
    {
      "_id": "66555b5357a4d4a2acbbea6a",
      "guid": "979c31a0-b9f2-4702-a1c4-d86c85e6b497",
      "guid_device": "C0680226",
      "HR": 101,
      "RR": 609,
      "rrRMS": 595,
      "date_created": "28-05-2024",
      "time_created": "11:19:31",
      "date_update": "28-05-2024",
      "time_update": "11:19:31",
      "timestamp": 1716869971,
      "date": "28-05-2024",
      "time": "11:19:31",
      "hour": "11",
      "year": "2024",
      "datetime": "28-05-2024 11:19:31",
      "create_at": "2024-05-28T04:19:31.070Z",
      "isChecked": false
    },
    {
      "_id": "66555b5457a4d4a2acbbea6e",
      "guid": "0d8812ea-3f55-42bf-b55f-96b55d9b520c",
      "guid_device": "C0680226",
      "HR": 100,
      "RR": 626,
      "rrRMS": 611,
      "date_created": "28-05-2024",
      "time_created": "11:19:32",
      "date_update": "28-05-2024",
      "time_update": "11:19:32",
      "timestamp": 1716869973,
      "date": "28-05-2024",
      "time": "11:19:32",
      "hour": "11",
      "year": "2024",
      "datetime": "28-05-2024 11:19:32",
      "create_at": "2024-05-28T04:19:32.984Z",
      "isChecked": false
    },
    {
      "_id": "66555b5657a4d4a2acbbea71",
      "guid": "a64b46d1-e82c-4a2e-bc3d-fb092276e3e0",
      "guid_device": "C0680226",
      "HR": 99,
      "RR": 651,
      "rrRMS": 636,
      "date_created": "28-05-2024",
      "time_created": "11:19:34",
      "date_update": "28-05-2024",
      "time_update": "11:19:34",
      "timestamp": 1716869975,
      "date": "28-05-2024",
      "time": "11:19:34",
      "hour": "11",
      "year": "2024",
      "datetime": "28-05-2024 11:19:34",
      "create_at": "2024-05-28T04:19:34.898Z",
      "isChecked": false
    },
    {
      "_id": "66555b5957a4d4a2acbbea75",
      "guid": "e6fec86f-05a6-45ad-ad7b-e10f2f87331f",
      "guid_device": "C0680226",
      "HR": 98,
      "RR": 612,
      "rrRMS": 598,
      "date_created": "28-05-2024",
      "time_created": "11:19:37",
      "date_update": "28-05-2024",
      "time_update": "11:19:37",
      "timestamp": 1716869978,
      "date": "28-05-2024",
      "time": "11:19:37",
      "hour": "11",
      "year": "2024",
      "datetime": "28-05-2024 11:19:37",
      "create_at": "2024-05-28T04:19:37.818Z",
      "isChecked": false
    },
    {
      "_id": "66555b5d57a4d4a2acbbea79",
      "guid": "fdf4776f-07a2-4944-ae3a-0576d93f5b3d",
      "guid_device": "C0680226",
      "HR": 98,
      "RR": 606,
      "rrRMS": 592,
      "date_created": "28-05-2024",
      "time_created": "11:19:41",
      "date_update": "28-05-2024",
      "time_update": "11:19:41",
      "timestamp": 1716869981,
      "date": "28-05-2024",
      "time": "11:19:41",
      "hour": "11",
      "year": "2024",
      "datetime": "28-05-2024 11:19:41",
      "create_at": "2024-05-28T04:19:41.150Z",
      "isChecked": false
    },
    {
      "_id": "66555b5e57a4d4a2acbbea7c",
      "guid": "f6f05f89-8755-4b0e-837d-9333838b3710",
      "guid_device": "C0680226",
      "HR": 98,
      "RR": 639,
      "rrRMS": 624,
      "date_created": "28-05-2024",
      "time_created": "11:19:42",
      "date_update": "28-05-2024",
      "time_update": "11:19:42",
      "timestamp": 1716869983,
      "date": "28-05-2024",
      "time": "11:19:42",
      "hour": "11",
      "year": "2024",
      "datetime": "28-05-2024 11:19:42",
      "create_at": "2024-05-28T04:19:42.600Z",
      "isChecked": false
    },
    {
      "_id": "66555b6057a4d4a2acbbea7f",
      "guid": "476d4073-084d-4d3b-a444-8d7f2c8b8ee0",
      "guid_device": "C0680226",
      "HR": 97,
      "RR": 680,
      "rrRMS": 664,
      "date_created": "28-05-2024",
      "time_created": "11:19:44",
      "date_update": "28-05-2024",
      "time_update": "11:19:44",
      "timestamp": 1716869985,
      "date": "28-05-2024",
      "time": "11:19:44",
      "hour": "11",
      "year": "2024",
      "datetime": "28-05-2024 11:19:44",
      "create_at": "2024-05-28T04:19:44.984Z",
      "isChecked": false
    },
    {
      "_id": "66555b6257a4d4a2acbbea82",
      "guid": "a72c57f4-17a8-4c86-8fc1-9e5eeed63083",
      "guid_device": "C0680226",
      "HR": 94,
      "RR": 686,
      "rrRMS": 670,
      "date_created": "28-05-2024",
      "time_created": "11:19:46",
      "date_update": "28-05-2024",
      "time_update": "11:19:46",
      "timestamp": 1716869987,
      "date": "28-05-2024",
      "time": "11:19:46",
      "hour": "11",
      "year": "2024",
      "datetime": "28-05-2024 11:19:46",
      "create_at": "2024-05-28T04:19:46.904Z",
      "isChecked": false
    },
    {
      "_id": "66555b6457a4d4a2acbbea85",
      "guid": "ecbd8645-d3ba-48f7-8a9a-eb3cf458ec1f",
      "guid_device": "C0680226",
      "HR": 92,
      "RR": 666,
      "rrRMS": 650,
      "date_created": "28-05-2024",
      "time_created": "11:19:48",
      "date_update": "28-05-2024",
      "time_update": "11:19:48",
      "timestamp": 1716869989,
      "date": "28-05-2024",
      "time": "11:19:48",
      "hour": "11",
      "year": "2024",
      "datetime": "28-05-2024 11:19:48",
      "create_at": "2024-05-28T04:19:48.906Z",
      "isChecked": false
    },
    {
      "_id": "66555b6657a4d4a2acbbea88",
      "guid": "cf0952f7-1ea1-4c2e-acab-fc4e2ede84f8",
      "guid_device": "C0680226",
      "HR": 92,
      "RR": 694,
      "rrRMS": 678,
      "date_created": "28-05-2024",
      "time_created": "11:19:50",
      "date_update": "28-05-2024",
      "time_update": "11:19:50",
      "timestamp": 1716869991,
      "date": "28-05-2024",
      "time": "11:19:50",
      "hour": "11",
      "year": "2024",
      "datetime": "28-05-2024 11:19:50",
      "create_at": "2024-05-28T04:19:50.756Z",
      "isChecked": false
    },
    {
      "_id": "66555b6957a4d4a2acbbea8b",
      "guid": "ffefda21-81f4-482d-ac60-4c0977db5016",
      "guid_device": "C0680226",
      "HR": 91,
      "RR": 685,
      "rrRMS": 669,
      "date_created": "28-05-2024",
      "time_created": "11:19:53",
      "date_update": "28-05-2024",
      "time_update": "11:19:53",
      "timestamp": 1716869993,
      "date": "28-05-2024",
      "time": "11:19:53",
      "hour": "11",
      "year": "2024",
      "datetime": "28-05-2024 11:19:53",
      "create_at": "2024-05-28T04:19:53.198Z",
      "isChecked": false
    },
    {
      "_id": "66555b6a57a4d4a2acbbea8e",
      "guid": "d91ca552-892f-41cd-b158-11207184e045",
      "guid_device": "C0680226",
      "HR": 90,
      "RR": 673,
      "rrRMS": 657,
      "date_created": "28-05-2024",
      "time_created": "11:19:54",
      "date_update": "28-05-2024",
      "time_update": "11:19:54",
      "timestamp": 1716869995,
      "date": "28-05-2024",
      "time": "11:19:54",
      "hour": "11",
      "year": "2024",
      "datetime": "28-05-2024 11:19:54",
      "create_at": "2024-05-28T04:19:54.656Z",
      "isChecked": false
    },
    {
      "_id": "66555b6d57a4d4a2acbbea91",
      "guid": "58664e62-b923-4aa8-9763-668dbb08f1f3",
      "guid_device": "C0680226",
      "HR": 91,
      "RR": 665,
      "rrRMS": 649,
      "date_created": "28-05-2024",
      "time_created": "11:19:57",
      "date_update": "28-05-2024",
      "time_update": "11:19:57",
      "timestamp": 1716869997,
      "date": "28-05-2024",
      "time": "11:19:57",
      "hour": "11",
      "year": "2024",
      "datetime": "28-05-2024 11:19:57",
      "create_at": "2024-05-28T04:19:57.025Z",
      "isChecked": false
    },
    {
      "_id": "66555b6e57a4d4a2acbbea94",
      "guid": "708064ca-5510-42af-9b98-4020f9253547",
      "guid_device": "C0680226",
      "HR": 90,
      "RR": 679,
      "rrRMS": 663,
      "date_created": "28-05-2024",
      "time_created": "11:19:58",
      "date_update": "28-05-2024",
      "time_update": "11:19:58",
      "timestamp": 1716869999,
      "date": "28-05-2024",
      "time": "11:19:58",
      "hour": "11",
      "year": "2024",
      "datetime": "28-05-2024 11:19:58",
      "create_at": "2024-05-28T04:19:58.902Z",
      "isChecked": false
    },
    {
      "_id": "66555b7057a4d4a2acbbea97",
      "guid": "84a38f2e-0be6-483d-b48b-042ee0df9412",
      "guid_device": "C0680226",
      "HR": 89,
      "RR": 680,
      "rrRMS": 664,
      "date_created": "28-05-2024",
      "time_created": "11:20:00",
      "date_update": "28-05-2024",
      "time_update": "11:20:00",
      "timestamp": 1716870001,
      "date": "28-05-2024",
      "time": "11:20:00",
      "hour": "11",
      "year": "2024",
      "datetime": "28-05-2024 11:20:00",
      "create_at": "2024-05-28T04:20:00.857Z",
      "isChecked": false
    },
    {
      "_id": "66555b7357a4d4a2acbbea9b",
      "guid": "b197849a-63ab-4ffb-8ca2-9701c36c49b3",
      "guid_device": "C0680226",
      "HR": 90,
      "RR": 632,
      "rrRMS": 617,
      "date_created": "28-05-2024",
      "time_created": "11:20:03",
      "date_update": "28-05-2024",
      "time_update": "11:20:03",
      "timestamp": 1716870004,
      "date": "28-05-2024",
      "time": "11:20:03",
      "hour": "11",
      "year": "2024",
      "datetime": "28-05-2024 11:20:03",
      "create_at": "2024-05-28T04:20:03.725Z",
      "isChecked": false
    },
    {
      "_id": "66555b7757a4d4a2acbbea9d",
      "guid": "971b9dcd-a62d-4d0b-aeba-8bd92fc0cb61",
      "guid_device": "C0680226",
      "HR": 93,
      "RR": 636,
      "rrRMS": 621,
      "date_created": "28-05-2024",
      "time_created": "11:20:07",
      "date_update": "28-05-2024",
      "time_update": "11:20:07",
      "timestamp": 1716870008,
      "date": "28-05-2024",
      "time": "11:20:07",
      "hour": "11",
      "year": "2024",
      "datetime": "28-05-2024 11:20:07",
      "create_at": "2024-05-28T04:20:07.533Z",
      "isChecked": false
    },
    {
      "_id": "66555b7757a4d4a2acbbeaa1",
      "guid": "0faad202-d647-4d44-b3c2-46166ad41b63",
      "guid_device": "C0680226",
      "HR": 93,
      "RR": 672,
      "rrRMS": 656,
      "date_created": "28-05-2024",
      "time_created": "11:20:07",
      "date_update": "28-05-2024",
      "time_update": "11:20:07",
      "timestamp": 1716870008,
      "date": "28-05-2024",
      "time": "11:20:07",
      "hour": "11",
      "year": "2024",
      "datetime": "28-05-2024 11:20:07",
      "create_at": "2024-05-28T04:20:07.546Z",
      "isChecked": false
    },
    {
      "_id": "66555b7957a4d4a2acbbeaa4",
      "guid": "fcd7c4f8-c1b3-46b7-a08f-036a61ec7c06",
      "guid_device": "C0680226",
      "HR": 92,
      "RR": 694,
      "rrRMS": 678,
      "date_created": "28-05-2024",
      "time_created": "11:20:09",
      "date_update": "28-05-2024",
      "time_update": "11:20:09",
      "timestamp": 1716870010,
      "date": "28-05-2024",
      "time": "11:20:09",
      "hour": "11",
      "year": "2024",
      "datetime": "28-05-2024 11:20:09",
      "create_at": "2024-05-28T04:20:09.951Z",
      "isChecked": false
    },
    {
      "_id": "66555b7c57a4d4a2acbbeaa7",
      "guid": "02b031cd-ec56-44e7-b4b7-d6555e480e90",
      "guid_device": "C0680226",
      "HR": 90,
      "RR": 693,
      "rrRMS": 677,
      "date_created": "28-05-2024",
      "time_created": "11:20:12",
      "date_update": "28-05-2024",
      "time_update": "11:20:12",
      "timestamp": 1716870013,
      "date": "28-05-2024",
      "time": "11:20:12",
      "hour": "11",
      "year": "2024",
      "datetime": "28-05-2024 11:20:12",
      "create_at": "2024-05-28T04:20:12.832Z",
      "isChecked": false
    },
    {
      "_id": "66555b7e57a4d4a2acbbeaa9",
      "guid": "092de1b2-3dbf-4a9d-b469-75c28eaa3dc3",
      "guid_device": "C0680226",
      "HR": 90,
      "RR": 677,
      "rrRMS": 661,
      "date_created": "28-05-2024",
      "time_created": "11:20:14",
      "date_update": "28-05-2024",
      "time_update": "11:20:14",
      "timestamp": 1716870015,
      "date": "28-05-2024",
      "time": "11:20:14",
      "hour": "11",
      "year": "2024",
      "datetime": "28-05-2024 11:20:14",
      "create_at": "2024-05-28T04:20:14.782Z",
      "isChecked": false
    },
    {
      "_id": "66555b7f57a4d4a2acbbeaad",
      "guid": "e06bb6d3-d925-41e5-99cb-6cb8ded97ba1",
      "guid_device": "C0680226",
      "HR": 90,
      "RR": 674,
      "rrRMS": 658,
      "date_created": "28-05-2024",
      "time_created": "11:20:15",
      "date_update": "28-05-2024",
      "time_update": "11:20:15",
      "timestamp": 1716870016,
      "date": "28-05-2024",
      "time": "11:20:15",
      "hour": "11",
      "year": "2024",
      "datetime": "28-05-2024 11:20:15",
      "create_at": "2024-05-28T04:20:15.736Z",
      "isChecked": false
    },
    {
      "_id": "66555b8157a4d4a2acbbeab0",
      "guid": "67aa30ee-d2e4-4172-a795-c20959a94f5b",
      "guid_device": "C0680226",
      "HR": 89,
      "RR": 687,
      "rrRMS": 671,
      "date_created": "28-05-2024",
      "time_created": "11:20:17",
      "date_update": "28-05-2024",
      "time_update": "11:20:17",
      "timestamp": 1716870018,
      "date": "28-05-2024",
      "time": "11:20:17",
      "hour": "11",
      "year": "2024",
      "datetime": "28-05-2024 11:20:17",
      "create_at": "2024-05-28T04:20:17.650Z",
      "isChecked": false
    },
    {
      "_id": "66555b8457a4d4a2acbbeab3",
      "guid": "898c7f77-e04c-421a-9e8c-145c64fac394",
      "guid_device": "C0680226",
      "HR": 90,
      "RR": 660,
      "rrRMS": 645,
      "date_created": "28-05-2024",
      "time_created": "11:20:20",
      "date_update": "28-05-2024",
      "time_update": "11:20:20",
      "timestamp": 1716870020,
      "date": "28-05-2024",
      "time": "11:20:20",
      "hour": "11",
      "year": "2024",
      "datetime": "28-05-2024 11:20:20",
      "create_at": "2024-05-28T04:20:20.026Z",
      "isChecked": false
    },
    {
      "_id": "66555b8657a4d4a2acbbeab5",
      "guid": "e06789c6-68a9-4690-9b0e-8e51d5fdb18c",
      "guid_device": "C0680226",
      "HR": 92,
      "RR": 651,
      "rrRMS": 636,
      "date_created": "28-05-2024",
      "time_created": "11:20:22",
      "date_update": "28-05-2024",
      "time_update": "11:20:22",
      "timestamp": 1716870022,
      "date": "28-05-2024",
      "time": "11:20:22",
      "hour": "11",
      "year": "2024",
      "datetime": "28-05-2024 11:20:22",
      "create_at": "2024-05-28T04:20:22.463Z",
      "isChecked": false
    },
    {
      "_id": "66555b8957a4d4a2acbbeaba",
      "guid": "4e217c52-b680-480d-8623-fa4e09a9dcd7",
      "guid_device": "C0680226",
      "HR": 95,
      "RR": 620,
      "rrRMS": 605,
      "date_created": "28-05-2024",
      "time_created": "11:20:25",
      "date_update": "28-05-2024",
      "time_update": "11:20:25",
      "timestamp": 1716870025,
      "date": "28-05-2024",
      "time": "11:20:25",
      "hour": "11",
      "year": "2024",
      "datetime": "28-05-2024 11:20:25",
      "create_at": "2024-05-28T04:20:25.328Z",
      "isChecked": false
    },
    {
      "_id": "66555b8b57a4d4a2acbbeabe",
      "guid": "71008795-b41f-4925-a1ae-1d3dd84cc122",
      "guid_device": "C0680226",
      "HR": 98,
      "RR": 625,
      "rrRMS": 610,
      "date_created": "28-05-2024",
      "time_created": "11:20:27",
      "date_update": "28-05-2024",
      "time_update": "11:20:27",
      "timestamp": 1716870028,
      "date": "28-05-2024",
      "time": "11:20:27",
      "hour": "11",
      "year": "2024",
      "datetime": "28-05-2024 11:20:27",
      "create_at": "2024-05-28T04:20:27.712Z",
      "isChecked": false
    },
    {
      "_id": "66555b8e57a4d4a2acbbeac2",
      "guid": "11d71983-0843-457b-b54b-3d00ac62e29b",
      "guid_device": "C0680226",
      "HR": 98,
      "RR": 625,
      "rrRMS": 610,
      "date_created": "28-05-2024",
      "time_created": "11:20:30",
      "date_update": "28-05-2024",
      "time_update": "11:20:30",
      "timestamp": 1716870031,
      "date": "28-05-2024",
      "time": "11:20:30",
      "hour": "11",
      "year": "2024",
      "datetime": "28-05-2024 11:20:30",
      "create_at": "2024-05-28T04:20:30.652Z",
      "isChecked": false
    },
    {
      "_id": "66555b9157a4d4a2acbbeac6",
      "guid": "033a271a-2d1b-4b87-a576-ed964933aeeb",
      "guid_device": "C0680226",
      "HR": 98,
      "RR": 612,
      "rrRMS": 598,
      "date_created": "28-05-2024",
      "time_created": "11:20:33",
      "date_update": "28-05-2024",
      "time_update": "11:20:33",
      "timestamp": 1716870034,
      "date": "28-05-2024",
      "time": "11:20:33",
      "hour": "11",
      "year": "2024",
      "datetime": "28-05-2024 11:20:33",
      "create_at": "2024-05-28T04:20:33.944Z",
      "isChecked": false
    },
    {
      "_id": "66555b9457a4d4a2acbbeac9",
      "guid": "55499192-451b-4765-90ab-d217dabbcb20",
      "guid_device": "C0680226",
      "HR": 100,
      "RR": 604,
      "rrRMS": 590,
      "date_created": "28-05-2024",
      "time_created": "11:20:36",
      "date_update": "28-05-2024",
      "time_update": "11:20:36",
      "timestamp": 1716870037,
      "date": "28-05-2024",
      "time": "11:20:36",
      "hour": "11",
      "year": "2024",
      "datetime": "28-05-2024 11:20:36",
      "create_at": "2024-05-28T04:20:36.830Z",
      "isChecked": false
    },
    {
      "_id": "66555b9957a4d4a2acbbeacf",
      "guid": "a4767ab4-b4b3-4b42-a52e-1229cd7329bb",
      "guid_device": "C0680226",
      "HR": 103,
      "RR": 589,
      "rrRMS": 575,
      "date_created": "28-05-2024",
      "time_created": "11:20:41",
      "date_update": "28-05-2024",
      "time_update": "11:20:41",
      "timestamp": 1716870041,
      "date": "28-05-2024",
      "time": "11:20:41",
      "hour": "11",
      "year": "2024",
      "datetime": "28-05-2024 11:20:41",
      "create_at": "2024-05-28T04:20:41.140Z",
      "isChecked": false
    },
    {
      "_id": "66555b9d57a4d4a2acbbead4",
      "guid": "8b2c1050-6149-47de-8f79-91655861970d",
      "guid_device": "C0680226",
      "HR": 107,
      "RR": 562,
      "rrRMS": 549,
      "date_created": "28-05-2024",
      "time_created": "11:20:45",
      "date_update": "28-05-2024",
      "time_update": "11:20:45",
      "timestamp": 1716870046,
      "date": "28-05-2024",
      "time": "11:20:45",
      "hour": "11",
      "year": "2024",
      "datetime": "28-05-2024 11:20:45",
      "create_at": "2024-05-28T04:20:45.946Z",
      "isChecked": false
    },
    {
      "_id": "66555ba057a4d4a2acbbead9",
      "guid": "5fa562c0-21c2-44f8-90f1-1ff177fa8326",
      "guid_device": "C0680226",
      "HR": 106,
      "RR": 597,
      "rrRMS": 583,
      "date_created": "28-05-2024",
      "time_created": "11:20:48",
      "date_update": "28-05-2024",
      "time_update": "11:20:48",
      "timestamp": 1716870049,
      "date": "28-05-2024",
      "time": "11:20:48",
      "hour": "11",
      "year": "2024",
      "datetime": "28-05-2024 11:20:48",
      "create_at": "2024-05-28T04:20:48.823Z",
      "isChecked": false
    },
    {
      "_id": "66555ba257a4d4a2acbbeadc",
      "guid": "4386a8ed-ebf4-496e-8281-c1452b759715",
      "guid_device": "C0680226",
      "HR": 103,
      "RR": 625,
      "rrRMS": 610,
      "date_created": "28-05-2024",
      "time_created": "11:20:50",
      "date_update": "28-05-2024",
      "time_update": "11:20:50",
      "timestamp": 1716870051,
      "date": "28-05-2024",
      "time": "11:20:50",
      "hour": "11",
      "year": "2024",
      "datetime": "28-05-2024 11:20:50",
      "create_at": "2024-05-28T04:20:50.750Z",
      "isChecked": false
    },
    {
      "_id": "66555ba557a4d4a2acbbeae0",
      "guid": "b9f74cc2-52fc-47f3-8834-edbeac55443f",
      "guid_device": "C0680226",
      "HR": 99,
      "RR": 616,
      "rrRMS": 602,
      "date_created": "28-05-2024",
      "time_created": "11:20:53",
      "date_update": "28-05-2024",
      "time_update": "11:20:53",
      "timestamp": 1716870054,
      "date": "28-05-2024",
      "time": "11:20:53",
      "hour": "11",
      "year": "2024",
      "datetime": "28-05-2024 11:20:53",
      "create_at": "2024-05-28T04:20:53.691Z",
      "isChecked": false
    },
    {
      "_id": "66555ba957a4d4a2acbbeae4",
      "guid": "041ece57-fc61-429b-9295-08d55501c56c",
      "guid_device": "C0680226",
      "HR": 99,
      "RR": 625,
      "rrRMS": 610,
      "date_created": "28-05-2024",
      "time_created": "11:20:57",
      "date_update": "28-05-2024",
      "time_update": "11:20:57",
      "timestamp": 1716870057,
      "date": "28-05-2024",
      "time": "11:20:57",
      "hour": "11",
      "year": "2024",
      "datetime": "28-05-2024 11:20:57",
      "create_at": "2024-05-28T04:20:57.451Z",
      "isChecked": false
    },
    {
      "_id": "66555bab57a4d4a2acbbeae8",
      "guid": "dd8d6795-9137-4d86-8030-8eab32eb73d7",
      "guid_device": "C0680226",
      "HR": 100,
      "RR": 623,
      "rrRMS": 608,
      "date_created": "28-05-2024",
      "time_created": "11:20:59",
      "date_update": "28-05-2024",
      "time_update": "11:20:59",
      "timestamp": 1716870060,
      "date": "28-05-2024",
      "time": "11:20:59",
      "hour": "11",
      "year": "2024",
      "datetime": "28-05-2024 11:20:59",
      "create_at": "2024-05-28T04:20:59.882Z",
      "isChecked": false
    },
    {
      "_id": "66555bae57a4d4a2acbbeaec",
      "guid": "2e4d5f89-d27a-461d-b147-5e1ed6d3f1a3",
      "guid_device": "C0680226",
      "HR": 99,
      "RR": 640,
      "rrRMS": 625,
      "date_created": "28-05-2024",
      "time_created": "11:21:02",
      "date_update": "28-05-2024",
      "time_update": "11:21:02",
      "timestamp": 1716870063,
      "date": "28-05-2024",
      "time": "11:21:02",
      "hour": "11",
      "year": "2024",
      "datetime": "28-05-2024 11:21:02",
      "create_at": "2024-05-28T04:21:02.748Z",
      "isChecked": false
    },
    {
      "_id": "66555bb057a4d4a2acbbeaef",
      "guid": "980d1c84-4b85-404a-9999-6391c16d3321",
      "guid_device": "C0680226",
      "HR": 98,
      "RR": 644,
      "rrRMS": 629,
      "date_created": "28-05-2024",
      "time_created": "11:21:04",
      "date_update": "28-05-2024",
      "time_update": "11:21:04",
      "timestamp": 1716870065,
      "date": "28-05-2024",
      "time": "11:21:04",
      "hour": "11",
      "year": "2024",
      "datetime": "28-05-2024 11:21:04",
      "create_at": "2024-05-28T04:21:04.657Z",
      "isChecked": false
    },
    {
      "_id": "66555bb357a4d4a2acbbeaf3",
      "guid": "87492b00-707d-4e52-af78-40658f378f6c",
      "guid_device": "C0680226",
      "HR": 98,
      "RR": 626,
      "rrRMS": 611,
      "date_created": "28-05-2024",
      "time_created": "11:21:07",
      "date_update": "28-05-2024",
      "time_update": "11:21:07",
      "timestamp": 1716870068,
      "date": "28-05-2024",
      "time": "11:21:07",
      "hour": "11",
      "year": "2024",
      "datetime": "28-05-2024 11:21:07",
      "create_at": "2024-05-28T04:21:07.566Z",
      "isChecked": false
    },
    {
      "_id": "66555bb757a4d4a2acbbeaf6",
      "guid": "d3bd3513-20d9-49ac-b0a6-13917160e09f",
      "guid_device": "C0680226",
      "HR": 98,
      "RR": 626,
      "rrRMS": 611,
      "date_created": "28-05-2024",
      "time_created": "11:21:11",
      "date_update": "28-05-2024",
      "time_update": "11:21:11",
      "timestamp": 1716870071,
      "date": "28-05-2024",
      "time": "11:21:11",
      "hour": "11",
      "year": "2024",
      "datetime": "28-05-2024 11:21:11",
      "create_at": "2024-05-28T04:21:11.409Z",
      "isChecked": false
    },
    {
      "_id": "66555bb857a4d4a2acbbeafa",
      "guid": "6653cfb8-6586-492b-8f2e-9784deb2e7ef",
      "guid_device": "C0680226",
      "HR": 95,
      "RR": 629,
      "rrRMS": 614,
      "date_created": "28-05-2024",
      "time_created": "11:21:12",
      "date_update": "28-05-2024",
      "time_update": "11:21:12",
      "timestamp": 1716870073,
      "date": "28-05-2024",
      "time": "11:21:12",
      "hour": "11",
      "year": "2024",
      "datetime": "28-05-2024 11:21:12",
      "create_at": "2024-05-28T04:21:12.836Z",
      "isChecked": false
    },
    {
      "_id": "66555bbb57a4d4a2acbbeafe",
      "guid": "d7c26f19-9c34-454d-97db-dd2aa30a948c",
      "guid_device": "C0680226",
      "HR": 96,
      "RR": 604,
      "rrRMS": 590,
      "date_created": "28-05-2024",
      "time_created": "11:21:15",
      "date_update": "28-05-2024",
      "time_update": "11:21:15",
      "timestamp": 1716870076,
      "date": "28-05-2024",
      "time": "11:21:15",
      "hour": "11",
      "year": "2024",
      "datetime": "28-05-2024 11:21:15",
      "create_at": "2024-05-28T04:21:15.727Z",
      "isChecked": false
    },
    {
      "_id": "66555bc057a4d4a2acbbeb03",
      "guid": "09e23ed7-4d4c-4e08-bf38-59134e6bb13d",
      "guid_device": "C0680226",
      "HR": 103,
      "RR": 593,
      "rrRMS": 579,
      "date_created": "28-05-2024",
      "time_created": "11:21:20",
      "date_update": "28-05-2024",
      "time_update": "11:21:20",
      "timestamp": 1716870081,
      "date": "28-05-2024",
      "time": "11:21:20",
      "hour": "11",
      "year": "2024",
      "datetime": "28-05-2024 11:21:20",
      "create_at": "2024-05-28T04:21:20.681Z",
      "isChecked": false
    },
    {
      "_id": "66555bc357a4d4a2acbbeb08",
      "guid": "252b94a5-7822-42b4-bc84-bd26bbc3fa61",
      "guid_device": "C0680226",
      "HR": 104,
      "RR": 587,
      "rrRMS": 573,
      "date_created": "28-05-2024",
      "time_created": "11:21:23",
      "date_update": "28-05-2024",
      "time_update": "11:21:23",
      "timestamp": 1716870084,
      "date": "28-05-2024",
      "time": "11:21:23",
      "hour": "11",
      "year": "2024",
      "datetime": "28-05-2024 11:21:23",
      "create_at": "2024-05-28T04:21:23.886Z",
      "isChecked": false
    },
    {
      "_id": "66555bd257a4d4a2acbbeb18",
      "guid": "e6106947-2957-44de-8191-e9194cfdde8b",
      "guid_device": "C0680226",
      "HR": 119,
      "RR": 532,
      "rrRMS": 520,
      "date_created": "28-05-2024",
      "time_created": "11:21:38",
      "date_update": "28-05-2024",
      "time_update": "11:21:38",
      "timestamp": 1716870099,
      "date": "28-05-2024",
      "time": "11:21:38",
      "hour": "11",
      "year": "2024",
      "datetime": "28-05-2024 11:21:38",
      "create_at": "2024-05-28T04:21:38.777Z",
      "isChecked": false
    },
    {
      "_id": "66555bed57a4d4a2acbbeb33",
      "guid": "b5bbaa22-15ab-49c7-8c5b-7889a29496a2",
      "guid_device": "C0680226",
      "HR": 118,
      "RR": 513,
      "rrRMS": 501,
      "date_created": "28-05-2024",
      "time_created": "11:22:05",
      "date_update": "28-05-2024",
      "time_update": "11:22:05",
      "timestamp": 1716870125,
      "date": "28-05-2024",
      "time": "11:22:05",
      "hour": "11",
      "year": "2024",
      "datetime": "28-05-2024 11:22:05",
      "create_at": "2024-05-28T04:22:05.177Z",
      "isChecked": false
    },
    {
      "_id": "66555bfc57a4d4a2acbbeb42",
      "guid": "7a5f92b0-7dbc-4a50-9684-ba194cf80d1b",
      "guid_device": "C0680226",
      "HR": 118,
      "RR": 547,
      "rrRMS": 534,
      "date_created": "28-05-2024",
      "time_created": "11:22:20",
      "date_update": "28-05-2024",
      "time_update": "11:22:20",
      "timestamp": 1716870141,
      "date": "28-05-2024",
      "time": "11:22:20",
      "hour": "11",
      "year": "2024",
      "datetime": "28-05-2024 11:22:20",
      "create_at": "2024-05-28T04:22:20.551Z",
      "isChecked": false
    },
    {
      "_id": "66555bfe57a4d4a2acbbeb47",
      "guid": "127c0697-7a4e-4835-8a87-45a5a57e30d0",
      "guid_device": "C0680226",
      "HR": 107,
      "RR": 586,
      "rrRMS": 572,
      "date_created": "28-05-2024",
      "time_created": "11:22:22",
      "date_update": "28-05-2024",
      "time_update": "11:22:22",
      "timestamp": 1716870143,
      "date": "28-05-2024",
      "time": "11:22:22",
      "hour": "11",
      "year": "2024",
      "datetime": "28-05-2024 11:22:22",
      "create_at": "2024-05-28T04:22:22.924Z",
      "isChecked": false
    },
    {
      "_id": "66555c0557a4d4a2acbbeb4f",
      "guid": "8b2526c8-9599-4ef7-9589-c8d48dc3bce0",
      "guid_device": "C0680226",
      "HR": 111,
      "RR": 588,
      "rrRMS": 574,
      "date_created": "28-05-2024",
      "time_created": "11:22:29",
      "date_update": "28-05-2024",
      "time_update": "11:22:29",
      "timestamp": 1716870150,
      "date": "28-05-2024",
      "time": "11:22:29",
      "hour": "11",
      "year": "2024",
      "datetime": "28-05-2024 11:22:29",
      "create_at": "2024-05-28T04:22:29.620Z",
      "isChecked": false
    },
    {
      "_id": "66555c0957a4d4a2acbbeb53",
      "guid": "f04a9cae-54b4-4753-8430-5235a9ce8687",
      "guid_device": "C0680226",
      "HR": 106,
      "RR": 582,
      "rrRMS": 568,
      "date_created": "28-05-2024",
      "time_created": "11:22:33",
      "date_update": "28-05-2024",
      "time_update": "11:22:33",
      "timestamp": 1716870153,
      "date": "28-05-2024",
      "time": "11:22:33",
      "hour": "11",
      "year": "2024",
      "datetime": "28-05-2024 11:22:33",
      "create_at": "2024-05-28T04:22:33.155Z",
      "isChecked": false
    },
    {
      "_id": "66555c0f57a4d4a2acbbeb5b",
      "guid": "600ab67a-3cdf-4a0c-9616-c6ddce10babc",
      "guid_device": "C0680226",
      "HR": 112,
      "RR": 562,
      "rrRMS": 549,
      "date_created": "28-05-2024",
      "time_created": "11:22:39",
      "date_update": "28-05-2024",
      "time_update": "11:22:39",
      "timestamp": 1716870160,
      "date": "28-05-2024",
      "time": "11:22:39",
      "hour": "11",
      "year": "2024",
      "datetime": "28-05-2024 11:22:39",
      "create_at": "2024-05-28T04:22:39.734Z",
      "isChecked": false
    },
    {
      "_id": "66555c1257a4d4a2acbbeb5f",
      "guid": "10dd1ee9-8bc4-4953-bfed-339bb9a31979",
      "guid_device": "C0680226",
      "HR": 106,
      "RR": 631,
      "rrRMS": 616,
      "date_created": "28-05-2024",
      "time_created": "11:22:42",
      "date_update": "28-05-2024",
      "time_update": "11:22:42",
      "timestamp": 1716870163,
      "date": "28-05-2024",
      "time": "11:22:42",
      "hour": "11",
      "year": "2024",
      "datetime": "28-05-2024 11:22:42",
      "create_at": "2024-05-28T04:22:42.615Z",
      "isChecked": false
    },
    {
      "_id": "66555c1757a4d4a2acbbeb65",
      "guid": "f835ad9e-dc3f-496a-8310-3cec0b44cd82",
      "guid_device": "C0680226",
      "HR": 106,
      "RR": 537,
      "rrRMS": 524,
      "date_created": "28-05-2024",
      "time_created": "11:22:47",
      "date_update": "28-05-2024",
      "time_update": "11:22:47",
      "timestamp": 1716870168,
      "date": "28-05-2024",
      "time": "11:22:47",
      "hour": "11",
      "year": "2024",
      "datetime": "28-05-2024 11:22:47",
      "create_at": "2024-05-28T04:22:47.895Z",
      "isChecked": false
    },
    {
      "_id": "66555c1b57a4d4a2acbbeb6a",
      "guid": "9b415d97-07c0-4045-8875-d64966a727a9",
      "guid_device": "C0680226",
      "HR": 110,
      "RR": 595,
      "rrRMS": 581,
      "date_created": "28-05-2024",
      "time_created": "11:22:51",
      "date_update": "28-05-2024",
      "time_update": "11:22:51",
      "timestamp": 1716870172,
      "date": "28-05-2024",
      "time": "11:22:51",
      "hour": "11",
      "year": "2024",
      "datetime": "28-05-2024 11:22:51",
      "create_at": "2024-05-28T04:22:51.727Z",
      "isChecked": false
    }
  ]
}