{
  "hrvMetrics": {
    "sdnn": null,
    "rmssd": null,
    "pnn50": null,
    "s1": null,
    "s2": null
  },
  "filteredData": [
    {
      "HR": 89,
      "RR": 675
    }
  ],
  "raw": [
    {
      "_id": "64671a749e2cea24d973d025",
      "guid": "d04e481a-966c-4227-b5b2-a0c729883aa5",
      "guid_device": "C0680226",
      "HR": 89,
      "RR": 675,
      "rrRMS": 659,
      "date_created": "19-05-2023",
      "time_created": "13:43:00",
      "date_update": "19-05-2023",
      "time_update": "13:43:00",
      "timestamp": 1684478581,
      "date": "19-05-2023",
      "time": "13:43:00",
      "hour": "13",
      "year": "2023",
      "datetime": "19-05-2023 01:43:00",
      "create_at": "2023-05-19T06:43:00.943Z",
      "isChecked": false
    },
    {
      "_id": "64671a769e2cea24d973d028",
      "guid": "4693d6af-f318-4076-9134-b41bdf044c0a",
      "guid_device": "C0680226",
      "HR": 90,
      "RR": 669,
      "rrRMS": 653,
      "date_created": "19-05-2023",
      "time_created": "13:43:02",
      "date_update": "19-05-2023",
      "time_update": "13:43:02",
      "timestamp": 1684478583,
      "date": "19-05-2023",
      "time": "13:43:02",
      "hour": "13",
      "year": "2023",
      "datetime": "19-05-2023 01:43:02",
      "create_at": "2023-05-19T06:43:02.828Z",
      "isChecked": false
    },
    {
      "_id": "64671a799e2cea24d973d02c",
      "guid": "3cf2120d-811a-48c3-a8f4-37ac9dd957ae",
      "guid_device": "C0680226",
      "HR": 91,
      "RR": 666,
      "rrRMS": 650,
      "date_created": "19-05-2023",
      "time_created": "13:43:05",
      "date_update": "19-05-2023",
      "time_update": "13:43:05",
      "timestamp": 1684478586,
      "date": "19-05-2023",
      "time": "13:43:05",
      "hour": "13",
      "year": "2023",
      "datetime": "19-05-2023 01:43:05",
      "create_at": "2023-05-19T06:43:05.812Z",
      "isChecked": false
    },
    {
      "_id": "64671a7b9e2cea24d973d02f",
      "guid": "bfc24f8a-555e-431c-bac0-79be4fdfdeeb",
      "guid_device": "C0680226",
      "HR": 91,
      "RR": 671,
      "rrRMS": 655,
      "date_created": "19-05-2023",
      "time_created": "13:43:07",
      "date_update": "19-05-2023",
      "time_update": "13:43:07",
      "timestamp": 1684478588,
      "date": "19-05-2023",
      "time": "13:43:07",
      "hour": "13",
      "year": "2023",
      "datetime": "19-05-2023 01:43:07",
      "create_at": "2023-05-19T06:43:07.713Z",
      "isChecked": false
    },
    {
      "_id": "64671a7d9e2cea24d973d032",
      "guid": "3b1af162-2837-4cbc-8b13-00ebcde096b6",
      "guid_device": "C0680226",
      "HR": 92,
      "RR": 635,
      "rrRMS": 620,
      "date_created": "19-05-2023",
      "time_created": "13:43:09",
      "date_update": "19-05-2023",
      "time_update": "13:43:09",
      "timestamp": 1684478590,
      "date": "19-05-2023",
      "time": "13:43:09",
      "hour": "13",
      "year": "2023",
      "datetime": "19-05-2023 01:43:09",
      "create_at": "2023-05-19T06:43:09.952Z",
      "isChecked": false
    },
    {
      "_id": "64671a809e2cea24d973d036",
      "guid": "d4ffb222-1c3e-4c2b-8c7d-c8b2cbbc1048",
      "guid_device": "C0680226",
      "HR": 95,
      "RR": 636,
      "rrRMS": 621,
      "date_created": "19-05-2023",
      "time_created": "13:43:12",
      "date_update": "19-05-2023",
      "time_update": "13:43:12",
      "timestamp": 1684478593,
      "date": "19-05-2023",
      "time": "13:43:12",
      "hour": "13",
      "year": "2023",
      "datetime": "19-05-2023 01:43:12",
      "create_at": "2023-05-19T06:43:12.973Z",
      "isChecked": false
    },
    {
      "_id": "64671a829e2cea24d973d039",
      "guid": "c700c21e-e91d-48fc-87d3-f000fd096dbd",
      "guid_device": "C0680226",
      "HR": 96,
      "RR": 630,
      "rrRMS": 615,
      "date_created": "19-05-2023",
      "time_created": "13:43:14",
      "date_update": "19-05-2023",
      "time_update": "13:43:14",
      "timestamp": 1684478595,
      "date": "19-05-2023",
      "time": "13:43:14",
      "hour": "13",
      "year": "2023",
      "datetime": "19-05-2023 01:43:14",
      "create_at": "2023-05-19T06:43:14.805Z",
      "isChecked": false
    },
    {
      "_id": "64671a849e2cea24d973d03c",
      "guid": "60f4ff5f-acb9-4148-a77d-3add594de27c",
      "guid_device": "C0680226",
      "HR": 95,
      "RR": 664,
      "rrRMS": 648,
      "date_created": "19-05-2023",
      "time_created": "13:43:16",
      "date_update": "19-05-2023",
      "time_update": "13:43:16",
      "timestamp": 1684478597,
      "date": "19-05-2023",
      "time": "13:43:16",
      "hour": "13",
      "year": "2023",
      "datetime": "19-05-2023 01:43:16",
      "create_at": "2023-05-19T06:43:16.683Z",
      "isChecked": false
    },
    {
      "_id": "64671a879e2cea24d973d040",
      "guid": "a8ef525b-018c-4833-a681-6589e183b5a1",
      "guid_device": "C0680226",
      "HR": 94,
      "RR": 660,
      "rrRMS": 645,
      "date_created": "19-05-2023",
      "time_created": "13:43:19",
      "date_update": "19-05-2023",
      "time_update": "13:43:19",
      "timestamp": 1684478600,
      "date": "19-05-2023",
      "time": "13:43:19",
      "hour": "13",
      "year": "2023",
      "datetime": "19-05-2023 01:43:19",
      "create_at": "2023-05-19T06:43:19.674Z",
      "isChecked": false
    },
    {
      "_id": "64671a899e2cea24d973d043",
      "guid": "b080e7fd-9d31-457a-839e-18fa8a60ace9",
      "guid_device": "C0680226",
      "HR": 93,
      "RR": 651,
      "rrRMS": 636,
      "date_created": "19-05-2023",
      "time_created": "13:43:21",
      "date_update": "19-05-2023",
      "time_update": "13:43:21",
      "timestamp": 1684478602,
      "date": "19-05-2023",
      "time": "13:43:21",
      "hour": "13",
      "year": "2023",
      "datetime": "19-05-2023 01:43:21",
      "create_at": "2023-05-19T06:43:21.929Z",
      "isChecked": false
    },
    {
      "_id": "64671a8b9e2cea24d973d046",
      "guid": "8ce2a8e7-876b-4684-b8ca-7c386d90fd5f",
      "guid_device": "C0680226",
      "HR": 93,
      "RR": 708,
      "rrRMS": 691,
      "date_created": "19-05-2023",
      "time_created": "13:43:23",
      "date_update": "19-05-2023",
      "time_update": "13:43:23",
      "timestamp": 1684478604,
      "date": "19-05-2023",
      "time": "13:43:23",
      "hour": "13",
      "year": "2023",
      "datetime": "19-05-2023 01:43:23",
      "create_at": "2023-05-19T06:43:23.793Z",
      "isChecked": false
    },
    {
      "_id": "64671a8c9e2cea24d973d048",
      "guid": "19f93feb-da72-44fd-bd95-7845e897b85f",
      "guid_device": "C0680226",
      "HR": 92,
      "RR": 707,
      "rrRMS": 690,
      "date_created": "19-05-2023",
      "time_created": "13:43:24",
      "date_update": "19-05-2023",
      "time_update": "13:43:24",
      "timestamp": 1684478605,
      "date": "19-05-2023",
      "time": "13:43:24",
      "hour": "13",
      "year": "2023",
      "datetime": "19-05-2023 01:43:24",
      "create_at": "2023-05-19T06:43:24.935Z",
      "isChecked": false
    },
    {
      "_id": "64671a8e9e2cea24d973d04b",
      "guid": "417b3afd-5301-4441-804a-e70706705e77",
      "guid_device": "C0680226",
      "HR": 90,
      "RR": 714,
      "rrRMS": 697,
      "date_created": "19-05-2023",
      "time_created": "13:43:26",
      "date_update": "19-05-2023",
      "time_update": "13:43:26",
      "timestamp": 1684478607,
      "date": "19-05-2023",
      "time": "13:43:26",
      "hour": "13",
      "year": "2023",
      "datetime": "19-05-2023 01:43:26",
      "create_at": "2023-05-19T06:43:26.800Z",
      "isChecked": false
    },
    {
      "_id": "64671a909e2cea24d973d04e",
      "guid": "3d66f8fc-0fa5-418b-9f00-e80009185d63",
      "guid_device": "C0680226",
      "HR": 89,
      "RR": 680,
      "rrRMS": 664,
      "date_created": "19-05-2023",
      "time_created": "13:43:28",
      "date_update": "19-05-2023",
      "time_update": "13:43:28",
      "timestamp": 1684478609,
      "date": "19-05-2023",
      "time": "13:43:28",
      "hour": "13",
      "year": "2023",
      "datetime": "19-05-2023 01:43:28",
      "create_at": "2023-05-19T06:43:28.690Z",
      "isChecked": false
    },
    {
      "_id": "64671a939e2cea24d973d052",
      "guid": "d79d53f8-61dd-4ef2-a1f7-594a282466bc",
      "guid_device": "C0680226",
      "HR": 91,
      "RR": 684,
      "rrRMS": 668,
      "date_created": "19-05-2023",
      "time_created": "13:43:31",
      "date_update": "19-05-2023",
      "time_update": "13:43:31",
      "timestamp": 1684478612,
      "date": "19-05-2023",
      "time": "13:43:31",
      "hour": "13",
      "year": "2023",
      "datetime": "19-05-2023 01:43:31",
      "create_at": "2023-05-19T06:43:31.677Z",
      "isChecked": false
    },
    {
      "_id": "64671a959e2cea24d973d055",
      "guid": "705a707c-53c2-4770-b64c-a8dafd07132d",
      "guid_device": "C0680226",
      "HR": 90,
      "RR": 685,
      "rrRMS": 669,
      "date_created": "19-05-2023",
      "time_created": "13:43:33",
      "date_update": "19-05-2023",
      "time_update": "13:43:33",
      "timestamp": 1684478614,
      "date": "19-05-2023",
      "time": "13:43:33",
      "hour": "13",
      "year": "2023",
      "datetime": "19-05-2023 01:43:33",
      "create_at": "2023-05-19T06:43:33.933Z",
      "isChecked": false
    },
    {
      "_id": "64671a979e2cea24d973d058",
      "guid": "e382f432-e2e0-440d-a63f-fadcb4937b09",
      "guid_device": "C0680226",
      "HR": 91,
      "RR": 646,
      "rrRMS": 631,
      "date_created": "19-05-2023",
      "time_created": "13:43:35",
      "date_update": "19-05-2023",
      "time_update": "13:43:35",
      "timestamp": 1684478616,
      "date": "19-05-2023",
      "time": "13:43:35",
      "hour": "13",
      "year": "2023",
      "datetime": "19-05-2023 01:43:35",
      "create_at": "2023-05-19T06:43:35.763Z",
      "isChecked": false
    },
    {
      "_id": "64671a999e2cea24d973d05b",
      "guid": "0e3c0da7-831f-4c99-ae7c-56f169724094",
      "guid_device": "C0680226",
      "HR": 93,
      "RR": 633,
      "rrRMS": 618,
      "date_created": "19-05-2023",
      "time_created": "13:43:37",
      "date_update": "19-05-2023",
      "time_update": "13:43:37",
      "timestamp": 1684478618,
      "date": "19-05-2023",
      "time": "13:43:37",
      "hour": "13",
      "year": "2023",
      "datetime": "19-05-2023 01:43:37",
      "create_at": "2023-05-19T06:43:37.666Z",
      "isChecked": false
    },
    {
      "_id": "64671a9c9e2cea24d973d05f",
      "guid": "66011312-8db5-4d6b-b2d2-c3d320128cda",
      "guid_device": "C0680226",
      "HR": 94,
      "RR": 664,
      "rrRMS": 648,
      "date_created": "19-05-2023",
      "time_created": "13:43:40",
      "date_update": "19-05-2023",
      "time_update": "13:43:40",
      "timestamp": 1684478621,
      "date": "19-05-2023",
      "time": "13:43:40",
      "hour": "13",
      "year": "2023",
      "datetime": "19-05-2023 01:43:40",
      "create_at": "2023-05-19T06:43:40.692Z",
      "isChecked": false
    },
    {
      "_id": "64671a9e9e2cea24d973d062",
      "guid": "bec2cfb5-1910-48ec-b385-0072ffd92498",
      "guid_device": "C0680226",
      "HR": 93,
      "RR": 681,
      "rrRMS": 665,
      "date_created": "19-05-2023",
      "time_created": "13:43:42",
      "date_update": "19-05-2023",
      "time_update": "13:43:42",
      "timestamp": 1684478623,
      "date": "19-05-2023",
      "time": "13:43:42",
      "hour": "13",
      "year": "2023",
      "datetime": "19-05-2023 01:43:42",
      "create_at": "2023-05-19T06:43:42.927Z",
      "isChecked": false
    },
    {
      "_id": "64671aa09e2cea24d973d064",
      "guid": "b33d4474-a79f-478e-b6bc-41a2ea012bcb",
      "guid_device": "C0680226",
      "HR": 93,
      "RR": 682,
      "rrRMS": 666,
      "date_created": "19-05-2023",
      "time_created": "13:43:44",
      "date_update": "19-05-2023",
      "time_update": "13:43:44",
      "timestamp": 1684478624,
      "date": "19-05-2023",
      "time": "13:43:44",
      "hour": "13",
      "year": "2023",
      "datetime": "19-05-2023 01:43:44",
      "create_at": "2023-05-19T06:43:44.439Z",
      "isChecked": false
    },
    {
      "_id": "64671aa29e2cea24d973d067",
      "guid": "8c27210c-9e94-481d-b8d2-a1612431f1e3",
      "guid_device": "C0680226",
      "HR": 91,
      "RR": 719,
      "rrRMS": 702,
      "date_created": "19-05-2023",
      "time_created": "13:43:46",
      "date_update": "19-05-2023",
      "time_update": "13:43:46",
      "timestamp": 1684478626,
      "date": "19-05-2023",
      "time": "13:43:46",
      "hour": "13",
      "year": "2023",
      "datetime": "19-05-2023 01:43:46",
      "create_at": "2023-05-19T06:43:46.029Z",
      "isChecked": false
    },
    {
      "_id": "64671aa39e2cea24d973d06a",
      "guid": "1c2b7b2e-7ea3-4524-95dd-00fd2fe8aa44",
      "guid_device": "C0680226",
      "HR": 89,
      "RR": 720,
      "rrRMS": 703,
      "date_created": "19-05-2023",
      "time_created": "13:43:47",
      "date_update": "19-05-2023",
      "time_update": "13:43:47",
      "timestamp": 1684478628,
      "date": "19-05-2023",
      "time": "13:43:47",
      "hour": "13",
      "year": "2023",
      "datetime": "19-05-2023 01:43:47",
      "create_at": "2023-05-19T06:43:47.821Z",
      "isChecked": false
    },
    {
      "_id": "64671aa59e2cea24d973d06d",
      "guid": "d92cdbe5-1893-4e90-84ed-0c463b935583",
      "guid_device": "C0680226",
      "HR": 88,
      "RR": 718,
      "rrRMS": 701,
      "date_created": "19-05-2023",
      "time_created": "13:43:49",
      "date_update": "19-05-2023",
      "time_update": "13:43:49",
      "timestamp": 1684478630,
      "date": "19-05-2023",
      "time": "13:43:49",
      "hour": "13",
      "year": "2023",
      "datetime": "19-05-2023 01:43:49",
      "create_at": "2023-05-19T06:43:49.751Z",
      "isChecked": false
    },
    {
      "_id": "64671aa69e2cea24d973d06f",
      "guid": "4a24c7a5-a071-423c-b523-eff382c8c9a5",
      "guid_device": "C0680226",
      "HR": 88,
      "RR": 722,
      "rrRMS": 705,
      "date_created": "19-05-2023",
      "time_created": "13:43:50",
      "date_update": "19-05-2023",
      "time_update": "13:43:50",
      "timestamp": 1684478631,
      "date": "19-05-2023",
      "time": "13:43:50",
      "hour": "13",
      "year": "2023",
      "datetime": "19-05-2023 01:43:50",
      "create_at": "2023-05-19T06:43:50.882Z",
      "isChecked": false
    },
    {
      "_id": "64671aa89e2cea24d973d072",
      "guid": "cde252b5-25ed-4cb1-b0f6-900d3bc2e7ab",
      "guid_device": "C0680226",
      "HR": 86,
      "RR": 725,
      "rrRMS": 708,
      "date_created": "19-05-2023",
      "time_created": "13:43:52",
      "date_update": "19-05-2023",
      "time_update": "13:43:52",
      "timestamp": 1684478633,
      "date": "19-05-2023",
      "time": "13:43:52",
      "hour": "13",
      "year": "2023",
      "datetime": "19-05-2023 01:43:52",
      "create_at": "2023-05-19T06:43:52.702Z",
      "isChecked": false
    },
    {
      "_id": "64671aab9e2cea24d973d075",
      "guid": "7d230182-5b68-4931-b1e8-b6747170c2d6",
      "guid_device": "C0680226",
      "HR": 86,
      "RR": 717,
      "rrRMS": 700,
      "date_created": "19-05-2023",
      "time_created": "13:43:55",
      "date_update": "19-05-2023",
      "time_update": "13:43:55",
      "timestamp": 1684478635,
      "date": "19-05-2023",
      "time": "13:43:55",
      "hour": "13",
      "year": "2023",
      "datetime": "19-05-2023 01:43:55",
      "create_at": "2023-05-19T06:43:55.010Z",
      "isChecked": false
    },
    {
      "_id": "64671aac9e2cea24d973d078",
      "guid": "04181971-409f-4a7a-a370-d6d4c5b31afd",
      "guid_device": "C0680226",
      "HR": 86,
      "RR": 701,
      "rrRMS": 685,
      "date_created": "19-05-2023",
      "time_created": "13:43:56",
      "date_update": "19-05-2023",
      "time_update": "13:43:56",
      "timestamp": 1684478637,
      "date": "19-05-2023",
      "time": "13:43:56",
      "hour": "13",
      "year": "2023",
      "datetime": "19-05-2023 01:43:56",
      "create_at": "2023-05-19T06:43:56.879Z",
      "isChecked": false
    },
    {
      "_id": "64671aae9e2cea24d973d07b",
      "guid": "2c8caf5d-f8bc-4186-9a6c-bee27f0d405e",
      "guid_device": "C0680226",
      "HR": 87,
      "RR": 665,
      "rrRMS": 649,
      "date_created": "19-05-2023",
      "time_created": "13:43:58",
      "date_update": "19-05-2023",
      "time_update": "13:43:58",
      "timestamp": 1684478639,
      "date": "19-05-2023",
      "time": "13:43:58",
      "hour": "13",
      "year": "2023",
      "datetime": "19-05-2023 01:43:58",
      "create_at": "2023-05-19T06:43:58.752Z",
      "isChecked": false
    },
    {
      "_id": "64671ab09e2cea24d973d07e",
      "guid": "62651125-5431-41e7-84f2-533dd900d906",
      "guid_device": "C0680226",
      "HR": 89,
      "RR": 659,
      "rrRMS": 644,
      "date_created": "19-05-2023",
      "time_created": "13:44:00",
      "date_update": "19-05-2023",
      "time_update": "13:44:00",
      "timestamp": 1684478641,
      "date": "19-05-2023",
      "time": "13:44:00",
      "hour": "13",
      "year": "2023",
      "datetime": "19-05-2023 01:44:00",
      "create_at": "2023-05-19T06:44:00.991Z",
      "isChecked": false
    },
    {
      "_id": "64671ab29e2cea24d973d081",
      "guid": "c9a25ef4-934b-4ba7-b97b-0c1717b85bb4",
      "guid_device": "C0680226",
      "HR": 91,
      "RR": 666,
      "rrRMS": 650,
      "date_created": "19-05-2023",
      "time_created": "13:44:02",
      "date_update": "19-05-2023",
      "time_update": "13:44:02",
      "timestamp": 1684478643,
      "date": "19-05-2023",
      "time": "13:44:02",
      "hour": "13",
      "year": "2023",
      "datetime": "19-05-2023 01:44:02",
      "create_at": "2023-05-19T06:44:02.848Z",
      "isChecked": false
    },
    {
      "_id": "64671ab59e2cea24d973d085",
      "guid": "35aa48d4-db11-488d-9926-77f3cd2aa546",
      "guid_device": "C0680226",
      "HR": 91,
      "RR": 678,
      "rrRMS": 662,
      "date_created": "19-05-2023",
      "time_created": "13:44:05",
      "date_update": "19-05-2023",
      "time_update": "13:44:05",
      "timestamp": 1684478646,
      "date": "19-05-2023",
      "time": "13:44:05",
      "hour": "13",
      "year": "2023",
      "datetime": "19-05-2023 01:44:05",
      "create_at": "2023-05-19T06:44:05.900Z",
      "isChecked": false
    },
    {
      "_id": "64671ab79e2cea24d973d088",
      "guid": "4d2a1d6e-35db-4480-a1d7-78e4be640154",
      "guid_device": "C0680226",
      "HR": 91,
      "RR": 673,
      "rrRMS": 657,
      "date_created": "19-05-2023",
      "time_created": "13:44:07",
      "date_update": "19-05-2023",
      "time_update": "13:44:07",
      "timestamp": 1684478648,
      "date": "19-05-2023",
      "time": "13:44:07",
      "hour": "13",
      "year": "2023",
      "datetime": "19-05-2023 01:44:07",
      "create_at": "2023-05-19T06:44:07.673Z",
      "isChecked": false
    },
    {
      "_id": "64671aba9e2cea24d973d08b",
      "guid": "74c62f78-28d3-4d4e-9802-a4053e796b43",
      "guid_device": "C0680226",
      "HR": 91,
      "RR": 675,
      "rrRMS": 659,
      "date_created": "19-05-2023",
      "time_created": "13:44:10",
      "date_update": "19-05-2023",
      "time_update": "13:44:10",
      "timestamp": 1684478650,
      "date": "19-05-2023",
      "time": "13:44:10",
      "hour": "13",
      "year": "2023",
      "datetime": "19-05-2023 01:44:10",
      "create_at": "2023-05-19T06:44:10.013Z",
      "isChecked": false
    },
    {
      "_id": "64671abc9e2cea24d973d08e",
      "guid": "4faaf417-abb6-4bb8-aa17-f74e18e27d4c",
      "guid_device": "C0680226",
      "HR": 91,
      "RR": 682,
      "rrRMS": 666,
      "date_created": "19-05-2023",
      "time_created": "13:44:12",
      "date_update": "19-05-2023",
      "time_update": "13:44:12",
      "timestamp": 1684478652,
      "date": "19-05-2023",
      "time": "13:44:12",
      "hour": "13",
      "year": "2023",
      "datetime": "19-05-2023 01:44:12",
      "create_at": "2023-05-19T06:44:12.229Z",
      "isChecked": false
    },
    {
      "_id": "64671abd9e2cea24d973d091",
      "guid": "5e68f9da-5431-4732-8dd0-40553f0c8400",
      "guid_device": "C0680226",
      "HR": 91,
      "RR": 673,
      "rrRMS": 657,
      "date_created": "19-05-2023",
      "time_created": "13:44:13",
      "date_update": "19-05-2023",
      "time_update": "13:44:13",
      "timestamp": 1684478654,
      "date": "19-05-2023",
      "time": "13:44:13",
      "hour": "13",
      "year": "2023",
      "datetime": "19-05-2023 01:44:13",
      "create_at": "2023-05-19T06:44:13.691Z",
      "isChecked": false
    },
    {
      "_id": "64671abf9e2cea24d973d094",
      "guid": "11606c1b-f27e-452d-8260-8493c4d8cde0",
      "guid_device": "C0680226",
      "HR": 91,
      "RR": 666,
      "rrRMS": 650,
      "date_created": "19-05-2023",
      "time_created": "13:44:15",
      "date_update": "19-05-2023",
      "time_update": "13:44:15",
      "timestamp": 1684478656,
      "date": "19-05-2023",
      "time": "13:44:15",
      "hour": "13",
      "year": "2023",
      "datetime": "19-05-2023 01:44:15",
      "create_at": "2023-05-19T06:44:15.990Z",
      "isChecked": false
    },
    {
      "_id": "64671ac19e2cea24d973d097",
      "guid": "7c3de4d8-f4e3-4282-b5eb-bfdcb9e85a2c",
      "guid_device": "C0680226",
      "HR": 91,
      "RR": 668,
      "rrRMS": 652,
      "date_created": "19-05-2023",
      "time_created": "13:44:17",
      "date_update": "19-05-2023",
      "time_update": "13:44:17",
      "timestamp": 1684478658,
      "date": "19-05-2023",
      "time": "13:44:17",
      "hour": "13",
      "year": "2023",
      "datetime": "19-05-2023 01:44:17",
      "create_at": "2023-05-19T06:44:17.824Z",
      "isChecked": false
    },
    {
      "_id": "64671ac39e2cea24d973d09a",
      "guid": "0eabf8b2-636a-4cd7-84da-9b3738a09ae7",
      "guid_device": "C0680226",
      "HR": 91,
      "RR": 677,
      "rrRMS": 661,
      "date_created": "19-05-2023",
      "time_created": "13:44:19",
      "date_update": "19-05-2023",
      "time_update": "13:44:19",
      "timestamp": 1684478660,
      "date": "19-05-2023",
      "time": "13:44:19",
      "hour": "13",
      "year": "2023",
      "datetime": "19-05-2023 01:44:19",
      "create_at": "2023-05-19T06:44:19.751Z",
      "isChecked": false
    },
    {
      "_id": "64671ac69e2cea24d973d09d",
      "guid": "e1f34e10-78f6-45de-8551-ee5635acbde8",
      "guid_device": "C0680226",
      "HR": 91,
      "RR": 665,
      "rrRMS": 649,
      "date_created": "19-05-2023",
      "time_created": "13:44:22",
      "date_update": "19-05-2023",
      "time_update": "13:44:22",
      "timestamp": 1684478662,
      "date": "19-05-2023",
      "time": "13:44:22",
      "hour": "13",
      "year": "2023",
      "datetime": "19-05-2023 01:44:22",
      "create_at": "2023-05-19T06:44:22.013Z",
      "isChecked": false
    },
    {
      "_id": "64671ac79e2cea24d973d0a0",
      "guid": "a3e5f38c-803a-4db1-b8d3-10728dd1a71d",
      "guid_device": "C0680226",
      "HR": 92,
      "RR": 664,
      "rrRMS": 648,
      "date_created": "19-05-2023",
      "time_created": "13:44:23",
      "date_update": "19-05-2023",
      "time_update": "13:44:23",
      "timestamp": 1684478664,
      "date": "19-05-2023",
      "time": "13:44:23",
      "hour": "13",
      "year": "2023",
      "datetime": "19-05-2023 01:44:23",
      "create_at": "2023-05-19T06:44:23.893Z",
      "isChecked": false
    },
    {
      "_id": "64671aca9e2cea24d973d0a4",
      "guid": "84960820-e583-4a6d-9222-01d217396b94",
      "guid_device": "C0680226",
      "HR": 92,
      "RR": 649,
      "rrRMS": 634,
      "date_created": "19-05-2023",
      "time_created": "13:44:26",
      "date_update": "19-05-2023",
      "time_update": "13:44:26",
      "timestamp": 1684478667,
      "date": "19-05-2023",
      "time": "13:44:26",
      "hour": "13",
      "year": "2023",
      "datetime": "19-05-2023 01:44:26",
      "create_at": "2023-05-19T06:44:26.873Z",
      "isChecked": false
    },
    {
      "_id": "64671acc9e2cea24d973d0a7",
      "guid": "3588de3a-db0c-4aa9-8290-40da8d5cdf94",
      "guid_device": "C0680226",
      "HR": 93,
      "RR": 650,
      "rrRMS": 635,
      "date_created": "19-05-2023",
      "time_created": "13:44:28",
      "date_update": "19-05-2023",
      "time_update": "13:44:28",
      "timestamp": 1684478669,
      "date": "19-05-2023",
      "time": "13:44:28",
      "hour": "13",
      "year": "2023",
      "datetime": "19-05-2023 01:44:28",
      "create_at": "2023-05-19T06:44:28.682Z",
      "isChecked": false
    },
    {
      "_id": "64671ace9e2cea24d973d0aa",
      "guid": "5f34f077-0db5-4fcc-8a49-8e63df646a9f",
      "guid_device": "C0680226",
      "HR": 93,
      "RR": 669,
      "rrRMS": 653,
      "date_created": "19-05-2023",
      "time_created": "13:44:30",
      "date_update": "19-05-2023",
      "time_update": "13:44:30",
      "timestamp": 1684478671,
      "date": "19-05-2023",
      "time": "13:44:30",
      "hour": "13",
      "year": "2023",
      "datetime": "19-05-2023 01:44:30",
      "create_at": "2023-05-19T06:44:30.938Z",
      "isChecked": false
    },
    {
      "_id": "64671ad09e2cea24d973d0ad",
      "guid": "d942f7af-4b7f-4786-8674-1fc27204b794",
      "guid_device": "C0680226",
      "HR": 93,
      "RR": 661,
      "rrRMS": 646,
      "date_created": "19-05-2023",
      "time_created": "13:44:32",
      "date_update": "19-05-2023",
      "time_update": "13:44:32",
      "timestamp": 1684478673,
      "date": "19-05-2023",
      "time": "13:44:32",
      "hour": "13",
      "year": "2023",
      "datetime": "19-05-2023 01:44:32",
      "create_at": "2023-05-19T06:44:32.812Z",
      "isChecked": false
    },
    {
      "_id": "64671ad29e2cea24d973d0b0",
      "guid": "12c9a19f-9825-4d6d-bdc1-762c2b2240fc",
      "guid_device": "C0680226",
      "HR": 93,
      "RR": 662,
      "rrRMS": 646,
      "date_created": "19-05-2023",
      "time_created": "13:44:34",
      "date_update": "19-05-2023",
      "time_update": "13:44:34",
      "timestamp": 1684478675,
      "date": "19-05-2023",
      "time": "13:44:34",
      "hour": "13",
      "year": "2023",
      "datetime": "19-05-2023 01:44:34",
      "create_at": "2023-05-19T06:44:34.771Z",
      "isChecked": false
    },
    {
      "_id": "64671ad59e2cea24d973d0b3",
      "guid": "52c0555b-c8ae-42e6-9b8c-bd54899bde69",
      "guid_device": "C0680226",
      "HR": 92,
      "RR": 687,
      "rrRMS": 671,
      "date_created": "19-05-2023",
      "time_created": "13:44:37",
      "date_update": "19-05-2023",
      "time_update": "13:44:37",
      "timestamp": 1684478677,
      "date": "19-05-2023",
      "time": "13:44:37",
      "hour": "13",
      "year": "2023",
      "datetime": "19-05-2023 01:44:37",
      "create_at": "2023-05-19T06:44:37.011Z",
      "isChecked": false
    },
    {
      "_id": "64671ad69e2cea24d973d0b6",
      "guid": "ec0ad7fd-6334-449a-a3ab-58ae9509b068",
      "guid_device": "C0680226",
      "HR": 91,
      "RR": 700,
      "rrRMS": 684,
      "date_created": "19-05-2023",
      "time_created": "13:44:38",
      "date_update": "19-05-2023",
      "time_update": "13:44:38",
      "timestamp": 1684478679,
      "date": "19-05-2023",
      "time": "13:44:38",
      "hour": "13",
      "year": "2023",
      "datetime": "19-05-2023 01:44:38",
      "create_at": "2023-05-19T06:44:38.872Z",
      "isChecked": false
    },
    {
      "_id": "64671ad89e2cea24d973d0b9",
      "guid": "83a000f0-7e30-48ba-a8cd-11b5c6bc6d33",
      "guid_device": "C0680226",
      "HR": 90,
      "RR": 697,
      "rrRMS": 681,
      "date_created": "19-05-2023",
      "time_created": "13:44:40",
      "date_update": "19-05-2023",
      "time_update": "13:44:40",
      "timestamp": 1684478681,
      "date": "19-05-2023",
      "time": "13:44:40",
      "hour": "13",
      "year": "2023",
      "datetime": "19-05-2023 01:44:40",
      "create_at": "2023-05-19T06:44:40.752Z",
      "isChecked": false
    },
    {
      "_id": "64671ada9e2cea24d973d0bc",
      "guid": "7db4fda0-0b4c-409d-b469-ca4e98354222",
      "guid_device": "C0680226",
      "HR": 89,
      "RR": 699,
      "rrRMS": 683,
      "date_created": "19-05-2023",
      "time_created": "13:44:42",
      "date_update": "19-05-2023",
      "time_update": "13:44:42",
      "timestamp": 1684478683,
      "date": "19-05-2023",
      "time": "13:44:42",
      "hour": "13",
      "year": "2023",
      "datetime": "19-05-2023 01:44:42",
      "create_at": "2023-05-19T06:44:42.943Z",
      "isChecked": false
    },
    {
      "_id": "64671adc9e2cea24d973d0bf",
      "guid": "ff9c4cf6-3355-4f60-8d91-799497f6f580",
      "guid_device": "C0680226",
      "HR": 89,
      "RR": 689,
      "rrRMS": 673,
      "date_created": "19-05-2023",
      "time_created": "13:44:44",
      "date_update": "19-05-2023",
      "time_update": "13:44:44",
      "timestamp": 1684478685,
      "date": "19-05-2023",
      "time": "13:44:44",
      "hour": "13",
      "year": "2023",
      "datetime": "19-05-2023 01:44:44",
      "create_at": "2023-05-19T06:44:44.860Z",
      "isChecked": false
    },
    {
      "_id": "64671ade9e2cea24d973d0c2",
      "guid": "086dbeb2-b9c6-4c2d-a2ec-687cd4cc8d91",
      "guid_device": "C0680226",
      "HR": 89,
      "RR": 679,
      "rrRMS": 663,
      "date_created": "19-05-2023",
      "time_created": "13:44:46",
      "date_update": "19-05-2023",
      "time_update": "13:44:46",
      "timestamp": 1684478687,
      "date": "19-05-2023",
      "time": "13:44:46",
      "hour": "13",
      "year": "2023",
      "datetime": "19-05-2023 01:44:46",
      "create_at": "2023-05-19T06:44:46.769Z",
      "isChecked": false
    },
    {
      "_id": "64671ae19e2cea24d973d0c5",
      "guid": "df5a5510-1bed-455d-8be8-a8d585564033",
      "guid_device": "C0680226",
      "HR": 89,
      "RR": 693,
      "rrRMS": 677,
      "date_created": "19-05-2023",
      "time_created": "13:44:49",
      "date_update": "19-05-2023",
      "time_update": "13:44:49",
      "timestamp": 1684478689,
      "date": "19-05-2023",
      "time": "13:44:49",
      "hour": "13",
      "year": "2023",
      "datetime": "19-05-2023 01:44:49",
      "create_at": "2023-05-19T06:44:49.007Z",
      "isChecked": false
    },
    {
      "_id": "64671ae29e2cea24d973d0c8",
      "guid": "fb5c99d6-f8eb-4eb0-ad86-b6cbc86e6cbc",
      "guid_device": "C0680226",
      "HR": 90,
      "RR": 680,
      "rrRMS": 664,
      "date_created": "19-05-2023",
      "time_created": "13:44:50",
      "date_update": "19-05-2023",
      "time_update": "13:44:50",
      "timestamp": 1684478691,
      "date": "19-05-2023",
      "time": "13:44:50",
      "hour": "13",
      "year": "2023",
      "datetime": "19-05-2023 01:44:50",
      "create_at": "2023-05-19T06:44:50.800Z",
      "isChecked": false
    },
    {
      "_id": "64671ae49e2cea24d973d0cb",
      "guid": "a14e8f07-7612-4707-abde-96e750b56d33",
      "guid_device": "C0680226",
      "HR": 90,
      "RR": 669,
      "rrRMS": 653,
      "date_created": "19-05-2023",
      "time_created": "13:44:52",
      "date_update": "19-05-2023",
      "time_update": "13:44:52",
      "timestamp": 1684478693,
      "date": "19-05-2023",
      "time": "13:44:52",
      "hour": "13",
      "year": "2023",
      "datetime": "19-05-2023 01:44:52",
      "create_at": "2023-05-19T06:44:52.681Z",
      "isChecked": false
    },
    {
      "_id": "64671ae79e2cea24d973d0cf",
      "guid": "cd43dd92-1498-42f8-b9e5-0cd2445393c4",
      "guid_device": "C0680226",
      "HR": 92,
      "RR": 637,
      "rrRMS": 622,
      "date_created": "19-05-2023",
      "time_created": "13:44:55",
      "date_update": "19-05-2023",
      "time_update": "13:44:55",
      "timestamp": 1684478696,
      "date": "19-05-2023",
      "time": "13:44:55",
      "hour": "13",
      "year": "2023",
      "datetime": "19-05-2023 01:44:55",
      "create_at": "2023-05-19T06:44:55.751Z",
      "isChecked": false
    },
    {
      "_id": "64671ae99e2cea24d973d0d2",
      "guid": "6f7f4902-d79d-492f-9d41-58259d907fea",
      "guid_device": "C0680226",
      "HR": 94,
      "RR": 621,
      "rrRMS": 606,
      "date_created": "19-05-2023",
      "time_created": "13:44:57",
      "date_update": "19-05-2023",
      "time_update": "13:44:57",
      "timestamp": 1684478698,
      "date": "19-05-2023",
      "time": "13:44:57",
      "hour": "13",
      "year": "2023",
      "datetime": "19-05-2023 01:44:57",
      "create_at": "2023-05-19T06:44:57.988Z",
      "isChecked": false
    },
    {
      "_id": "64671aec9e2cea24d973d0d6",
      "guid": "316548e9-e188-4978-8088-805406b0284f",
      "guid_device": "C0680226",
      "HR": 97,
      "RR": 626,
      "rrRMS": 611,
      "date_created": "19-05-2023",
      "time_created": "13:45:00",
      "date_update": "19-05-2023",
      "time_update": "13:45:00",
      "timestamp": 1684478701,
      "date": "19-05-2023",
      "time": "13:45:00",
      "hour": "13",
      "year": "2023",
      "datetime": "19-05-2023 01:45:00",
      "create_at": "2023-05-19T06:45:00.923Z",
      "isChecked": false
    },
    {
      "_id": "64671aee9e2cea24d973d0d9",
      "guid": "a7fe5fec-99b2-4be9-b66f-950a12446354",
      "guid_device": "C0680226",
      "HR": 97,
      "RR": 647,
      "rrRMS": 632,
      "date_created": "19-05-2023",
      "time_created": "13:45:02",
      "date_update": "19-05-2023",
      "time_update": "13:45:02",
      "timestamp": 1684478703,
      "date": "19-05-2023",
      "time": "13:45:02",
      "hour": "13",
      "year": "2023",
      "datetime": "19-05-2023 01:45:02",
      "create_at": "2023-05-19T06:45:02.801Z",
      "isChecked": false
    },
    {
      "_id": "64671af19e2cea24d973d0dd",
      "guid": "6bb80dfe-592f-4030-9926-f9a7e2fac144",
      "guid_device": "C0680226",
      "HR": 95,
      "RR": 675,
      "rrRMS": 659,
      "date_created": "19-05-2023",
      "time_created": "13:45:05",
      "date_update": "19-05-2023",
      "time_update": "13:45:05",
      "timestamp": 1684478706,
      "date": "19-05-2023",
      "time": "13:45:05",
      "hour": "13",
      "year": "2023",
      "datetime": "19-05-2023 01:45:05",
      "create_at": "2023-05-19T06:45:05.870Z",
      "isChecked": false
    },
    {
      "_id": "64671af39e2cea24d973d0e0",
      "guid": "e8919892-7b69-42a4-acd4-29032d30eabc",
      "guid_device": "C0680226",
      "HR": 93,
      "RR": 669,
      "rrRMS": 653,
      "date_created": "19-05-2023",
      "time_created": "13:45:07",
      "date_update": "19-05-2023",
      "time_update": "13:45:07",
      "timestamp": 1684478708,
      "date": "19-05-2023",
      "time": "13:45:07",
      "hour": "13",
      "year": "2023",
      "datetime": "19-05-2023 01:45:07",
      "create_at": "2023-05-19T06:45:07.693Z",
      "isChecked": false
    },
    {
      "_id": "64671af59e2cea24d973d0e3",
      "guid": "d030cf73-bd67-403c-a722-abc5a18e1d22",
      "guid_device": "C0680226",
      "HR": 93,
      "RR": 656,
      "rrRMS": 641,
      "date_created": "19-05-2023",
      "time_created": "13:45:09",
      "date_update": "19-05-2023",
      "time_update": "13:45:09",
      "timestamp": 1684478710,
      "date": "19-05-2023",
      "time": "13:45:09",
      "hour": "13",
      "year": "2023",
      "datetime": "19-05-2023 01:45:09",
      "create_at": "2023-05-19T06:45:09.993Z",
      "isChecked": false
    },
    {
      "_id": "64671af79e2cea24d973d0e6",
      "guid": "55a80093-70f0-47ed-a161-94d988b6eb15",
      "guid_device": "C0680226",
      "HR": 93,
      "RR": 688,
      "rrRMS": 672,
      "date_created": "19-05-2023",
      "time_created": "13:45:11",
      "date_update": "19-05-2023",
      "time_update": "13:45:11",
      "timestamp": 1684478712,
      "date": "19-05-2023",
      "time": "13:45:11",
      "hour": "13",
      "year": "2023",
      "datetime": "19-05-2023 01:45:11",
      "create_at": "2023-05-19T06:45:11.903Z",
      "isChecked": false
    },
    {
      "_id": "64671af99e2cea24d973d0e9",
      "guid": "ad64bcbb-5c16-40a1-a730-394c2c1192db",
      "guid_device": "C0680226",
      "HR": 92,
      "RR": 681,
      "rrRMS": 665,
      "date_created": "19-05-2023",
      "time_created": "13:45:13",
      "date_update": "19-05-2023",
      "time_update": "13:45:13",
      "timestamp": 1684478714,
      "date": "19-05-2023",
      "time": "13:45:13",
      "hour": "13",
      "year": "2023",
      "datetime": "19-05-2023 01:45:13",
      "create_at": "2023-05-19T06:45:13.732Z",
      "isChecked": false
    },
    {
      "_id": "64671afc9e2cea24d973d0ec",
      "guid": "07ac8b43-3a52-4674-929c-22344d7f10b2",
      "guid_device": "C0680226",
      "HR": 91,
      "RR": 672,
      "rrRMS": 656,
      "date_created": "19-05-2023",
      "time_created": "13:45:16",
      "date_update": "19-05-2023",
      "time_update": "13:45:16",
      "timestamp": 1684478716,
      "date": "19-05-2023",
      "time": "13:45:16",
      "hour": "13",
      "year": "2023",
      "datetime": "19-05-2023 01:45:16",
      "create_at": "2023-05-19T06:45:16.000Z",
      "isChecked": false
    },
    {
      "_id": "64671afd9e2cea24d973d0ef",
      "guid": "2cfcdfb4-a7b3-44e1-9b66-82ba45d9a88b",
      "guid_device": "C0680226",
      "HR": 91,
      "RR": 697,
      "rrRMS": 681,
      "date_created": "19-05-2023",
      "time_created": "13:45:17",
      "date_update": "19-05-2023",
      "time_update": "13:45:17",
      "timestamp": 1684478718,
      "date": "19-05-2023",
      "time": "13:45:17",
      "hour": "13",
      "year": "2023",
      "datetime": "19-05-2023 01:45:17",
      "create_at": "2023-05-19T06:45:17.812Z",
      "isChecked": false
    },
    {
      "_id": "64671aff9e2cea24d973d0f2",
      "guid": "2dc570ba-9b54-4a53-aa14-a1059edf6d31",
      "guid_device": "C0680226",
      "HR": 90,
      "RR": 684,
      "rrRMS": 668,
      "date_created": "19-05-2023",
      "time_created": "13:45:19",
      "date_update": "19-05-2023",
      "time_update": "13:45:19",
      "timestamp": 1684478720,
      "date": "19-05-2023",
      "time": "13:45:19",
      "hour": "13",
      "year": "2023",
      "datetime": "19-05-2023 01:45:19",
      "create_at": "2023-05-19T06:45:19.750Z",
      "isChecked": false
    },
    {
      "_id": "64671b019e2cea24d973d0f5",
      "guid": "66e2c3e9-f26f-4bcc-a7ab-7f5de79a75ca",
      "guid_device": "C0680226",
      "HR": 90,
      "RR": 684,
      "rrRMS": 668,
      "date_created": "19-05-2023",
      "time_created": "13:45:21",
      "date_update": "19-05-2023",
      "time_update": "13:45:21",
      "timestamp": 1684478722,
      "date": "19-05-2023",
      "time": "13:45:21",
      "hour": "13",
      "year": "2023",
      "datetime": "19-05-2023 01:45:21",
      "create_at": "2023-05-19T06:45:21.942Z",
      "isChecked": false
    },
    {
      "_id": "64671b039e2cea24d973d0f8",
      "guid": "4f90289f-9579-490d-bd10-e1ef002aa509",
      "guid_device": "C0680226",
      "HR": 90,
      "RR": 672,
      "rrRMS": 656,
      "date_created": "19-05-2023",
      "time_created": "13:45:23",
      "date_update": "19-05-2023",
      "time_update": "13:45:23",
      "timestamp": 1684478724,
      "date": "19-05-2023",
      "time": "13:45:23",
      "hour": "13",
      "year": "2023",
      "datetime": "19-05-2023 01:45:23",
      "create_at": "2023-05-19T06:45:23.852Z",
      "isChecked": false
    },
    {
      "_id": "64671b069e2cea24d973d0fc",
      "guid": "75fb046f-1fd2-460c-835d-9e85767831ac",
      "guid_device": "C0680226",
      "HR": 92,
      "RR": 622,
      "rrRMS": 607,
      "date_created": "19-05-2023",
      "time_created": "13:45:26",
      "date_update": "19-05-2023",
      "time_update": "13:45:26",
      "timestamp": 1684478727,
      "date": "19-05-2023",
      "time": "13:45:26",
      "hour": "13",
      "year": "2023",
      "datetime": "19-05-2023 01:45:26",
      "create_at": "2023-05-19T06:45:26.870Z",
      "isChecked": false
    },
    {
      "_id": "64671b089e2cea24d973d0ff",
      "guid": "7fd92503-d551-4253-aeda-b0e095cc6ef6",
      "guid_device": "C0680226",
      "HR": 95,
      "RR": 628,
      "rrRMS": 613,
      "date_created": "19-05-2023",
      "time_created": "13:45:28",
      "date_update": "19-05-2023",
      "time_update": "13:45:28",
      "timestamp": 1684478729,
      "date": "19-05-2023",
      "time": "13:45:28",
      "hour": "13",
      "year": "2023",
      "datetime": "19-05-2023 01:45:28",
      "create_at": "2023-05-19T06:45:28.772Z",
      "isChecked": false
    },
    {
      "_id": "64671b0b9e2cea24d973d102",
      "guid": "fd8368cc-268d-4709-9421-b581cc321114",
      "guid_device": "C0680226",
      "HR": 96,
      "RR": 645,
      "rrRMS": 630,
      "date_created": "19-05-2023",
      "time_created": "13:45:31",
      "date_update": "19-05-2023",
      "time_update": "13:45:31",
      "timestamp": 1684478731,
      "date": "19-05-2023",
      "time": "13:45:31",
      "hour": "13",
      "year": "2023",
      "datetime": "19-05-2023 01:45:31",
      "create_at": "2023-05-19T06:45:31.002Z",
      "isChecked": false
    },
    {
      "_id": "64671b0c9e2cea24d973d105",
      "guid": "0f8b41e2-83c3-40be-a463-2fe95b5eca51",
      "guid_device": "C0680226",
      "HR": 95,
      "RR": 686,
      "rrRMS": 670,
      "date_created": "19-05-2023",
      "time_created": "13:45:32",
      "date_update": "19-05-2023",
      "time_update": "13:45:32",
      "timestamp": 1684478733,
      "date": "19-05-2023",
      "time": "13:45:32",
      "hour": "13",
      "year": "2023",
      "datetime": "19-05-2023 01:45:32",
      "create_at": "2023-05-19T06:45:32.810Z",
      "isChecked": false
    },
    {
      "_id": "64671b0e9e2cea24d973d108",
      "guid": "97c7e15a-a4e5-437b-86f8-960735c9a996",
      "guid_device": "C0680226",
      "HR": 92,
      "RR": 706,
      "rrRMS": 689,
      "date_created": "19-05-2023",
      "time_created": "13:45:34",
      "date_update": "19-05-2023",
      "time_update": "13:45:34",
      "timestamp": 1684478735,
      "date": "19-05-2023",
      "time": "13:45:34",
      "hour": "13",
      "year": "2023",
      "datetime": "19-05-2023 01:45:34",
      "create_at": "2023-05-19T06:45:34.772Z",
      "isChecked": false
    },
    {
      "_id": "64671b109e2cea24d973d10b",
      "guid": "8202beb8-6bb2-491d-9320-ea1321cbd851",
      "guid_device": "C0680226",
      "HR": 91,
      "RR": 697,
      "rrRMS": 681,
      "date_created": "19-05-2023",
      "time_created": "13:45:36",
      "date_update": "19-05-2023",
      "time_update": "13:45:36",
      "timestamp": 1684478737,
      "date": "19-05-2023",
      "time": "13:45:36",
      "hour": "13",
      "year": "2023",
      "datetime": "19-05-2023 01:45:36",
      "create_at": "2023-05-19T06:45:36.912Z",
      "isChecked": false
    },
    {
      "_id": "64671b129e2cea24d973d10e",
      "guid": "1d037616-2df6-4304-852b-15629f681ca7",
      "guid_device": "C0680226",
      "HR": 89,
      "RR": 706,
      "rrRMS": 689,
      "date_created": "19-05-2023",
      "time_created": "13:45:38",
      "date_update": "19-05-2023",
      "time_update": "13:45:38",
      "timestamp": 1684478739,
      "date": "19-05-2023",
      "time": "13:45:38",
      "hour": "13",
      "year": "2023",
      "datetime": "19-05-2023 01:45:38",
      "create_at": "2023-05-19T06:45:38.862Z",
      "isChecked": false
    },
    {
      "_id": "64671b149e2cea24d973d110",
      "guid": "b0f8ce23-23ca-4a36-bc7a-17c5363aa4e6",
      "guid_device": "C0680226",
      "HR": 89,
      "RR": 709,
      "rrRMS": 692,
      "date_created": "19-05-2023",
      "time_created": "13:45:40",
      "date_update": "19-05-2023",
      "time_update": "13:45:40",
      "timestamp": 1684478740,
      "date": "19-05-2023",
      "time": "13:45:40",
      "hour": "13",
      "year": "2023",
      "datetime": "19-05-2023 01:45:40",
      "create_at": "2023-05-19T06:45:40.031Z",
      "isChecked": false
    },
    {
      "_id": "64671b159e2cea24d973d113",
      "guid": "0dcaa720-426c-4bcc-9667-7e46aa523819",
      "guid_device": "C0680226",
      "HR": 88,
      "RR": 725,
      "rrRMS": 708,
      "date_created": "19-05-2023",
      "time_created": "13:45:41",
      "date_update": "19-05-2023",
      "time_update": "13:45:41",
      "timestamp": 1684478742,
      "date": "19-05-2023",
      "time": "13:45:41",
      "hour": "13",
      "year": "2023",
      "datetime": "19-05-2023 01:45:41",
      "create_at": "2023-05-19T06:45:41.882Z",
      "isChecked": false
    },
    {
      "_id": "64671b179e2cea24d973d116",
      "guid": "43be77e2-7a27-4ceb-8d41-a41e2c604c2c",
      "guid_device": "C0680226",
      "HR": 87,
      "RR": 712,
      "rrRMS": 695,
      "date_created": "19-05-2023",
      "time_created": "13:45:43",
      "date_update": "19-05-2023",
      "time_update": "13:45:43",
      "timestamp": 1684478744,
      "date": "19-05-2023",
      "time": "13:45:43",
      "hour": "13",
      "year": "2023",
      "datetime": "19-05-2023 01:45:43",
      "create_at": "2023-05-19T06:45:43.678Z",
      "isChecked": false
    },
    {
      "_id": "64671b199e2cea24d973d119",
      "guid": "1211e6e0-a5d9-47e4-bf2a-37b0b59d9d35",
      "guid_device": "C0680226",
      "HR": 87,
      "RR": 715,
      "rrRMS": 698,
      "date_created": "19-05-2023",
      "time_created": "13:45:45",
      "date_update": "19-05-2023",
      "time_update": "13:45:45",
      "timestamp": 1684478746,
      "date": "19-05-2023",
      "time": "13:45:45",
      "hour": "13",
      "year": "2023",
      "datetime": "19-05-2023 01:45:45",
      "create_at": "2023-05-19T06:45:45.999Z",
      "isChecked": false
    },
    {
      "_id": "64671b1a9e2cea24d973d11b",
      "guid": "d3e27091-d46a-4cee-af90-83392fdc64d6",
      "guid_device": "C0680226",
      "HR": 87,
      "RR": 730,
      "rrRMS": 713,
      "date_created": "19-05-2023",
      "time_created": "13:45:46",
      "date_update": "19-05-2023",
      "time_update": "13:45:46",
      "timestamp": 1684478747,
      "date": "19-05-2023",
      "time": "13:45:46",
      "hour": "13",
      "year": "2023",
      "datetime": "19-05-2023 01:45:46",
      "create_at": "2023-05-19T06:45:46.750Z",
      "isChecked": false
    },
    {
      "_id": "64671b1c9e2cea24d973d11e",
      "guid": "f4508d63-a6e5-44e9-9367-e0d59a51a42d",
      "guid_device": "C0680226",
      "HR": 86,
      "RR": 719,
      "rrRMS": 702,
      "date_created": "19-05-2023",
      "time_created": "13:45:48",
      "date_update": "19-05-2023",
      "time_update": "13:45:48",
      "timestamp": 1684478749,
      "date": "19-05-2023",
      "time": "13:45:48",
      "hour": "13",
      "year": "2023",
      "datetime": "19-05-2023 01:45:48",
      "create_at": "2023-05-19T06:45:48.941Z",
      "isChecked": false
    },
    {
      "_id": "64671b1e9e2cea24d973d121",
      "guid": "8f95e2fa-1c7d-4613-b27a-9d1ae03aa947",
      "guid_device": "C0680226",
      "HR": 85,
      "RR": 712,
      "rrRMS": 695,
      "date_created": "19-05-2023",
      "time_created": "13:45:50",
      "date_update": "19-05-2023",
      "time_update": "13:45:50",
      "timestamp": 1684478751,
      "date": "19-05-2023",
      "time": "13:45:50",
      "hour": "13",
      "year": "2023",
      "datetime": "19-05-2023 01:45:50",
      "create_at": "2023-05-19T06:45:50.872Z",
      "isChecked": false
    },
    {
      "_id": "64671b209e2cea24d973d124",
      "guid": "e07351d1-5770-47ff-975b-83a01c715472",
      "guid_device": "C0680226",
      "HR": 86,
      "RR": 687,
      "rrRMS": 671,
      "date_created": "19-05-2023",
      "time_created": "13:45:52",
      "date_update": "19-05-2023",
      "time_update": "13:45:52",
      "timestamp": 1684478753,
      "date": "19-05-2023",
      "time": "13:45:52",
      "hour": "13",
      "year": "2023",
      "datetime": "19-05-2023 01:45:52",
      "create_at": "2023-05-19T06:45:52.771Z",
      "isChecked": false
    },
    {
      "_id": "64671b239e2cea24d973d127",
      "guid": "05edab96-9213-4919-b6f3-4aab8f21a0bc",
      "guid_device": "C0680226",
      "HR": 87,
      "RR": 676,
      "rrRMS": 660,
      "date_created": "19-05-2023",
      "time_created": "13:45:55",
      "date_update": "19-05-2023",
      "time_update": "13:45:55",
      "timestamp": 1684478755,
      "date": "19-05-2023",
      "time": "13:45:55",
      "hour": "13",
      "year": "2023",
      "datetime": "19-05-2023 01:45:55",
      "create_at": "2023-05-19T06:45:55.003Z",
      "isChecked": false
    },
    {
      "_id": "64671b249e2cea24d973d12a",
      "guid": "0b5c889a-ef63-4770-b21a-010578a1b2d9",
      "guid_device": "C0680226",
      "HR": 88,
      "RR": 706,
      "rrRMS": 689,
      "date_created": "19-05-2023",
      "time_created": "13:45:56",
      "date_update": "19-05-2023",
      "time_update": "13:45:56",
      "timestamp": 1684478757,
      "date": "19-05-2023",
      "time": "13:45:56",
      "hour": "13",
      "year": "2023",
      "datetime": "19-05-2023 01:45:56",
      "create_at": "2023-05-19T06:45:56.818Z",
      "isChecked": false
    },
    {
      "_id": "64671b269e2cea24d973d12d",
      "guid": "e6ac974b-0f5e-4a8b-89d6-9b6f09c0fd10",
      "guid_device": "C0680226",
      "HR": 88,
      "RR": 702,
      "rrRMS": 686,
      "date_created": "19-05-2023",
      "time_created": "13:45:58",
      "date_update": "19-05-2023",
      "time_update": "13:45:58",
      "timestamp": 1684478759,
      "date": "19-05-2023",
      "time": "13:45:58",
      "hour": "13",
      "year": "2023",
      "datetime": "19-05-2023 01:45:58",
      "create_at": "2023-05-19T06:45:58.676Z",
      "isChecked": false
    },
    {
      "_id": "64671b299e2cea24d973d130",
      "guid": "2419f9f4-68b4-4a42-86db-f767963099e0",
      "guid_device": "C0680226",
      "HR": 88,
      "RR": 684,
      "rrRMS": 668,
      "date_created": "19-05-2023",
      "time_created": "13:46:01",
      "date_update": "19-05-2023",
      "time_update": "13:46:01",
      "timestamp": 1684478761,
      "date": "19-05-2023",
      "time": "13:46:01",
      "hour": "13",
      "year": "2023",
      "datetime": "19-05-2023 01:46:01",
      "create_at": "2023-05-19T06:46:01.018Z",
      "isChecked": false
    },
    {
      "_id": "64671b2a9e2cea24d973d133",
      "guid": "16209881-0fd9-43c7-8e43-4d4ee6141b3d",
      "guid_device": "C0680226",
      "HR": 88,
      "RR": 686,
      "rrRMS": 670,
      "date_created": "19-05-2023",
      "time_created": "13:46:02",
      "date_update": "19-05-2023",
      "time_update": "13:46:02",
      "timestamp": 1684478763,
      "date": "19-05-2023",
      "time": "13:46:02",
      "hour": "13",
      "year": "2023",
      "datetime": "19-05-2023 01:46:02",
      "create_at": "2023-05-19T06:46:02.800Z",
      "isChecked": false
    },
    {
      "_id": "64671b2c9e2cea24d973d136",
      "guid": "99058d9a-97ce-42cc-8071-bd4b7624d7fa",
      "guid_device": "C0680226",
      "HR": 89,
      "RR": 689,
      "rrRMS": 673,
      "date_created": "19-05-2023",
      "time_created": "13:46:04",
      "date_update": "19-05-2023",
      "time_update": "13:46:04",
      "timestamp": 1684478765,
      "date": "19-05-2023",
      "time": "13:46:04",
      "hour": "13",
      "year": "2023",
      "datetime": "19-05-2023 01:46:04",
      "create_at": "2023-05-19T06:46:04.782Z",
      "isChecked": false
    },
    {
      "_id": "64671b2d9e2cea24d973d138",
      "guid": "7b7d1d87-46b0-483a-9f9e-08d139278ed6",
      "guid_device": "C0680226",
      "HR": 89,
      "RR": 683,
      "rrRMS": 667,
      "date_created": "19-05-2023",
      "time_created": "13:46:05",
      "date_update": "19-05-2023",
      "time_update": "13:46:05",
      "timestamp": 1684478766,
      "date": "19-05-2023",
      "time": "13:46:05",
      "hour": "13",
      "year": "2023",
      "datetime": "19-05-2023 01:46:05",
      "create_at": "2023-05-19T06:46:05.862Z",
      "isChecked": false
    },
    {
      "_id": "64671b2f9e2cea24d973d13b",
      "guid": "ebc5a561-b4ff-4fba-a1c9-1c549002b2f4",
      "guid_device": "C0680226",
      "HR": 89,
      "RR": 708,
      "rrRMS": 691,
      "date_created": "19-05-2023",
      "time_created": "13:46:07",
      "date_update": "19-05-2023",
      "time_update": "13:46:07",
      "timestamp": 1684478768,
      "date": "19-05-2023",
      "time": "13:46:07",
      "hour": "13",
      "year": "2023",
      "datetime": "19-05-2023 01:46:07",
      "create_at": "2023-05-19T06:46:07.762Z",
      "isChecked": false
    },
    {
      "_id": "64671b329e2cea24d973d13e",
      "guid": "72028546-6a5e-4515-89a6-daec36ad88ce",
      "guid_device": "C0680226",
      "HR": 88,
      "RR": 701,
      "rrRMS": 685,
      "date_created": "19-05-2023",
      "time_created": "13:46:10",
      "date_update": "19-05-2023",
      "time_update": "13:46:10",
      "timestamp": 1684478770,
      "date": "19-05-2023",
      "time": "13:46:10",
      "hour": "13",
      "year": "2023",
      "datetime": "19-05-2023 01:46:10",
      "create_at": "2023-05-19T06:46:10.012Z",
      "isChecked": false
    },
    {
      "_id": "64671b339e2cea24d973d141",
      "guid": "162e488e-b238-4829-a996-8d2dd5bb651d",
      "guid_device": "C0680226",
      "HR": 88,
      "RR": 694,
      "rrRMS": 678,
      "date_created": "19-05-2023",
      "time_created": "13:46:11",
      "date_update": "19-05-2023",
      "time_update": "13:46:11",
      "timestamp": 1684478772,
      "date": "19-05-2023",
      "time": "13:46:11",
      "hour": "13",
      "year": "2023",
      "datetime": "19-05-2023 01:46:11",
      "create_at": "2023-05-19T06:46:11.902Z",
      "isChecked": false
    },
    {
      "_id": "64671b359e2cea24d973d144",
      "guid": "470598f0-92d7-40b2-9321-467c6ec3e51d",
      "guid_device": "C0680226",
      "HR": 88,
      "RR": 691,
      "rrRMS": 675,
      "date_created": "19-05-2023",
      "time_created": "13:46:13",
      "date_update": "19-05-2023",
      "time_update": "13:46:13",
      "timestamp": 1684478774,
      "date": "19-05-2023",
      "time": "13:46:13",
      "hour": "13",
      "year": "2023",
      "datetime": "19-05-2023 01:46:13",
      "create_at": "2023-05-19T06:46:13.762Z",
      "isChecked": false
    },
    {
      "_id": "64671b379e2cea24d973d147",
      "guid": "125374c9-ae12-462f-b565-dc88ba0badfc",
      "guid_device": "C0680226",
      "HR": 89,
      "RR": 687,
      "rrRMS": 671,
      "date_created": "19-05-2023",
      "time_created": "13:46:15",
      "date_update": "19-05-2023",
      "time_update": "13:46:15",
      "timestamp": 1684478776,
      "date": "19-05-2023",
      "time": "13:46:15",
      "hour": "13",
      "year": "2023",
      "datetime": "19-05-2023 01:46:15",
      "create_at": "2023-05-19T06:46:15.963Z",
      "isChecked": false
    },
    {
      "_id": "64671b399e2cea24d973d14a",
      "guid": "29726cc9-c057-4a33-b501-978667122f8a",
      "guid_device": "C0680226",
      "HR": 89,
      "RR": 689,
      "rrRMS": 673,
      "date_created": "19-05-2023",
      "time_created": "13:46:17",
      "date_update": "19-05-2023",
      "time_update": "13:46:17",
      "timestamp": 1684478778,
      "date": "19-05-2023",
      "time": "13:46:17",
      "hour": "13",
      "year": "2023",
      "datetime": "19-05-2023 01:46:17",
      "create_at": "2023-05-19T06:46:17.792Z",
      "isChecked": false
    },
    {
      "_id": "64671b3b9e2cea24d973d14d",
      "guid": "c6bd1c73-33d6-4968-b395-a8f6886f0380",
      "guid_device": "C0680226",
      "HR": 89,
      "RR": 709,
      "rrRMS": 692,
      "date_created": "19-05-2023",
      "time_created": "13:46:19",
      "date_update": "19-05-2023",
      "time_update": "13:46:19",
      "timestamp": 1684478780,
      "date": "19-05-2023",
      "time": "13:46:19",
      "hour": "13",
      "year": "2023",
      "datetime": "19-05-2023 01:46:19",
      "create_at": "2023-05-19T06:46:19.799Z",
      "isChecked": false
    },
    {
      "_id": "64671b3c9e2cea24d973d14f",
      "guid": "3a2f8919-accc-4a4d-a1f8-ea8a2a78fcbe",
      "guid_device": "C0680226",
      "HR": 88,
      "RR": 698,
      "rrRMS": 682,
      "date_created": "19-05-2023",
      "time_created": "13:46:20",
      "date_update": "19-05-2023",
      "time_update": "13:46:20",
      "timestamp": 1684478781,
      "date": "19-05-2023",
      "time": "13:46:20",
      "hour": "13",
      "year": "2023",
      "datetime": "19-05-2023 01:46:20",
      "create_at": "2023-05-19T06:46:20.839Z",
      "isChecked": false
    },
    {
      "_id": "64671b3e9e2cea24d973d152",
      "guid": "9d6a6449-96d7-4ddb-8439-4cd30192857f",
      "guid_device": "C0680226",
      "HR": 88,
      "RR": 717,
      "rrRMS": 700,
      "date_created": "19-05-2023",
      "time_created": "13:46:22",
      "date_update": "19-05-2023",
      "time_update": "13:46:22",
      "timestamp": 1684478783,
      "date": "19-05-2023",
      "time": "13:46:22",
      "hour": "13",
      "year": "2023",
      "datetime": "19-05-2023 01:46:22",
      "create_at": "2023-05-19T06:46:22.665Z",
      "isChecked": false
    },
    {
      "_id": "64671b409e2cea24d973d155",
      "guid": "7c9cd5d7-4272-4ebd-9cf2-f44d57c86a9a",
      "guid_device": "C0680226",
      "HR": 87,
      "RR": 723,
      "rrRMS": 706,
      "date_created": "19-05-2023",
      "time_created": "13:46:24",
      "date_update": "19-05-2023",
      "time_update": "13:46:24",
      "timestamp": 1684478785,
      "date": "19-05-2023",
      "time": "13:46:24",
      "hour": "13",
      "year": "2023",
      "datetime": "19-05-2023 01:46:24",
      "create_at": "2023-05-19T06:46:24.900Z",
      "isChecked": false
    },
    {
      "_id": "64671b429e2cea24d973d158",
      "guid": "5f6adfb4-6de5-4307-8c70-8a7265ba6a9f",
      "guid_device": "C0680226",
      "HR": 87,
      "RR": 672,
      "rrRMS": 656,
      "date_created": "19-05-2023",
      "time_created": "13:46:26",
      "date_update": "19-05-2023",
      "time_update": "13:46:26",
      "timestamp": 1684478787,
      "date": "19-05-2023",
      "time": "13:46:26",
      "hour": "13",
      "year": "2023",
      "datetime": "19-05-2023 01:46:26",
      "create_at": "2023-05-19T06:46:26.758Z",
      "isChecked": false
    },
    {
      "_id": "64671b469e2cea24d973d15c",
      "guid": "71c781b2-257e-4fce-90be-ad8e4fb9fc23",
      "guid_device": "C0680226",
      "HR": 91,
      "RR": 619,
      "rrRMS": 604,
      "date_created": "19-05-2023",
      "time_created": "13:46:30",
      "date_update": "19-05-2023",
      "time_update": "13:46:30",
      "timestamp": 1684478790,
      "date": "19-05-2023",
      "time": "13:46:30",
      "hour": "13",
      "year": "2023",
      "datetime": "19-05-2023 01:46:30",
      "create_at": "2023-05-19T06:46:30.157Z",
      "isChecked": false
    },
    {
      "_id": "64671b489e2cea24d973d160",
      "guid": "dffda447-91f5-492f-988f-639db22693bb",
      "guid_device": "C0680226",
      "HR": 96,
      "RR": 609,
      "rrRMS": 595,
      "date_created": "19-05-2023",
      "time_created": "13:46:32",
      "date_update": "19-05-2023",
      "time_update": "13:46:32",
      "timestamp": 1684478793,
      "date": "19-05-2023",
      "time": "13:46:32",
      "hour": "13",
      "year": "2023",
      "datetime": "19-05-2023 01:46:32",
      "create_at": "2023-05-19T06:46:32.786Z",
      "isChecked": false
    },
    {
      "_id": "64671b4b9e2cea24d973d164",
      "guid": "e6983ecd-0e69-4694-9f7f-4d252795c4b9",
      "guid_device": "C0680226",
      "HR": 98,
      "RR": 624,
      "rrRMS": 609,
      "date_created": "19-05-2023",
      "time_created": "13:46:35",
      "date_update": "19-05-2023",
      "time_update": "13:46:35",
      "timestamp": 1684478796,
      "date": "19-05-2023",
      "time": "13:46:35",
      "hour": "13",
      "year": "2023",
      "datetime": "19-05-2023 01:46:35",
      "create_at": "2023-05-19T06:46:35.814Z",
      "isChecked": false
    },
    {
      "_id": "64671b4e9e2cea24d973d168",
      "guid": "8f8e7cf6-8f46-4375-9d16-1a932e20bd6f",
      "guid_device": "C0680226",
      "HR": 99,
      "RR": 620,
      "rrRMS": 605,
      "date_created": "19-05-2023",
      "time_created": "13:46:38",
      "date_update": "19-05-2023",
      "time_update": "13:46:38",
      "timestamp": 1684478799,
      "date": "19-05-2023",
      "time": "13:46:38",
      "hour": "13",
      "year": "2023",
      "datetime": "19-05-2023 01:46:38",
      "create_at": "2023-05-19T06:46:38.799Z",
      "isChecked": false
    },
    {
      "_id": "64671b519e2cea24d973d16c",
      "guid": "4dd28ecc-f61d-4102-ab42-ca5d91c4d912",
      "guid_device": "C0680226",
      "HR": 99,
      "RR": 622,
      "rrRMS": 607,
      "date_created": "19-05-2023",
      "time_created": "13:46:41",
      "date_update": "19-05-2023",
      "time_update": "13:46:41",
      "timestamp": 1684478802,
      "date": "19-05-2023",
      "time": "13:46:41",
      "hour": "13",
      "year": "2023",
      "datetime": "19-05-2023 01:46:41",
      "create_at": "2023-05-19T06:46:41.760Z",
      "isChecked": false
    },
    {
      "_id": "64671b539e2cea24d973d16f",
      "guid": "fd286415-38f2-482c-9737-2f99359cf1e2",
      "guid_device": "C0680226",
      "HR": 98,
      "RR": 639,
      "rrRMS": 624,
      "date_created": "19-05-2023",
      "time_created": "13:46:43",
      "date_update": "19-05-2023",
      "time_update": "13:46:43",
      "timestamp": 1684478804,
      "date": "19-05-2023",
      "time": "13:46:43",
      "hour": "13",
      "year": "2023",
      "datetime": "19-05-2023 01:46:43",
      "create_at": "2023-05-19T06:46:43.651Z",
      "isChecked": false
    },
    {
      "_id": "64671b569e2cea24d973d173",
      "guid": "1d0ff799-97f2-4727-ae3a-5180120f515d",
      "guid_device": "C0680226",
      "HR": 98,
      "RR": 630,
      "rrRMS": 615,
      "date_created": "19-05-2023",
      "time_created": "13:46:46",
      "date_update": "19-05-2023",
      "time_update": "13:46:46",
      "timestamp": 1684478807,
      "date": "19-05-2023",
      "time": "13:46:46",
      "hour": "13",
      "year": "2023",
      "datetime": "19-05-2023 01:46:46",
      "create_at": "2023-05-19T06:46:46.650Z",
      "isChecked": false
    },
    {
      "_id": "64671b599e2cea24d973d177",
      "guid": "8138eab9-756c-4939-b5ec-39bce45b4170",
      "guid_device": "C0680226",
      "HR": 98,
      "RR": 630,
      "rrRMS": 615,
      "date_created": "19-05-2023",
      "time_created": "13:46:49",
      "date_update": "19-05-2023",
      "time_update": "13:46:49",
      "timestamp": 1684478810,
      "date": "19-05-2023",
      "time": "13:46:49",
      "hour": "13",
      "year": "2023",
      "datetime": "19-05-2023 01:46:49",
      "create_at": "2023-05-19T06:46:49.640Z",
      "isChecked": false
    },
    {
      "_id": "64671b5b9e2cea24d973d17a",
      "guid": "d5fb9d9b-d719-4bc2-933d-ee75dafbaf75",
      "guid_device": "C0680226",
      "HR": 98,
      "RR": 627,
      "rrRMS": 612,
      "date_created": "19-05-2023",
      "time_created": "13:46:51",
      "date_update": "19-05-2023",
      "time_update": "13:46:51",
      "timestamp": 1684478812,
      "date": "19-05-2023",
      "time": "13:46:51",
      "hour": "13",
      "year": "2023",
      "datetime": "19-05-2023 01:46:51",
      "create_at": "2023-05-19T06:46:51.901Z",
      "isChecked": false
    },
    {
      "_id": "64671b5e9e2cea24d973d17e",
      "guid": "27a02969-1610-4ccb-a742-504dc1b7797a",
      "guid_device": "C0680226",
      "HR": 98,
      "RR": 628,
      "rrRMS": 613,
      "date_created": "19-05-2023",
      "time_created": "13:46:54",
      "date_update": "19-05-2023",
      "time_update": "13:46:54",
      "timestamp": 1684478815,
      "date": "19-05-2023",
      "time": "13:46:54",
      "hour": "13",
      "year": "2023",
      "datetime": "19-05-2023 01:46:54",
      "create_at": "2023-05-19T06:46:54.911Z",
      "isChecked": false
    },
    {
      "_id": "64671b629e2cea24d973d183",
      "guid": "0b436459-1443-493b-be91-b13d5ec87fcf",
      "guid_device": "C0680226",
      "HR": 101,
      "RR": 592,
      "rrRMS": 578,
      "date_created": "19-05-2023",
      "time_created": "13:46:58",
      "date_update": "19-05-2023",
      "time_update": "13:46:58",
      "timestamp": 1684478819,
      "date": "19-05-2023",
      "time": "13:46:58",
      "hour": "13",
      "year": "2023",
      "datetime": "19-05-2023 01:46:58",
      "create_at": "2023-05-19T06:46:58.630Z",
      "isChecked": false
    },
    {
      "_id": "64671b669e2cea24d973d187",
      "guid": "76fdac89-2f78-4b18-a8b3-d18a93ca4a54",
      "guid_device": "C0680226",
      "HR": 101,
      "RR": 604,
      "rrRMS": 590,
      "date_created": "19-05-2023",
      "time_created": "13:47:02",
      "date_update": "19-05-2023",
      "time_update": "13:47:02",
      "timestamp": 1684478822,
      "date": "19-05-2023",
      "time": "13:47:02",
      "hour": "13",
      "year": "2023",
      "datetime": "19-05-2023 01:47:02",
      "create_at": "2023-05-19T06:47:02.430Z",
      "isChecked": false
    },
    {
      "_id": "64671b699e2cea24d973d18c",
      "guid": "a7f4ac74-2b0d-46a2-a7c6-13b6cf399a84",
      "guid_device": "C0680226",
      "HR": 102,
      "RR": 581,
      "rrRMS": 567,
      "date_created": "19-05-2023",
      "time_created": "13:47:05",
      "date_update": "19-05-2023",
      "time_update": "13:47:05",
      "timestamp": 1684478826,
      "date": "19-05-2023",
      "time": "13:47:05",
      "hour": "13",
      "year": "2023",
      "datetime": "19-05-2023 01:47:05",
      "create_at": "2023-05-19T06:47:05.752Z",
      "isChecked": false
    },
    {
      "_id": "64671b6e9e2cea24d973d192",
      "guid": "6a70484f-6b8b-4dcf-b906-96ad6c404a9b",
      "guid_device": "C0680226",
      "HR": 107,
      "RR": 581,
      "rrRMS": 567,
      "date_created": "19-05-2023",
      "time_created": "13:47:10",
      "date_update": "19-05-2023",
      "time_update": "13:47:10",
      "timestamp": 1684478831,
      "date": "19-05-2023",
      "time": "13:47:10",
      "hour": "13",
      "year": "2023",
      "datetime": "19-05-2023 01:47:10",
      "create_at": "2023-05-19T06:47:10.629Z",
      "isChecked": false
    },
    {
      "_id": "64671b719e2cea24d973d196",
      "guid": "32ca56c3-1fed-47c8-b3a3-196386e735f7",
      "guid_device": "C0680226",
      "HR": 106,
      "RR": 581,
      "rrRMS": 567,
      "date_created": "19-05-2023",
      "time_created": "13:47:13",
      "date_update": "19-05-2023",
      "time_update": "13:47:13",
      "timestamp": 1684478834,
      "date": "19-05-2023",
      "time": "13:47:13",
      "hour": "13",
      "year": "2023",
      "datetime": "19-05-2023 01:47:13",
      "create_at": "2023-05-19T06:47:13.662Z",
      "isChecked": false
    },
    {
      "_id": "64671b749e2cea24d973d19a",
      "guid": "04445eb0-9924-4b6e-915a-e675f72c1195",
      "guid_device": "C0680226",
      "HR": 105,
      "RR": 624,
      "rrRMS": 609,
      "date_created": "19-05-2023",
      "time_created": "13:47:16",
      "date_update": "19-05-2023",
      "time_update": "13:47:16",
      "timestamp": 1684478837,
      "date": "19-05-2023",
      "time": "13:47:16",
      "hour": "13",
      "year": "2023",
      "datetime": "19-05-2023 01:47:16",
      "create_at": "2023-05-19T06:47:16.651Z",
      "isChecked": false
    },
    {
      "_id": "64671b779e2cea24d973d19e",
      "guid": "b024c7e9-7538-4427-9558-ac8615e0f73c",
      "guid_device": "C0680226",
      "HR": 101,
      "RR": 618,
      "rrRMS": 604,
      "date_created": "19-05-2023",
      "time_created": "13:47:19",
      "date_update": "19-05-2023",
      "time_update": "13:47:19",
      "timestamp": 1684478840,
      "date": "19-05-2023",
      "time": "13:47:19",
      "hour": "13",
      "year": "2023",
      "datetime": "19-05-2023 01:47:19",
      "create_at": "2023-05-19T06:47:19.639Z",
      "isChecked": false
    },
    {
      "_id": "64671b7a9e2cea24d973d1a2",
      "guid": "f1af8ffd-474e-457e-ba1d-f3ac7a3de8d1",
      "guid_device": "C0680226",
      "HR": 99,
      "RR": 630,
      "rrRMS": 615,
      "date_created": "19-05-2023",
      "time_created": "13:47:22",
      "date_update": "19-05-2023",
      "time_update": "13:47:22",
      "timestamp": 1684478843,
      "date": "19-05-2023",
      "time": "13:47:22",
      "hour": "13",
      "year": "2023",
      "datetime": "19-05-2023 01:47:22",
      "create_at": "2023-05-19T06:47:22.640Z",
      "isChecked": false
    },
    {
      "_id": "64671b7d9e2cea24d973d1a6",
      "guid": "287f6300-e942-45b9-8c9b-9473da84d0c7",
      "guid_device": "C0680226",
      "HR": 100,
      "RR": 632,
      "rrRMS": 617,
      "date_created": "19-05-2023",
      "time_created": "13:47:25",
      "date_update": "19-05-2023",
      "time_update": "13:47:25",
      "timestamp": 1684478846,
      "date": "19-05-2023",
      "time": "13:47:25",
      "hour": "13",
      "year": "2023",
      "datetime": "19-05-2023 01:47:25",
      "create_at": "2023-05-19T06:47:25.649Z",
      "isChecked": false
    },
    {
      "_id": "64671b7f9e2cea24d973d1a9",
      "guid": "84b3f149-4905-4ddf-afa5-a5827d3f0218",
      "guid_device": "C0680226",
      "HR": 98,
      "RR": 688,
      "rrRMS": 672,
      "date_created": "19-05-2023",
      "time_created": "13:47:27",
      "date_update": "19-05-2023",
      "time_update": "13:47:27",
      "timestamp": 1684478848,
      "date": "19-05-2023",
      "time": "13:47:27",
      "hour": "13",
      "year": "2023",
      "datetime": "19-05-2023 01:47:27",
      "create_at": "2023-05-19T06:47:27.914Z",
      "isChecked": false
    },
    {
      "_id": "64671b809e2cea24d973d1ab",
      "guid": "2e30b6a4-e64d-4a78-b8ec-aef9b91bb258",
      "guid_device": "C0680226",
      "HR": 96,
      "RR": 706,
      "rrRMS": 689,
      "date_created": "19-05-2023",
      "time_created": "13:47:28",
      "date_update": "19-05-2023",
      "time_update": "13:47:28",
      "timestamp": 1684478849,
      "date": "19-05-2023",
      "time": "13:47:28",
      "hour": "13",
      "year": "2023",
      "datetime": "19-05-2023 01:47:28",
      "create_at": "2023-05-19T06:47:28.644Z",
      "isChecked": false
    },
    {
      "_id": "64671b839e2cea24d973d1af",
      "guid": "282735bb-3057-45f4-adbd-a3f58a6d71ea",
      "guid_device": "C0680226",
      "HR": 92,
      "RR": 640,
      "rrRMS": 625,
      "date_created": "19-05-2023",
      "time_created": "13:47:31",
      "date_update": "19-05-2023",
      "time_update": "13:47:31",
      "timestamp": 1684478852,
      "date": "19-05-2023",
      "time": "13:47:31",
      "hour": "13",
      "year": "2023",
      "datetime": "19-05-2023 01:47:31",
      "create_at": "2023-05-19T06:47:31.666Z",
      "isChecked": false
    },
    {
      "_id": "64671b859e2cea24d973d1b2",
      "guid": "ed8d1127-fa6a-491c-825c-f7c513d43d5b",
      "guid_device": "C0680226",
      "HR": 93,
      "RR": 648,
      "rrRMS": 633,
      "date_created": "19-05-2023",
      "time_created": "13:47:33",
      "date_update": "19-05-2023",
      "time_update": "13:47:33",
      "timestamp": 1684478854,
      "date": "19-05-2023",
      "time": "13:47:33",
      "hour": "13",
      "year": "2023",
      "datetime": "19-05-2023 01:47:33",
      "create_at": "2023-05-19T06:47:33.930Z",
      "isChecked": false
    },
    {
      "_id": "64671b879e2cea24d973d1b5",
      "guid": "e960992b-1a34-4ad3-8c58-3eccf54d0b53",
      "guid_device": "C0680226",
      "HR": 93,
      "RR": 707,
      "rrRMS": 690,
      "date_created": "19-05-2023",
      "time_created": "13:47:35",
      "date_update": "19-05-2023",
      "time_update": "13:47:35",
      "timestamp": 1684478856,
      "date": "19-05-2023",
      "time": "13:47:35",
      "hour": "13",
      "year": "2023",
      "datetime": "19-05-2023 01:47:35",
      "create_at": "2023-05-19T06:47:35.764Z",
      "isChecked": false
    },
    {
      "_id": "64671b889e2cea24d973d1b7",
      "guid": "868407d6-b325-4976-a222-8cee00aa3390",
      "guid_device": "C0680226",
      "HR": 92,
      "RR": 733,
      "rrRMS": 716,
      "date_created": "19-05-2023",
      "time_created": "13:47:36",
      "date_update": "19-05-2023",
      "time_update": "13:47:36",
      "timestamp": 1684478857,
      "date": "19-05-2023",
      "time": "13:47:36",
      "hour": "13",
      "year": "2023",
      "datetime": "19-05-2023 01:47:36",
      "create_at": "2023-05-19T06:47:36.909Z",
      "isChecked": false
    },
    {
      "_id": "64671b8a9e2cea24d973d1ba",
      "guid": "d171aa7e-fde6-428b-9b2b-546680f4edd5",
      "guid_device": "C0680226",
      "HR": 89,
      "RR": 736,
      "rrRMS": 719,
      "date_created": "19-05-2023",
      "time_created": "13:47:38",
      "date_update": "19-05-2023",
      "time_update": "13:47:38",
      "timestamp": 1684478859,
      "date": "19-05-2023",
      "time": "13:47:38",
      "hour": "13",
      "year": "2023",
      "datetime": "19-05-2023 01:47:38",
      "create_at": "2023-05-19T06:47:38.779Z",
      "isChecked": false
    },
    {
      "_id": "64671b8d9e2cea24d973d1be",
      "guid": "aae1925a-7659-4601-8ea1-ebcd473a2deb",
      "guid_device": "C0680226",
      "HR": 88,
      "RR": 644,
      "rrRMS": 629,
      "date_created": "19-05-2023",
      "time_created": "13:47:41",
      "date_update": "19-05-2023",
      "time_update": "13:47:41",
      "timestamp": 1684478862,
      "date": "19-05-2023",
      "time": "13:47:41",
      "hour": "13",
      "year": "2023",
      "datetime": "19-05-2023 01:47:41",
      "create_at": "2023-05-19T06:47:41.778Z",
      "isChecked": false
    },
    {
      "_id": "64671b8f9e2cea24d973d1c1",
      "guid": "a7f1a511-6062-4a2c-88a8-38d5ac6cb71f",
      "guid_device": "C0680226",
      "HR": 91,
      "RR": 668,
      "rrRMS": 652,
      "date_created": "19-05-2023",
      "time_created": "13:47:43",
      "date_update": "19-05-2023",
      "time_update": "13:47:43",
      "timestamp": 1684478864,
      "date": "19-05-2023",
      "time": "13:47:43",
      "hour": "13",
      "year": "2023",
      "datetime": "19-05-2023 01:47:43",
      "create_at": "2023-05-19T06:47:43.649Z",
      "isChecked": false
    },
    {
      "_id": "64671b919e2cea24d973d1c4",
      "guid": "bdd1118b-002a-4026-ab28-b08fe6c34dae",
      "guid_device": "C0680226",
      "HR": 91,
      "RR": 696,
      "rrRMS": 680,
      "date_created": "19-05-2023",
      "time_created": "13:47:45",
      "date_update": "19-05-2023",
      "time_update": "13:47:45",
      "timestamp": 1684478866,
      "date": "19-05-2023",
      "time": "13:47:45",
      "hour": "13",
      "year": "2023",
      "datetime": "19-05-2023 01:47:45",
      "create_at": "2023-05-19T06:47:45.898Z",
      "isChecked": false
    },
    {
      "_id": "64671b929e2cea24d973d1c6",
      "guid": "3ca310cd-23bd-40aa-9dfd-decb3d59ebba",
      "guid_device": "C0680226",
      "HR": 90,
      "RR": 703,
      "rrRMS": 687,
      "date_created": "19-05-2023",
      "time_created": "13:47:46",
      "date_update": "19-05-2023",
      "time_update": "13:47:46",
      "timestamp": 1684478867,
      "date": "19-05-2023",
      "time": "13:47:46",
      "hour": "13",
      "year": "2023",
      "datetime": "19-05-2023 01:47:46",
      "create_at": "2023-05-19T06:47:46.662Z",
      "isChecked": false
    },
    {
      "_id": "64671b949e2cea24d973d1c9",
      "guid": "1165ac87-1fcf-45fb-bab5-6e7f8751351b",
      "guid_device": "C0680226",
      "HR": 89,
      "RR": 734,
      "rrRMS": 717,
      "date_created": "19-05-2023",
      "time_created": "13:47:48",
      "date_update": "19-05-2023",
      "time_update": "13:47:48",
      "timestamp": 1684478869,
      "date": "19-05-2023",
      "time": "13:47:48",
      "hour": "13",
      "year": "2023",
      "datetime": "19-05-2023 01:47:48",
      "create_at": "2023-05-19T06:47:48.898Z",
      "isChecked": false
    },
    {
      "_id": "64671b969e2cea24d973d1cc",
      "guid": "f894e160-7386-4d2d-bad3-630a9726bdc3",
      "guid_device": "C0680226",
      "HR": 87,
      "RR": 702,
      "rrRMS": 686,
      "date_created": "19-05-2023",
      "time_created": "13:47:50",
      "date_update": "19-05-2023",
      "time_update": "13:47:50",
      "timestamp": 1684478871,
      "date": "19-05-2023",
      "time": "13:47:50",
      "hour": "13",
      "year": "2023",
      "datetime": "19-05-2023 01:47:50",
      "create_at": "2023-05-19T06:47:50.751Z",
      "isChecked": false
    }
  ]
}