{
  "hrvMetrics": {
    "sdnn": null,
    "rmssd": null,
    "pnn50": null,
    "s1": null,
    "s2": null
  },
  "filteredData": [
    {
      "HR": 93,
      "RR": 664
    }
  ],
  "raw": [
    {
      "_id": "64703587e5d85a9c85cb71db",
      "guid": "15bee416-b0c7-44ec-959f-71ebc75d60ae",
      "guid_device": "C0680226",
      "HR": 93,
      "RR": 664,
      "rrRMS": 648,
      "date_created": "26-05-2023",
      "time_created": "11:28:55",
      "date_update": "26-05-2023",
      "time_update": "11:28:55",
      "timestamp": 1685075335,
      "date": "26-05-2023",
      "time": "11:28:55",
      "hour": "11",
      "year": "2023",
      "datetime": "26-05-2023 11:28:55",
      "create_at": "2023-05-26T04:28:55.203Z",
      "isChecked": false
    },
    {
      "_id": "64703589e5d85a9c85cb71de",
      "guid": "3809d34d-25e2-4124-b83a-e5f50337b0d1",
      "guid_device": "C0680226",
      "HR": 93,
      "RR": 663,
      "rrRMS": 647,
      "date_created": "26-05-2023",
      "time_created": "11:28:57",
      "date_update": "26-05-2023",
      "time_update": "11:28:57",
      "timestamp": 1685075337,
      "date": "26-05-2023",
      "time": "11:28:57",
      "hour": "11",
      "year": "2023",
      "datetime": "26-05-2023 11:28:57",
      "create_at": "2023-05-26T04:28:57.099Z",
      "isChecked": false
    },
    {
      "_id": "6470358ce5d85a9c85cb71e2",
      "guid": "3d3ef853-191c-4216-b903-02c6f615e3e9",
      "guid_device": "C0680226",
      "HR": 93,
      "RR": 654,
      "rrRMS": 639,
      "date_created": "26-05-2023",
      "time_created": "11:29:00",
      "date_update": "26-05-2023",
      "time_update": "11:29:00",
      "timestamp": 1685075340,
      "date": "26-05-2023",
      "time": "11:29:00",
      "hour": "11",
      "year": "2023",
      "datetime": "26-05-2023 11:29:00",
      "create_at": "2023-05-26T04:29:00.091Z",
      "isChecked": false
    },
    {
      "_id": "6470358de5d85a9c85cb71e5",
      "guid": "a5ec048e-ef9b-4e95-8693-18734d36646b",
      "guid_device": "C0680226",
      "HR": 93,
      "RR": 649,
      "rrRMS": 634,
      "date_created": "26-05-2023",
      "time_created": "11:29:01",
      "date_update": "26-05-2023",
      "time_update": "11:29:01",
      "timestamp": 1685075342,
      "date": "26-05-2023",
      "time": "11:29:01",
      "hour": "11",
      "year": "2023",
      "datetime": "26-05-2023 11:29:01",
      "create_at": "2023-05-26T04:29:01.979Z",
      "isChecked": false
    },
    {
      "_id": "64703590e5d85a9c85cb71e9",
      "guid": "6eb4de3c-986f-4b99-9193-7a14bfd422fe",
      "guid_device": "C0680226",
      "HR": 95,
      "RR": 640,
      "rrRMS": 625,
      "date_created": "26-05-2023",
      "time_created": "11:29:04",
      "date_update": "26-05-2023",
      "time_update": "11:29:04",
      "timestamp": 1685075345,
      "date": "26-05-2023",
      "time": "11:29:04",
      "hour": "11",
      "year": "2023",
      "datetime": "26-05-2023 11:29:04",
      "create_at": "2023-05-26T04:29:04.959Z",
      "isChecked": false
    },
    {
      "_id": "64703593e5d85a9c85cb71ec",
      "guid": "3763fe80-fde1-40e9-ae2f-813123ea9c0b",
      "guid_device": "C0680226",
      "HR": 95,
      "RR": 648,
      "rrRMS": 633,
      "date_created": "26-05-2023",
      "time_created": "11:29:07",
      "date_update": "26-05-2023",
      "time_update": "11:29:07",
      "timestamp": 1685075347,
      "date": "26-05-2023",
      "time": "11:29:07",
      "hour": "11",
      "year": "2023",
      "datetime": "26-05-2023 11:29:07",
      "create_at": "2023-05-26T04:29:07.191Z",
      "isChecked": false
    },
    {
      "_id": "64703595e5d85a9c85cb71ef",
      "guid": "885853cd-3ff8-4d83-b24f-dc489ad99252",
      "guid_device": "C0680226",
      "HR": 95,
      "RR": 663,
      "rrRMS": 647,
      "date_created": "26-05-2023",
      "time_created": "11:29:09",
      "date_update": "26-05-2023",
      "time_update": "11:29:09",
      "timestamp": 1685075349,
      "date": "26-05-2023",
      "time": "11:29:09",
      "hour": "11",
      "year": "2023",
      "datetime": "26-05-2023 11:29:09",
      "create_at": "2023-05-26T04:29:09.091Z",
      "isChecked": false
    },
    {
      "_id": "64703596e5d85a9c85cb71f2",
      "guid": "4af0e4a9-2014-471a-a9f7-f11e8a730efd",
      "guid_device": "C0680226",
      "HR": 94,
      "RR": 664,
      "rrRMS": 648,
      "date_created": "26-05-2023",
      "time_created": "11:29:10",
      "date_update": "26-05-2023",
      "time_update": "11:29:10",
      "timestamp": 1685075351,
      "date": "26-05-2023",
      "time": "11:29:10",
      "hour": "11",
      "year": "2023",
      "datetime": "26-05-2023 11:29:10",
      "create_at": "2023-05-26T04:29:10.971Z",
      "isChecked": false
    },
    {
      "_id": "64703599e5d85a9c85cb71f6",
      "guid": "25eea750-bfa0-4e39-9c22-c0216197ac35",
      "guid_device": "C0680226",
      "HR": 94,
      "RR": 654,
      "rrRMS": 639,
      "date_created": "26-05-2023",
      "time_created": "11:29:13",
      "date_update": "26-05-2023",
      "time_update": "11:29:13",
      "timestamp": 1685075354,
      "date": "26-05-2023",
      "time": "11:29:13",
      "hour": "11",
      "year": "2023",
      "datetime": "26-05-2023 11:29:13",
      "create_at": "2023-05-26T04:29:13.962Z",
      "isChecked": false
    },
    {
      "_id": "6470359ce5d85a9c85cb71f9",
      "guid": "a3e310bf-ba3c-4480-b3df-1d4b2432e5b1",
      "guid_device": "C0680226",
      "HR": 94,
      "RR": 641,
      "rrRMS": 626,
      "date_created": "26-05-2023",
      "time_created": "11:29:16",
      "date_update": "26-05-2023",
      "time_update": "11:29:16",
      "timestamp": 1685075356,
      "date": "26-05-2023",
      "time": "11:29:16",
      "hour": "11",
      "year": "2023",
      "datetime": "26-05-2023 11:29:16",
      "create_at": "2023-05-26T04:29:16.230Z",
      "isChecked": false
    },
    {
      "_id": "6470359fe5d85a9c85cb71fd",
      "guid": "6cfd3052-86e3-483b-8d2e-a4b7e742eded",
      "guid_device": "C0680226",
      "HR": 96,
      "RR": 627,
      "rrRMS": 612,
      "date_created": "26-05-2023",
      "time_created": "11:29:19",
      "date_update": "26-05-2023",
      "time_update": "11:29:19",
      "timestamp": 1685075359,
      "date": "26-05-2023",
      "time": "11:29:19",
      "hour": "11",
      "year": "2023",
      "datetime": "26-05-2023 11:29:19",
      "create_at": "2023-05-26T04:29:19.199Z",
      "isChecked": false
    },
    {
      "_id": "647035a1e5d85a9c85cb7200",
      "guid": "6aef02a7-c3a3-410b-96b1-0fcd372656b8",
      "guid_device": "C0680226",
      "HR": 97,
      "RR": 645,
      "rrRMS": 630,
      "date_created": "26-05-2023",
      "time_created": "11:29:21",
      "date_update": "26-05-2023",
      "time_update": "11:29:21",
      "timestamp": 1685075361,
      "date": "26-05-2023",
      "time": "11:29:21",
      "hour": "11",
      "year": "2023",
      "datetime": "26-05-2023 11:29:21",
      "create_at": "2023-05-26T04:29:21.078Z",
      "isChecked": false
    },
    {
      "_id": "647035a2e5d85a9c85cb7203",
      "guid": "140f5bc8-9b00-4009-b192-cc6b8356dcea",
      "guid_device": "C0680226",
      "HR": 96,
      "RR": 666,
      "rrRMS": 650,
      "date_created": "26-05-2023",
      "time_created": "11:29:22",
      "date_update": "26-05-2023",
      "time_update": "11:29:22",
      "timestamp": 1685075363,
      "date": "26-05-2023",
      "time": "11:29:22",
      "hour": "11",
      "year": "2023",
      "datetime": "26-05-2023 11:29:22",
      "create_at": "2023-05-26T04:29:22.979Z",
      "isChecked": false
    },
    {
      "_id": "647035a5e5d85a9c85cb7207",
      "guid": "09c1b27d-455e-4875-ade6-79654a176089",
      "guid_device": "C0680226",
      "HR": 94,
      "RR": 669,
      "rrRMS": 653,
      "date_created": "26-05-2023",
      "time_created": "11:29:25",
      "date_update": "26-05-2023",
      "time_update": "11:29:25",
      "timestamp": 1685075366,
      "date": "26-05-2023",
      "time": "11:29:25",
      "hour": "11",
      "year": "2023",
      "datetime": "26-05-2023 11:29:25",
      "create_at": "2023-05-26T04:29:25.950Z",
      "isChecked": false
    },
    {
      "_id": "647035a8e5d85a9c85cb720a",
      "guid": "5538432b-885c-448d-9ab7-aa83de7b6f97",
      "guid_device": "C0680226",
      "HR": 93,
      "RR": 666,
      "rrRMS": 650,
      "date_created": "26-05-2023",
      "time_created": "11:29:28",
      "date_update": "26-05-2023",
      "time_update": "11:29:28",
      "timestamp": 1685075368,
      "date": "26-05-2023",
      "time": "11:29:28",
      "hour": "11",
      "year": "2023",
      "datetime": "26-05-2023 11:29:28",
      "create_at": "2023-05-26T04:29:28.220Z",
      "isChecked": false
    },
    {
      "_id": "647035aae5d85a9c85cb720d",
      "guid": "12761f56-d3ff-4e16-a661-e2adddb7dc8a",
      "guid_device": "C0680226",
      "HR": 93,
      "RR": 653,
      "rrRMS": 638,
      "date_created": "26-05-2023",
      "time_created": "11:29:30",
      "date_update": "26-05-2023",
      "time_update": "11:29:30",
      "timestamp": 1685075370,
      "date": "26-05-2023",
      "time": "11:29:30",
      "hour": "11",
      "year": "2023",
      "datetime": "26-05-2023 11:29:30",
      "create_at": "2023-05-26T04:29:30.109Z",
      "isChecked": false
    },
    {
      "_id": "647035ade5d85a9c85cb7211",
      "guid": "106ba12a-2a49-42f4-a756-e03219ff202f",
      "guid_device": "C0680226",
      "HR": 94,
      "RR": 633,
      "rrRMS": 618,
      "date_created": "26-05-2023",
      "time_created": "11:29:33",
      "date_update": "26-05-2023",
      "time_update": "11:29:33",
      "timestamp": 1685075373,
      "date": "26-05-2023",
      "time": "11:29:33",
      "hour": "11",
      "year": "2023",
      "datetime": "26-05-2023 11:29:33",
      "create_at": "2023-05-26T04:29:33.080Z",
      "isChecked": false
    },
    {
      "_id": "647035aee5d85a9c85cb7214",
      "guid": "fb3210bf-e65e-4aac-9c78-fb073054e236",
      "guid_device": "C0680226",
      "HR": 95,
      "RR": 646,
      "rrRMS": 631,
      "date_created": "26-05-2023",
      "time_created": "11:29:34",
      "date_update": "26-05-2023",
      "time_update": "11:29:34",
      "timestamp": 1685075375,
      "date": "26-05-2023",
      "time": "11:29:34",
      "hour": "11",
      "year": "2023",
      "datetime": "26-05-2023 11:29:34",
      "create_at": "2023-05-26T04:29:34.968Z",
      "isChecked": false
    },
    {
      "_id": "647035b1e5d85a9c85cb7217",
      "guid": "1c01dd5f-93be-41df-9a09-9155fb8da52e",
      "guid_device": "C0680226",
      "HR": 95,
      "RR": 654,
      "rrRMS": 639,
      "date_created": "26-05-2023",
      "time_created": "11:29:37",
      "date_update": "26-05-2023",
      "time_update": "11:29:37",
      "timestamp": 1685075377,
      "date": "26-05-2023",
      "time": "11:29:37",
      "hour": "11",
      "year": "2023",
      "datetime": "26-05-2023 11:29:37",
      "create_at": "2023-05-26T04:29:37.239Z",
      "isChecked": false
    },
    {
      "_id": "647035b4e5d85a9c85cb721b",
      "guid": "587e6dc4-c644-49bd-806c-74bc871af51b",
      "guid_device": "C0680226",
      "HR": 95,
      "RR": 659,
      "rrRMS": 644,
      "date_created": "26-05-2023",
      "time_created": "11:29:40",
      "date_update": "26-05-2023",
      "time_update": "11:29:40",
      "timestamp": 1685075380,
      "date": "26-05-2023",
      "time": "11:29:40",
      "hour": "11",
      "year": "2023",
      "datetime": "26-05-2023 11:29:40",
      "create_at": "2023-05-26T04:29:40.212Z",
      "isChecked": false
    },
    {
      "_id": "647035b6e5d85a9c85cb721e",
      "guid": "2b1c1724-1fa8-4ead-a12f-fe0ab870bd81",
      "guid_device": "C0680226",
      "HR": 94,
      "RR": 658,
      "rrRMS": 643,
      "date_created": "26-05-2023",
      "time_created": "11:29:42",
      "date_update": "26-05-2023",
      "time_update": "11:29:42",
      "timestamp": 1685075382,
      "date": "26-05-2023",
      "time": "11:29:42",
      "hour": "11",
      "year": "2023",
      "datetime": "26-05-2023 11:29:42",
      "create_at": "2023-05-26T04:29:42.099Z",
      "isChecked": false
    },
    {
      "_id": "647035b7e5d85a9c85cb7221",
      "guid": "74cc59ce-f418-40a4-89e5-684ae84f6537",
      "guid_device": "C0680226",
      "HR": 93,
      "RR": 666,
      "rrRMS": 650,
      "date_created": "26-05-2023",
      "time_created": "11:29:43",
      "date_update": "26-05-2023",
      "time_update": "11:29:43",
      "timestamp": 1685075384,
      "date": "26-05-2023",
      "time": "11:29:43",
      "hour": "11",
      "year": "2023",
      "datetime": "26-05-2023 11:29:43",
      "create_at": "2023-05-26T04:29:43.951Z",
      "isChecked": false
    },
    {
      "_id": "647035bae5d85a9c85cb7224",
      "guid": "ee8d4b2c-8f1e-4b28-be94-96cb72220d10",
      "guid_device": "C0680226",
      "HR": 93,
      "RR": 667,
      "rrRMS": 651,
      "date_created": "26-05-2023",
      "time_created": "11:29:46",
      "date_update": "26-05-2023",
      "time_update": "11:29:46",
      "timestamp": 1685075386,
      "date": "26-05-2023",
      "time": "11:29:46",
      "hour": "11",
      "year": "2023",
      "datetime": "26-05-2023 11:29:46",
      "create_at": "2023-05-26T04:29:46.200Z",
      "isChecked": false
    },
    {
      "_id": "647035bce5d85a9c85cb7227",
      "guid": "d72284fe-5ce8-46a4-8931-12086d1e68f9",
      "guid_device": "C0680226",
      "HR": 92,
      "RR": 660,
      "rrRMS": 645,
      "date_created": "26-05-2023",
      "time_created": "11:29:48",
      "date_update": "26-05-2023",
      "time_update": "11:29:48",
      "timestamp": 1685075388,
      "date": "26-05-2023",
      "time": "11:29:48",
      "hour": "11",
      "year": "2023",
      "datetime": "26-05-2023 11:29:48",
      "create_at": "2023-05-26T04:29:48.071Z",
      "isChecked": false
    },
    {
      "_id": "647035bfe5d85a9c85cb722b",
      "guid": "b4aad88c-c7aa-414f-b6a0-a8244ff70534",
      "guid_device": "C0680226",
      "HR": 93,
      "RR": 655,
      "rrRMS": 640,
      "date_created": "26-05-2023",
      "time_created": "11:29:51",
      "date_update": "26-05-2023",
      "time_update": "11:29:51",
      "timestamp": 1685075391,
      "date": "26-05-2023",
      "time": "11:29:51",
      "hour": "11",
      "year": "2023",
      "datetime": "26-05-2023 11:29:51",
      "create_at": "2023-05-26T04:29:51.072Z",
      "isChecked": false
    },
    {
      "_id": "647035c0e5d85a9c85cb722e",
      "guid": "951e0800-402b-4dd6-b613-f96aed5ab16f",
      "guid_device": "C0680226",
      "HR": 94,
      "RR": 659,
      "rrRMS": 644,
      "date_created": "26-05-2023",
      "time_created": "11:29:52",
      "date_update": "26-05-2023",
      "time_update": "11:29:52",
      "timestamp": 1685075393,
      "date": "26-05-2023",
      "time": "11:29:52",
      "hour": "11",
      "year": "2023",
      "datetime": "26-05-2023 11:29:52",
      "create_at": "2023-05-26T04:29:52.963Z",
      "isChecked": false
    },
    {
      "_id": "647035c3e5d85a9c85cb7231",
      "guid": "290e267b-4674-4c44-ad7c-9aa64fa9b3ea",
      "guid_device": "C0680226",
      "HR": 94,
      "RR": 667,
      "rrRMS": 651,
      "date_created": "26-05-2023",
      "time_created": "11:29:55",
      "date_update": "26-05-2023",
      "time_update": "11:29:55",
      "timestamp": 1685075395,
      "date": "26-05-2023",
      "time": "11:29:55",
      "hour": "11",
      "year": "2023",
      "datetime": "26-05-2023 11:29:55",
      "create_at": "2023-05-26T04:29:55.200Z",
      "isChecked": false
    },
    {
      "_id": "647035c5e5d85a9c85cb7234",
      "guid": "c395c568-bc64-4927-aa78-fc30da3dabc8",
      "guid_device": "C0680226",
      "HR": 93,
      "RR": 663,
      "rrRMS": 647,
      "date_created": "26-05-2023",
      "time_created": "11:29:57",
      "date_update": "26-05-2023",
      "time_update": "11:29:57",
      "timestamp": 1685075397,
      "date": "26-05-2023",
      "time": "11:29:57",
      "hour": "11",
      "year": "2023",
      "datetime": "26-05-2023 11:29:57",
      "create_at": "2023-05-26T04:29:57.127Z",
      "isChecked": false
    },
    {
      "_id": "647035c8e5d85a9c85cb7238",
      "guid": "4cae4780-d54c-47dd-8493-dfb8a0e14e20",
      "guid_device": "C0680226",
      "HR": 93,
      "RR": 657,
      "rrRMS": 642,
      "date_created": "26-05-2023",
      "time_created": "11:30:00",
      "date_update": "26-05-2023",
      "time_update": "11:30:00",
      "timestamp": 1685075400,
      "date": "26-05-2023",
      "time": "11:30:00",
      "hour": "11",
      "year": "2023",
      "datetime": "26-05-2023 11:30:00",
      "create_at": "2023-05-26T04:30:00.065Z",
      "isChecked": false
    },
    {
      "_id": "647035c9e5d85a9c85cb723b",
      "guid": "bed3d799-5e8b-4933-b2ad-e82e38a9d625",
      "guid_device": "C0680226",
      "HR": 93,
      "RR": 649,
      "rrRMS": 634,
      "date_created": "26-05-2023",
      "time_created": "11:30:01",
      "date_update": "26-05-2023",
      "time_update": "11:30:01",
      "timestamp": 1685075402,
      "date": "26-05-2023",
      "time": "11:30:01",
      "hour": "11",
      "year": "2023",
      "datetime": "26-05-2023 11:30:01",
      "create_at": "2023-05-26T04:30:01.965Z",
      "isChecked": false
    },
    {
      "_id": "647035cee5d85a9c85cb723e",
      "guid": "45321105-ea6f-435b-b770-bc2f94c0981b",
      "guid_device": "C0680226",
      "HR": 95,
      "RR": 638,
      "rrRMS": 623,
      "date_created": "26-05-2023",
      "time_created": "11:30:06",
      "date_update": "26-05-2023",
      "time_update": "11:30:06",
      "timestamp": 1685075407,
      "date": "26-05-2023",
      "time": "11:30:06",
      "hour": "11",
      "year": "2023",
      "datetime": "26-05-2023 11:30:06",
      "create_at": "2023-05-26T04:30:06.732Z",
      "isChecked": false
    },
    {
      "_id": "647035cfe5d85a9c85cb7241",
      "guid": "e9dc10b1-1fda-4301-9e24-afb842aa5727",
      "guid_device": "C0680226",
      "HR": 96,
      "RR": 634,
      "rrRMS": 619,
      "date_created": "26-05-2023",
      "time_created": "11:30:07",
      "date_update": "26-05-2023",
      "time_update": "11:30:07",
      "timestamp": 1685075407,
      "date": "26-05-2023",
      "time": "11:30:07",
      "hour": "11",
      "year": "2023",
      "datetime": "26-05-2023 11:30:07",
      "create_at": "2023-05-26T04:30:07.263Z",
      "isChecked": false
    },
    {
      "_id": "647035d2e5d85a9c85cb7246",
      "guid": "b18ad789-494d-4c11-bef8-271dcbae915c",
      "guid_device": "C0680226",
      "HR": 97,
      "RR": 632,
      "rrRMS": 617,
      "date_created": "26-05-2023",
      "time_created": "11:30:10",
      "date_update": "26-05-2023",
      "time_update": "11:30:10",
      "timestamp": 1685075410,
      "date": "26-05-2023",
      "time": "11:30:10",
      "hour": "11",
      "year": "2023",
      "datetime": "26-05-2023 11:30:10",
      "create_at": "2023-05-26T04:30:10.216Z",
      "isChecked": false
    },
    {
      "_id": "647035d4e5d85a9c85cb7249",
      "guid": "86a1a588-d986-4b14-839d-29244002fcaf",
      "guid_device": "C0680226",
      "HR": 97,
      "RR": 632,
      "rrRMS": 617,
      "date_created": "26-05-2023",
      "time_created": "11:30:12",
      "date_update": "26-05-2023",
      "time_update": "11:30:12",
      "timestamp": 1685075412,
      "date": "26-05-2023",
      "time": "11:30:12",
      "hour": "11",
      "year": "2023",
      "datetime": "26-05-2023 11:30:12",
      "create_at": "2023-05-26T04:30:12.086Z",
      "isChecked": false
    },
    {
      "_id": "647035d7e5d85a9c85cb724d",
      "guid": "58f1abd3-7aad-41d9-9e3b-6e7ad2c27303",
      "guid_device": "C0680226",
      "HR": 97,
      "RR": 640,
      "rrRMS": 625,
      "date_created": "26-05-2023",
      "time_created": "11:30:15",
      "date_update": "26-05-2023",
      "time_update": "11:30:15",
      "timestamp": 1685075415,
      "date": "26-05-2023",
      "time": "11:30:15",
      "hour": "11",
      "year": "2023",
      "datetime": "26-05-2023 11:30:15",
      "create_at": "2023-05-26T04:30:15.092Z",
      "isChecked": false
    },
    {
      "_id": "647035dae5d85a9c85cb7251",
      "guid": "b11f3f3c-c660-4050-9f0f-638bf5187af9",
      "guid_device": "C0680226",
      "HR": 97,
      "RR": 637,
      "rrRMS": 622,
      "date_created": "26-05-2023",
      "time_created": "11:30:18",
      "date_update": "26-05-2023",
      "time_update": "11:30:18",
      "timestamp": 1685075418,
      "date": "26-05-2023",
      "time": "11:30:18",
      "hour": "11",
      "year": "2023",
      "datetime": "26-05-2023 11:30:18",
      "create_at": "2023-05-26T04:30:18.116Z",
      "isChecked": false
    },
    {
      "_id": "647035dbe5d85a9c85cb7254",
      "guid": "2f3e68fd-15e9-42c3-94d1-6013f00d0fc9",
      "guid_device": "C0680226",
      "HR": 97,
      "RR": 636,
      "rrRMS": 621,
      "date_created": "26-05-2023",
      "time_created": "11:30:19",
      "date_update": "26-05-2023",
      "time_update": "11:30:19",
      "timestamp": 1685075420,
      "date": "26-05-2023",
      "time": "11:30:19",
      "hour": "11",
      "year": "2023",
      "datetime": "26-05-2023 11:30:19",
      "create_at": "2023-05-26T04:30:19.992Z",
      "isChecked": false
    },
    {
      "_id": "647035dee5d85a9c85cb7258",
      "guid": "8cdc3b60-ad3a-4d43-a16d-765b77dc16d0",
      "guid_device": "C0680226",
      "HR": 97,
      "RR": 633,
      "rrRMS": 618,
      "date_created": "26-05-2023",
      "time_created": "11:30:22",
      "date_update": "26-05-2023",
      "time_update": "11:30:22",
      "timestamp": 1685075423,
      "date": "26-05-2023",
      "time": "11:30:22",
      "hour": "11",
      "year": "2023",
      "datetime": "26-05-2023 11:30:22",
      "create_at": "2023-05-26T04:30:22.973Z",
      "isChecked": false
    },
    {
      "_id": "647035e1e5d85a9c85cb725b",
      "guid": "8a171e39-3e0e-47ec-877d-4fa7e906fcd1",
      "guid_device": "C0680226",
      "HR": 97,
      "RR": 636,
      "rrRMS": 621,
      "date_created": "26-05-2023",
      "time_created": "11:30:25",
      "date_update": "26-05-2023",
      "time_update": "11:30:25",
      "timestamp": 1685075426,
      "date": "26-05-2023",
      "time": "11:30:25",
      "hour": "11",
      "year": "2023",
      "datetime": "26-05-2023 11:30:25",
      "create_at": "2023-05-26T04:30:25.563Z",
      "isChecked": false
    },
    {
      "_id": "647035e4e5d85a9c85cb725f",
      "guid": "f1559303-cac7-442f-870a-ecabd8dbc7f4",
      "guid_device": "C0680226",
      "HR": 96,
      "RR": 647,
      "rrRMS": 632,
      "date_created": "26-05-2023",
      "time_created": "11:30:28",
      "date_update": "26-05-2023",
      "time_update": "11:30:28",
      "timestamp": 1685075428,
      "date": "26-05-2023",
      "time": "11:30:28",
      "hour": "11",
      "year": "2023",
      "datetime": "26-05-2023 11:30:28",
      "create_at": "2023-05-26T04:30:28.224Z",
      "isChecked": false
    },
    {
      "_id": "647035e6e5d85a9c85cb7262",
      "guid": "3700fe47-c624-4633-8ec2-850f62084c53",
      "guid_device": "C0680226",
      "HR": 96,
      "RR": 651,
      "rrRMS": 636,
      "date_created": "26-05-2023",
      "time_created": "11:30:30",
      "date_update": "26-05-2023",
      "time_update": "11:30:30",
      "timestamp": 1685075430,
      "date": "26-05-2023",
      "time": "11:30:30",
      "hour": "11",
      "year": "2023",
      "datetime": "26-05-2023 11:30:30",
      "create_at": "2023-05-26T04:30:30.116Z",
      "isChecked": false
    },
    {
      "_id": "647035e7e5d85a9c85cb7265",
      "guid": "8383f0ee-f7cc-4412-8d57-41f9525332ab",
      "guid_device": "C0680226",
      "HR": 95,
      "RR": 651,
      "rrRMS": 636,
      "date_created": "26-05-2023",
      "time_created": "11:30:31",
      "date_update": "26-05-2023",
      "time_update": "11:30:31",
      "timestamp": 1685075432,
      "date": "26-05-2023",
      "time": "11:30:31",
      "hour": "11",
      "year": "2023",
      "datetime": "26-05-2023 11:30:31",
      "create_at": "2023-05-26T04:30:31.962Z",
      "isChecked": false
    },
    {
      "_id": "647035eae5d85a9c85cb7269",
      "guid": "b5e78e25-035b-43c9-8f3a-cca99abdbac0",
      "guid_device": "C0680226",
      "HR": 95,
      "RR": 642,
      "rrRMS": 627,
      "date_created": "26-05-2023",
      "time_created": "11:30:34",
      "date_update": "26-05-2023",
      "time_update": "11:30:34",
      "timestamp": 1685075435,
      "date": "26-05-2023",
      "time": "11:30:34",
      "hour": "11",
      "year": "2023",
      "datetime": "26-05-2023 11:30:34",
      "create_at": "2023-05-26T04:30:34.964Z",
      "isChecked": false
    },
    {
      "_id": "647035ede5d85a9c85cb726d",
      "guid": "e1ccee79-8e36-4cfe-9034-e7ee818d4e9c",
      "guid_device": "C0680226",
      "HR": 96,
      "RR": 634,
      "rrRMS": 619,
      "date_created": "26-05-2023",
      "time_created": "11:30:37",
      "date_update": "26-05-2023",
      "time_update": "11:30:37",
      "timestamp": 1685075438,
      "date": "26-05-2023",
      "time": "11:30:37",
      "hour": "11",
      "year": "2023",
      "datetime": "26-05-2023 11:30:37",
      "create_at": "2023-05-26T04:30:37.979Z",
      "isChecked": false
    },
    {
      "_id": "647035f0e5d85a9c85cb7270",
      "guid": "1135955f-5170-40f3-847f-60229ede6a8b",
      "guid_device": "C0680226",
      "HR": 96,
      "RR": 636,
      "rrRMS": 621,
      "date_created": "26-05-2023",
      "time_created": "11:30:40",
      "date_update": "26-05-2023",
      "time_update": "11:30:40",
      "timestamp": 1685075440,
      "date": "26-05-2023",
      "time": "11:30:40",
      "hour": "11",
      "year": "2023",
      "datetime": "26-05-2023 11:30:40",
      "create_at": "2023-05-26T04:30:40.219Z",
      "isChecked": false
    },
    {
      "_id": "647035f3e5d85a9c85cb7274",
      "guid": "779cf69b-ee5c-4b6d-b245-0400d8f728dd",
      "guid_device": "C0680226",
      "HR": 96,
      "RR": 642,
      "rrRMS": 627,
      "date_created": "26-05-2023",
      "time_created": "11:30:43",
      "date_update": "26-05-2023",
      "time_update": "11:30:43",
      "timestamp": 1685075443,
      "date": "26-05-2023",
      "time": "11:30:43",
      "hour": "11",
      "year": "2023",
      "datetime": "26-05-2023 11:30:43",
      "create_at": "2023-05-26T04:30:43.210Z",
      "isChecked": false
    },
    {
      "_id": "647035f5e5d85a9c85cb7277",
      "guid": "7864e1b7-a14d-4872-abb4-ff6dfc7630fd",
      "guid_device": "C0680226",
      "HR": 96,
      "RR": 641,
      "rrRMS": 626,
      "date_created": "26-05-2023",
      "time_created": "11:30:45",
      "date_update": "26-05-2023",
      "time_update": "11:30:45",
      "timestamp": 1685075445,
      "date": "26-05-2023",
      "time": "11:30:45",
      "hour": "11",
      "year": "2023",
      "datetime": "26-05-2023 11:30:45",
      "create_at": "2023-05-26T04:30:45.108Z",
      "isChecked": false
    },
    {
      "_id": "647035f8e5d85a9c85cb727b",
      "guid": "015e456e-d753-4922-bb29-d81f2472f3e4",
      "guid_device": "C0680226",
      "HR": 97,
      "RR": 623,
      "rrRMS": 608,
      "date_created": "26-05-2023",
      "time_created": "11:30:48",
      "date_update": "26-05-2023",
      "time_update": "11:30:48",
      "timestamp": 1685075448,
      "date": "26-05-2023",
      "time": "11:30:48",
      "hour": "11",
      "year": "2023",
      "datetime": "26-05-2023 11:30:48",
      "create_at": "2023-05-26T04:30:48.080Z",
      "isChecked": false
    },
    {
      "_id": "647035fbe5d85a9c85cb727f",
      "guid": "eacb5b9f-9dbe-44a7-b40d-aa3cc17f0f95",
      "guid_device": "C0680226",
      "HR": 98,
      "RR": 623,
      "rrRMS": 608,
      "date_created": "26-05-2023",
      "time_created": "11:30:51",
      "date_update": "26-05-2023",
      "time_update": "11:30:51",
      "timestamp": 1685075451,
      "date": "26-05-2023",
      "time": "11:30:51",
      "hour": "11",
      "year": "2023",
      "datetime": "26-05-2023 11:30:51",
      "create_at": "2023-05-26T04:30:51.077Z",
      "isChecked": false
    },
    {
      "_id": "647035fee5d85a9c85cb7283",
      "guid": "f542d956-b134-4fd0-bed2-8e5de9aca4ef",
      "guid_device": "C0680226",
      "HR": 98,
      "RR": 623,
      "rrRMS": 608,
      "date_created": "26-05-2023",
      "time_created": "11:30:54",
      "date_update": "26-05-2023",
      "time_update": "11:30:54",
      "timestamp": 1685075454,
      "date": "26-05-2023",
      "time": "11:30:54",
      "hour": "11",
      "year": "2023",
      "datetime": "26-05-2023 11:30:54",
      "create_at": "2023-05-26T04:30:54.096Z",
      "isChecked": false
    },
    {
      "_id": "647035ffe5d85a9c85cb7286",
      "guid": "29714450-7617-4fd1-a16f-881faf995bf8",
      "guid_device": "C0680226",
      "HR": 98,
      "RR": 626,
      "rrRMS": 611,
      "date_created": "26-05-2023",
      "time_created": "11:30:55",
      "date_update": "26-05-2023",
      "time_update": "11:30:55",
      "timestamp": 1685075456,
      "date": "26-05-2023",
      "time": "11:30:55",
      "hour": "11",
      "year": "2023",
      "datetime": "26-05-2023 11:30:55",
      "create_at": "2023-05-26T04:30:55.926Z",
      "isChecked": false
    },
    {
      "_id": "64703602e5d85a9c85cb728a",
      "guid": "a5d4d5d9-fcf5-4de1-a33f-c54026597e8a",
      "guid_device": "C0680226",
      "HR": 97,
      "RR": 650,
      "rrRMS": 635,
      "date_created": "26-05-2023",
      "time_created": "11:30:58",
      "date_update": "26-05-2023",
      "time_update": "11:30:58",
      "timestamp": 1685075459,
      "date": "26-05-2023",
      "time": "11:30:58",
      "hour": "11",
      "year": "2023",
      "datetime": "26-05-2023 11:30:58",
      "create_at": "2023-05-26T04:30:58.959Z",
      "isChecked": false
    },
    {
      "_id": "64703605e5d85a9c85cb728d",
      "guid": "8235ac6f-76a6-4cf9-9d59-d8efba89b1ee",
      "guid_device": "C0680226",
      "HR": 96,
      "RR": 655,
      "rrRMS": 640,
      "date_created": "26-05-2023",
      "time_created": "11:31:01",
      "date_update": "26-05-2023",
      "time_update": "11:31:01",
      "timestamp": 1685075461,
      "date": "26-05-2023",
      "time": "11:31:01",
      "hour": "11",
      "year": "2023",
      "datetime": "26-05-2023 11:31:01",
      "create_at": "2023-05-26T04:31:01.268Z",
      "isChecked": false
    },
    {
      "_id": "64703607e5d85a9c85cb7290",
      "guid": "176150be-73b2-4a3c-ab9a-9e056c704189",
      "guid_device": "C0680226",
      "HR": 95,
      "RR": 653,
      "rrRMS": 638,
      "date_created": "26-05-2023",
      "time_created": "11:31:03",
      "date_update": "26-05-2023",
      "time_update": "11:31:03",
      "timestamp": 1685075463,
      "date": "26-05-2023",
      "time": "11:31:03",
      "hour": "11",
      "year": "2023",
      "datetime": "26-05-2023 11:31:03",
      "create_at": "2023-05-26T04:31:03.148Z",
      "isChecked": false
    },
    {
      "_id": "6470360ae5d85a9c85cb7294",
      "guid": "b6a6a516-cae4-4e59-b7af-e3f0b2355404",
      "guid_device": "C0680226",
      "HR": 95,
      "RR": 646,
      "rrRMS": 631,
      "date_created": "26-05-2023",
      "time_created": "11:31:06",
      "date_update": "26-05-2023",
      "time_update": "11:31:06",
      "timestamp": 1685075466,
      "date": "26-05-2023",
      "time": "11:31:06",
      "hour": "11",
      "year": "2023",
      "datetime": "26-05-2023 11:31:06",
      "create_at": "2023-05-26T04:31:06.096Z",
      "isChecked": false
    },
    {
      "_id": "6470360be5d85a9c85cb7297",
      "guid": "ae1cd42d-7b1f-4010-902a-9fc500822060",
      "guid_device": "C0680226",
      "HR": 95,
      "RR": 648,
      "rrRMS": 633,
      "date_created": "26-05-2023",
      "time_created": "11:31:07",
      "date_update": "26-05-2023",
      "time_update": "11:31:07",
      "timestamp": 1685075468,
      "date": "26-05-2023",
      "time": "11:31:07",
      "hour": "11",
      "year": "2023",
      "datetime": "26-05-2023 11:31:07",
      "create_at": "2023-05-26T04:31:07.944Z",
      "isChecked": false
    },
    {
      "_id": "6470360ee5d85a9c85cb729a",
      "guid": "25737c4c-b463-47e5-8b85-50177ab98644",
      "guid_device": "C0680226",
      "HR": 95,
      "RR": 649,
      "rrRMS": 634,
      "date_created": "26-05-2023",
      "time_created": "11:31:10",
      "date_update": "26-05-2023",
      "time_update": "11:31:10",
      "timestamp": 1685075470,
      "date": "26-05-2023",
      "time": "11:31:10",
      "hour": "11",
      "year": "2023",
      "datetime": "26-05-2023 11:31:10",
      "create_at": "2023-05-26T04:31:10.328Z",
      "isChecked": false
    },
    {
      "_id": "64703611e5d85a9c85cb729e",
      "guid": "51a6ae60-10e3-46b7-979e-2a8f7ee51382",
      "guid_device": "C0680226",
      "HR": 95,
      "RR": 652,
      "rrRMS": 637,
      "date_created": "26-05-2023",
      "time_created": "11:31:13",
      "date_update": "26-05-2023",
      "time_update": "11:31:13",
      "timestamp": 1685075473,
      "date": "26-05-2023",
      "time": "11:31:13",
      "hour": "11",
      "year": "2023",
      "datetime": "26-05-2023 11:31:13",
      "create_at": "2023-05-26T04:31:13.320Z",
      "isChecked": false
    },
    {
      "_id": "64703613e5d85a9c85cb72a1",
      "guid": "559dcb07-ad4d-4bbe-aedd-ba148ed90062",
      "guid_device": "C0680226",
      "HR": 95,
      "RR": 650,
      "rrRMS": 635,
      "date_created": "26-05-2023",
      "time_created": "11:31:15",
      "date_update": "26-05-2023",
      "time_update": "11:31:15",
      "timestamp": 1685075475,
      "date": "26-05-2023",
      "time": "11:31:15",
      "hour": "11",
      "year": "2023",
      "datetime": "26-05-2023 11:31:15",
      "create_at": "2023-05-26T04:31:15.183Z",
      "isChecked": false
    },
    {
      "_id": "64703614e5d85a9c85cb72a4",
      "guid": "5e461978-3fdd-4e51-bde6-307c8f12d5d4",
      "guid_device": "C0680226",
      "HR": 95,
      "RR": 650,
      "rrRMS": 635,
      "date_created": "26-05-2023",
      "time_created": "11:31:16",
      "date_update": "26-05-2023",
      "time_update": "11:31:16",
      "timestamp": 1685075477,
      "date": "26-05-2023",
      "time": "11:31:16",
      "hour": "11",
      "year": "2023",
      "datetime": "26-05-2023 11:31:16",
      "create_at": "2023-05-26T04:31:16.984Z",
      "isChecked": false
    },
    {
      "_id": "64703617e5d85a9c85cb72a8",
      "guid": "ab396602-5dd4-40b9-84db-818943bffb6c",
      "guid_device": "C0680226",
      "HR": 94,
      "RR": 672,
      "rrRMS": 656,
      "date_created": "26-05-2023",
      "time_created": "11:31:19",
      "date_update": "26-05-2023",
      "time_update": "11:31:19",
      "timestamp": 1685075480,
      "date": "26-05-2023",
      "time": "11:31:19",
      "hour": "11",
      "year": "2023",
      "datetime": "26-05-2023 11:31:19",
      "create_at": "2023-05-26T04:31:19.976Z",
      "isChecked": false
    },
    {
      "_id": "6470361ae5d85a9c85cb72ab",
      "guid": "7f665476-ba41-4939-94ec-7f8eaf427a77",
      "guid_device": "C0680226",
      "HR": 93,
      "RR": 670,
      "rrRMS": 654,
      "date_created": "26-05-2023",
      "time_created": "11:31:22",
      "date_update": "26-05-2023",
      "time_update": "11:31:22",
      "timestamp": 1685075482,
      "date": "26-05-2023",
      "time": "11:31:22",
      "hour": "11",
      "year": "2023",
      "datetime": "26-05-2023 11:31:22",
      "create_at": "2023-05-26T04:31:22.303Z",
      "isChecked": false
    },
    {
      "_id": "6470361ce5d85a9c85cb72ae",
      "guid": "95ba7ee7-9051-4747-8b60-6f148cd7c0da",
      "guid_device": "C0680226",
      "HR": 93,
      "RR": 667,
      "rrRMS": 651,
      "date_created": "26-05-2023",
      "time_created": "11:31:24",
      "date_update": "26-05-2023",
      "time_update": "11:31:24",
      "timestamp": 1685075484,
      "date": "26-05-2023",
      "time": "11:31:24",
      "hour": "11",
      "year": "2023",
      "datetime": "26-05-2023 11:31:24",
      "create_at": "2023-05-26T04:31:24.175Z",
      "isChecked": false
    },
    {
      "_id": "6470361de5d85a9c85cb72b1",
      "guid": "c3b60f69-3bb0-4d82-9961-5d6395dcea8f",
      "guid_device": "C0680226",
      "HR": 92,
      "RR": 673,
      "rrRMS": 657,
      "date_created": "26-05-2023",
      "time_created": "11:31:25",
      "date_update": "26-05-2023",
      "time_update": "11:31:25",
      "timestamp": 1685075486,
      "date": "26-05-2023",
      "time": "11:31:25",
      "hour": "11",
      "year": "2023",
      "datetime": "26-05-2023 11:31:25",
      "create_at": "2023-05-26T04:31:25.975Z",
      "isChecked": false
    },
    {
      "_id": "64703620e5d85a9c85cb72b4",
      "guid": "355175d0-8ac0-4b9a-b496-12567371b153",
      "guid_device": "C0680226",
      "HR": 92,
      "RR": 673,
      "rrRMS": 657,
      "date_created": "26-05-2023",
      "time_created": "11:31:28",
      "date_update": "26-05-2023",
      "time_update": "11:31:28",
      "timestamp": 1685075488,
      "date": "26-05-2023",
      "time": "11:31:28",
      "hour": "11",
      "year": "2023",
      "datetime": "26-05-2023 11:31:28",
      "create_at": "2023-05-26T04:31:28.321Z",
      "isChecked": false
    },
    {
      "_id": "64703622e5d85a9c85cb72b7",
      "guid": "0a8e55d0-521a-4374-b053-381421644529",
      "guid_device": "C0680226",
      "HR": 92,
      "RR": 669,
      "rrRMS": 653,
      "date_created": "26-05-2023",
      "time_created": "11:31:30",
      "date_update": "26-05-2023",
      "time_update": "11:31:30",
      "timestamp": 1685075490,
      "date": "26-05-2023",
      "time": "11:31:30",
      "hour": "11",
      "year": "2023",
      "datetime": "26-05-2023 11:31:30",
      "create_at": "2023-05-26T04:31:30.161Z",
      "isChecked": false
    },
    {
      "_id": "64703623e5d85a9c85cb72ba",
      "guid": "3ce02482-1478-4c42-b2f7-fc8850678424",
      "guid_device": "C0680226",
      "HR": 92,
      "RR": 667,
      "rrRMS": 651,
      "date_created": "26-05-2023",
      "time_created": "11:31:31",
      "date_update": "26-05-2023",
      "time_update": "11:31:31",
      "timestamp": 1685075492,
      "date": "26-05-2023",
      "time": "11:31:31",
      "hour": "11",
      "year": "2023",
      "datetime": "26-05-2023 11:31:31",
      "create_at": "2023-05-26T04:31:31.978Z",
      "isChecked": false
    },
    {
      "_id": "64703626e5d85a9c85cb72be",
      "guid": "ca35f751-57fa-4bc9-ba1a-f53be42c9c63",
      "guid_device": "C0680226",
      "HR": 92,
      "RR": 670,
      "rrRMS": 654,
      "date_created": "26-05-2023",
      "time_created": "11:31:34",
      "date_update": "26-05-2023",
      "time_update": "11:31:34",
      "timestamp": 1685075495,
      "date": "26-05-2023",
      "time": "11:31:34",
      "hour": "11",
      "year": "2023",
      "datetime": "26-05-2023 11:31:34",
      "create_at": "2023-05-26T04:31:34.987Z",
      "isChecked": false
    },
    {
      "_id": "64703629e5d85a9c85cb72c1",
      "guid": "cd6df670-da45-4439-8f94-ac2eaad85d3c",
      "guid_device": "C0680226",
      "HR": 92,
      "RR": 668,
      "rrRMS": 652,
      "date_created": "26-05-2023",
      "time_created": "11:31:37",
      "date_update": "26-05-2023",
      "time_update": "11:31:37",
      "timestamp": 1685075497,
      "date": "26-05-2023",
      "time": "11:31:37",
      "hour": "11",
      "year": "2023",
      "datetime": "26-05-2023 11:31:37",
      "create_at": "2023-05-26T04:31:37.283Z",
      "isChecked": false
    },
    {
      "_id": "6470362be5d85a9c85cb72c4",
      "guid": "2e7e6f00-e1c4-4ec9-92c9-6755c4da7ce5",
      "guid_device": "C0680226",
      "HR": 92,
      "RR": 661,
      "rrRMS": 646,
      "date_created": "26-05-2023",
      "time_created": "11:31:39",
      "date_update": "26-05-2023",
      "time_update": "11:31:39",
      "timestamp": 1685075499,
      "date": "26-05-2023",
      "time": "11:31:39",
      "hour": "11",
      "year": "2023",
      "datetime": "26-05-2023 11:31:39",
      "create_at": "2023-05-26T04:31:39.186Z",
      "isChecked": false
    },
    {
      "_id": "6470362ce5d85a9c85cb72c7",
      "guid": "313c90b2-feb5-4eb2-892a-be6f56a0b2a0",
      "guid_device": "C0680226",
      "HR": 92,
      "RR": 661,
      "rrRMS": 646,
      "date_created": "26-05-2023",
      "time_created": "11:31:40",
      "date_update": "26-05-2023",
      "time_update": "11:31:40",
      "timestamp": 1685075501,
      "date": "26-05-2023",
      "time": "11:31:40",
      "hour": "11",
      "year": "2023",
      "datetime": "26-05-2023 11:31:40",
      "create_at": "2023-05-26T04:31:40.970Z",
      "isChecked": false
    },
    {
      "_id": "6470362fe5d85a9c85cb72ca",
      "guid": "69613928-8a49-4736-a6f4-1c649d06d18a",
      "guid_device": "C0680226",
      "HR": 92,
      "RR": 659,
      "rrRMS": 644,
      "date_created": "26-05-2023",
      "time_created": "11:31:43",
      "date_update": "26-05-2023",
      "time_update": "11:31:43",
      "timestamp": 1685075503,
      "date": "26-05-2023",
      "time": "11:31:43",
      "hour": "11",
      "year": "2023",
      "datetime": "26-05-2023 11:31:43",
      "create_at": "2023-05-26T04:31:43.275Z",
      "isChecked": false
    },
    {
      "_id": "64703631e5d85a9c85cb72cd",
      "guid": "00b992bd-32da-4beb-b515-8f55ebec47be",
      "guid_device": "C0680226",
      "HR": 93,
      "RR": 662,
      "rrRMS": 646,
      "date_created": "26-05-2023",
      "time_created": "11:31:45",
      "date_update": "26-05-2023",
      "time_update": "11:31:45",
      "timestamp": 1685075505,
      "date": "26-05-2023",
      "time": "11:31:45",
      "hour": "11",
      "year": "2023",
      "datetime": "26-05-2023 11:31:45",
      "create_at": "2023-05-26T04:31:45.210Z",
      "isChecked": false
    },
    {
      "_id": "64703634e5d85a9c85cb72d1",
      "guid": "f6ed61d4-b573-461c-b7ec-a116fdf31c8a",
      "guid_device": "C0680226",
      "HR": 93,
      "RR": 657,
      "rrRMS": 642,
      "date_created": "26-05-2023",
      "time_created": "11:31:48",
      "date_update": "26-05-2023",
      "time_update": "11:31:48",
      "timestamp": 1685075508,
      "date": "26-05-2023",
      "time": "11:31:48",
      "hour": "11",
      "year": "2023",
      "datetime": "26-05-2023 11:31:48",
      "create_at": "2023-05-26T04:31:48.102Z",
      "isChecked": false
    },
    {
      "_id": "64703635e5d85a9c85cb72d4",
      "guid": "13064eae-eb3d-4d76-907c-ebd64e7ff04e",
      "guid_device": "C0680226",
      "HR": 93,
      "RR": 655,
      "rrRMS": 640,
      "date_created": "26-05-2023",
      "time_created": "11:31:49",
      "date_update": "26-05-2023",
      "time_update": "11:31:49",
      "timestamp": 1685075510,
      "date": "26-05-2023",
      "time": "11:31:49",
      "hour": "11",
      "year": "2023",
      "datetime": "26-05-2023 11:31:49",
      "create_at": "2023-05-26T04:31:49.966Z",
      "isChecked": false
    },
    {
      "_id": "64703638e5d85a9c85cb72d7",
      "guid": "9b244336-98ee-4dbe-94f0-b1aa990faa15",
      "guid_device": "C0680226",
      "HR": 93,
      "RR": 659,
      "rrRMS": 644,
      "date_created": "26-05-2023",
      "time_created": "11:31:52",
      "date_update": "26-05-2023",
      "time_update": "11:31:52",
      "timestamp": 1685075512,
      "date": "26-05-2023",
      "time": "11:31:52",
      "hour": "11",
      "year": "2023",
      "datetime": "26-05-2023 11:31:52",
      "create_at": "2023-05-26T04:31:52.242Z",
      "isChecked": false
    },
    {
      "_id": "6470363ae5d85a9c85cb72da",
      "guid": "0ffb23a7-4543-4b85-82da-33cb4b24099c",
      "guid_device": "C0680226",
      "HR": 93,
      "RR": 666,
      "rrRMS": 650,
      "date_created": "26-05-2023",
      "time_created": "11:31:54",
      "date_update": "26-05-2023",
      "time_update": "11:31:54",
      "timestamp": 1685075514,
      "date": "26-05-2023",
      "time": "11:31:54",
      "hour": "11",
      "year": "2023",
      "datetime": "26-05-2023 11:31:54",
      "create_at": "2023-05-26T04:31:54.086Z",
      "isChecked": false
    },
    {
      "_id": "6470363de5d85a9c85cb72de",
      "guid": "d3977bdb-ecbe-45ca-9547-89039d7f0b01",
      "guid_device": "C0680226",
      "HR": 93,
      "RR": 665,
      "rrRMS": 649,
      "date_created": "26-05-2023",
      "time_created": "11:31:57",
      "date_update": "26-05-2023",
      "time_update": "11:31:57",
      "timestamp": 1685075517,
      "date": "26-05-2023",
      "time": "11:31:57",
      "hour": "11",
      "year": "2023",
      "datetime": "26-05-2023 11:31:57",
      "create_at": "2023-05-26T04:31:57.190Z",
      "isChecked": false
    },
    {
      "_id": "6470363ee5d85a9c85cb72e1",
      "guid": "a64fe7b6-c749-4452-8439-a17cb60d321c",
      "guid_device": "C0680226",
      "HR": 92,
      "RR": 660,
      "rrRMS": 645,
      "date_created": "26-05-2023",
      "time_created": "11:31:58",
      "date_update": "26-05-2023",
      "time_update": "11:31:58",
      "timestamp": 1685075519,
      "date": "26-05-2023",
      "time": "11:31:58",
      "hour": "11",
      "year": "2023",
      "datetime": "26-05-2023 11:31:58",
      "create_at": "2023-05-26T04:31:58.966Z",
      "isChecked": false
    },
    {
      "_id": "64703641e5d85a9c85cb72e4",
      "guid": "bf1365b3-26c0-4973-b1c9-d3f39e372499",
      "guid_device": "C0680226",
      "HR": 93,
      "RR": 663,
      "rrRMS": 647,
      "date_created": "26-05-2023",
      "time_created": "11:32:01",
      "date_update": "26-05-2023",
      "time_update": "11:32:01",
      "timestamp": 1685075521,
      "date": "26-05-2023",
      "time": "11:32:01",
      "hour": "11",
      "year": "2023",
      "datetime": "26-05-2023 11:32:01",
      "create_at": "2023-05-26T04:32:01.342Z",
      "isChecked": false
    },
    {
      "_id": "64703643e5d85a9c85cb72e7",
      "guid": "f0cd6541-4bb7-4337-8f56-358cd591e187",
      "guid_device": "C0680226",
      "HR": 93,
      "RR": 674,
      "rrRMS": 658,
      "date_created": "26-05-2023",
      "time_created": "11:32:03",
      "date_update": "26-05-2023",
      "time_update": "11:32:03",
      "timestamp": 1685075523,
      "date": "26-05-2023",
      "time": "11:32:03",
      "hour": "11",
      "year": "2023",
      "datetime": "26-05-2023 11:32:03",
      "create_at": "2023-05-26T04:32:03.150Z",
      "isChecked": false
    },
    {
      "_id": "64703644e5d85a9c85cb72ea",
      "guid": "6f9aa461-767d-496e-9e48-6850e24a89f3",
      "guid_device": "C0680226",
      "HR": 92,
      "RR": 679,
      "rrRMS": 663,
      "date_created": "26-05-2023",
      "time_created": "11:32:04",
      "date_update": "26-05-2023",
      "time_update": "11:32:04",
      "timestamp": 1685075525,
      "date": "26-05-2023",
      "time": "11:32:04",
      "hour": "11",
      "year": "2023",
      "datetime": "26-05-2023 11:32:04",
      "create_at": "2023-05-26T04:32:04.966Z",
      "isChecked": false
    },
    {
      "_id": "64703647e5d85a9c85cb72ed",
      "guid": "d9d880c8-5e74-4f84-aecb-4eb51fe7167b",
      "guid_device": "C0680226",
      "HR": 91,
      "RR": 679,
      "rrRMS": 663,
      "date_created": "26-05-2023",
      "time_created": "11:32:07",
      "date_update": "26-05-2023",
      "time_update": "11:32:07",
      "timestamp": 1685075527,
      "date": "26-05-2023",
      "time": "11:32:07",
      "hour": "11",
      "year": "2023",
      "datetime": "26-05-2023 11:32:07",
      "create_at": "2023-05-26T04:32:07.293Z",
      "isChecked": false
    },
    {
      "_id": "64703649e5d85a9c85cb72f0",
      "guid": "d30dcdf1-f8f7-496b-89b2-715e40399464",
      "guid_device": "C0680226",
      "HR": 91,
      "RR": 672,
      "rrRMS": 656,
      "date_created": "26-05-2023",
      "time_created": "11:32:09",
      "date_update": "26-05-2023",
      "time_update": "11:32:09",
      "timestamp": 1685075529,
      "date": "26-05-2023",
      "time": "11:32:09",
      "hour": "11",
      "year": "2023",
      "datetime": "26-05-2023 11:32:09",
      "create_at": "2023-05-26T04:32:09.152Z",
      "isChecked": false
    },
    {
      "_id": "6470364ae5d85a9c85cb72f3",
      "guid": "d31670fa-7c89-4a68-83ef-84fa4e8e872e",
      "guid_device": "C0680226",
      "HR": 91,
      "RR": 664,
      "rrRMS": 648,
      "date_created": "26-05-2023",
      "time_created": "11:32:10",
      "date_update": "26-05-2023",
      "time_update": "11:32:10",
      "timestamp": 1685075531,
      "date": "26-05-2023",
      "time": "11:32:10",
      "hour": "11",
      "year": "2023",
      "datetime": "26-05-2023 11:32:10",
      "create_at": "2023-05-26T04:32:10.974Z",
      "isChecked": false
    },
    {
      "_id": "6470364de5d85a9c85cb72f7",
      "guid": "61069338-e2a1-4829-a341-3c91f592935f",
      "guid_device": "C0680226",
      "HR": 92,
      "RR": 662,
      "rrRMS": 646,
      "date_created": "26-05-2023",
      "time_created": "11:32:13",
      "date_update": "26-05-2023",
      "time_update": "11:32:13",
      "timestamp": 1685075534,
      "date": "26-05-2023",
      "time": "11:32:13",
      "hour": "11",
      "year": "2023",
      "datetime": "26-05-2023 11:32:13",
      "create_at": "2023-05-26T04:32:13.973Z",
      "isChecked": false
    },
    {
      "_id": "64703650e5d85a9c85cb72fa",
      "guid": "842a312c-b9f7-4680-9845-e1f243cba8e8",
      "guid_device": "C0680226",
      "HR": 92,
      "RR": 656,
      "rrRMS": 641,
      "date_created": "26-05-2023",
      "time_created": "11:32:16",
      "date_update": "26-05-2023",
      "time_update": "11:32:16",
      "timestamp": 1685075536,
      "date": "26-05-2023",
      "time": "11:32:16",
      "hour": "11",
      "year": "2023",
      "datetime": "26-05-2023 11:32:16",
      "create_at": "2023-05-26T04:32:16.307Z",
      "isChecked": false
    },
    {
      "_id": "64703653e5d85a9c85cb72fe",
      "guid": "b1a4886f-61fa-4be0-8743-6b90374bff14",
      "guid_device": "C0680226",
      "HR": 94,
      "RR": 642,
      "rrRMS": 627,
      "date_created": "26-05-2023",
      "time_created": "11:32:19",
      "date_update": "26-05-2023",
      "time_update": "11:32:19",
      "timestamp": 1685075539,
      "date": "26-05-2023",
      "time": "11:32:19",
      "hour": "11",
      "year": "2023",
      "datetime": "26-05-2023 11:32:19",
      "create_at": "2023-05-26T04:32:19.360Z",
      "isChecked": false
    },
    {
      "_id": "64703655e5d85a9c85cb7301",
      "guid": "70facc36-7676-44b2-93b9-df82a126f121",
      "guid_device": "C0680226",
      "HR": 95,
      "RR": 649,
      "rrRMS": 634,
      "date_created": "26-05-2023",
      "time_created": "11:32:21",
      "date_update": "26-05-2023",
      "time_update": "11:32:21",
      "timestamp": 1685075541,
      "date": "26-05-2023",
      "time": "11:32:21",
      "hour": "11",
      "year": "2023",
      "datetime": "26-05-2023 11:32:21",
      "create_at": "2023-05-26T04:32:21.111Z",
      "isChecked": false
    },
    {
      "_id": "64703656e5d85a9c85cb7304",
      "guid": "62b0e65f-9d26-464e-b0a7-a9df7bae8ae3",
      "guid_device": "C0680226",
      "HR": 95,
      "RR": 658,
      "rrRMS": 643,
      "date_created": "26-05-2023",
      "time_created": "11:32:22",
      "date_update": "26-05-2023",
      "time_update": "11:32:22",
      "timestamp": 1685075543,
      "date": "26-05-2023",
      "time": "11:32:22",
      "hour": "11",
      "year": "2023",
      "datetime": "26-05-2023 11:32:22",
      "create_at": "2023-05-26T04:32:22.991Z",
      "isChecked": false
    },
    {
      "_id": "64703659e5d85a9c85cb7307",
      "guid": "1695d8c4-2903-4f31-bc5b-a3a845477ed3",
      "guid_device": "C0680226",
      "HR": 94,
      "RR": 662,
      "rrRMS": 646,
      "date_created": "26-05-2023",
      "time_created": "11:32:25",
      "date_update": "26-05-2023",
      "time_update": "11:32:25",
      "timestamp": 1685075545,
      "date": "26-05-2023",
      "time": "11:32:25",
      "hour": "11",
      "year": "2023",
      "datetime": "26-05-2023 11:32:25",
      "create_at": "2023-05-26T04:32:25.318Z",
      "isChecked": false
    },
    {
      "_id": "6470365ce5d85a9c85cb730b",
      "guid": "ee1e02ab-01cf-4855-af31-e26248602fb5",
      "guid_device": "C0680226",
      "HR": 94,
      "RR": 654,
      "rrRMS": 639,
      "date_created": "26-05-2023",
      "time_created": "11:32:28",
      "date_update": "26-05-2023",
      "time_update": "11:32:28",
      "timestamp": 1685075548,
      "date": "26-05-2023",
      "time": "11:32:28",
      "hour": "11",
      "year": "2023",
      "datetime": "26-05-2023 11:32:28",
      "create_at": "2023-05-26T04:32:28.281Z",
      "isChecked": false
    },
    {
      "_id": "6470365ee5d85a9c85cb730e",
      "guid": "19c28517-728b-41b5-9ebf-8e296db1d56b",
      "guid_device": "C0680226",
      "HR": 94,
      "RR": 646,
      "rrRMS": 631,
      "date_created": "26-05-2023",
      "time_created": "11:32:30",
      "date_update": "26-05-2023",
      "time_update": "11:32:30",
      "timestamp": 1685075550,
      "date": "26-05-2023",
      "time": "11:32:30",
      "hour": "11",
      "year": "2023",
      "datetime": "26-05-2023 11:32:30",
      "create_at": "2023-05-26T04:32:30.165Z",
      "isChecked": false
    },
    {
      "_id": "64703661e5d85a9c85cb7312",
      "guid": "c1bc6dde-53ca-468c-b98e-b1771cfb6176",
      "guid_device": "C0680226",
      "HR": 95,
      "RR": 641,
      "rrRMS": 626,
      "date_created": "26-05-2023",
      "time_created": "11:32:33",
      "date_update": "26-05-2023",
      "time_update": "11:32:33",
      "timestamp": 1685075553,
      "date": "26-05-2023",
      "time": "11:32:33",
      "hour": "11",
      "year": "2023",
      "datetime": "26-05-2023 11:32:33",
      "create_at": "2023-05-26T04:32:33.160Z",
      "isChecked": false
    },
    {
      "_id": "64703662e5d85a9c85cb7315",
      "guid": "2eacea4b-1d45-4ff2-8646-b40e9a01320e",
      "guid_device": "C0680226",
      "HR": 95,
      "RR": 643,
      "rrRMS": 628,
      "date_created": "26-05-2023",
      "time_created": "11:32:34",
      "date_update": "26-05-2023",
      "time_update": "11:32:34",
      "timestamp": 1685075555,
      "date": "26-05-2023",
      "time": "11:32:34",
      "hour": "11",
      "year": "2023",
      "datetime": "26-05-2023 11:32:34",
      "create_at": "2023-05-26T04:32:34.961Z",
      "isChecked": false
    },
    {
      "_id": "64703665e5d85a9c85cb7318",
      "guid": "fce9308e-eded-4a5d-92cb-1879a7e83f6e",
      "guid_device": "C0680226",
      "HR": 95,
      "RR": 645,
      "rrRMS": 630,
      "date_created": "26-05-2023",
      "time_created": "11:32:37",
      "date_update": "26-05-2023",
      "time_update": "11:32:37",
      "timestamp": 1685075557,
      "date": "26-05-2023",
      "time": "11:32:37",
      "hour": "11",
      "year": "2023",
      "datetime": "26-05-2023 11:32:37",
      "create_at": "2023-05-26T04:32:37.288Z",
      "isChecked": false
    },
    {
      "_id": "64703668e5d85a9c85cb731c",
      "guid": "3d5e39f4-cfd8-4d74-93e5-3ed146314c08",
      "guid_device": "C0680226",
      "HR": 96,
      "RR": 638,
      "rrRMS": 623,
      "date_created": "26-05-2023",
      "time_created": "11:32:40",
      "date_update": "26-05-2023",
      "time_update": "11:32:40",
      "timestamp": 1685075560,
      "date": "26-05-2023",
      "time": "11:32:40",
      "hour": "11",
      "year": "2023",
      "datetime": "26-05-2023 11:32:40",
      "create_at": "2023-05-26T04:32:40.229Z",
      "isChecked": false
    },
    {
      "_id": "6470366ae5d85a9c85cb731f",
      "guid": "dd870f33-e78d-4d44-8310-793ef4556da8",
      "guid_device": "C0680226",
      "HR": 96,
      "RR": 642,
      "rrRMS": 627,
      "date_created": "26-05-2023",
      "time_created": "11:32:42",
      "date_update": "26-05-2023",
      "time_update": "11:32:42",
      "timestamp": 1685075562,
      "date": "26-05-2023",
      "time": "11:32:42",
      "hour": "11",
      "year": "2023",
      "datetime": "26-05-2023 11:32:42",
      "create_at": "2023-05-26T04:32:42.163Z",
      "isChecked": false
    },
    {
      "_id": "6470366de5d85a9c85cb7323",
      "guid": "3801429c-0eb9-4e2c-8012-83ccbf5b9149",
      "guid_device": "C0680226",
      "HR": 96,
      "RR": 646,
      "rrRMS": 631,
      "date_created": "26-05-2023",
      "time_created": "11:32:45",
      "date_update": "26-05-2023",
      "time_update": "11:32:45",
      "timestamp": 1685075565,
      "date": "26-05-2023",
      "time": "11:32:45",
      "hour": "11",
      "year": "2023",
      "datetime": "26-05-2023 11:32:45",
      "create_at": "2023-05-26T04:32:45.089Z",
      "isChecked": false
    },
    {
      "_id": "6470366ee5d85a9c85cb7326",
      "guid": "032bf8c2-204f-4334-a1e9-7b1eb96b3f6d",
      "guid_device": "C0680226",
      "HR": 96,
      "RR": 644,
      "rrRMS": 629,
      "date_created": "26-05-2023",
      "time_created": "11:32:46",
      "date_update": "26-05-2023",
      "time_update": "11:32:46",
      "timestamp": 1685075567,
      "date": "26-05-2023",
      "time": "11:32:46",
      "hour": "11",
      "year": "2023",
      "datetime": "26-05-2023 11:32:46",
      "create_at": "2023-05-26T04:32:46.980Z",
      "isChecked": false
    },
    {
      "_id": "64703671e5d85a9c85cb732a",
      "guid": "5787b3ef-ac29-45c4-a50f-5f85503196e6",
      "guid_device": "C0680226",
      "HR": 96,
      "RR": 641,
      "rrRMS": 626,
      "date_created": "26-05-2023",
      "time_created": "11:32:49",
      "date_update": "26-05-2023",
      "time_update": "11:32:49",
      "timestamp": 1685075570,
      "date": "26-05-2023",
      "time": "11:32:49",
      "hour": "11",
      "year": "2023",
      "datetime": "26-05-2023 11:32:49",
      "create_at": "2023-05-26T04:32:49.968Z",
      "isChecked": false
    },
    {
      "_id": "64703674e5d85a9c85cb732d",
      "guid": "8ec8fbc1-42c7-4229-a2fe-a86d656a8dc4",
      "guid_device": "C0680226",
      "HR": 96,
      "RR": 648,
      "rrRMS": 633,
      "date_created": "26-05-2023",
      "time_created": "11:32:52",
      "date_update": "26-05-2023",
      "time_update": "11:32:52",
      "timestamp": 1685075572,
      "date": "26-05-2023",
      "time": "11:32:52",
      "hour": "11",
      "year": "2023",
      "datetime": "26-05-2023 11:32:52",
      "create_at": "2023-05-26T04:32:52.281Z",
      "isChecked": false
    },
    {
      "_id": "64703676e5d85a9c85cb7330",
      "guid": "69edf7d7-a3bb-4c71-8a36-b1513bceb906",
      "guid_device": "C0680226",
      "HR": 95,
      "RR": 654,
      "rrRMS": 639,
      "date_created": "26-05-2023",
      "time_created": "11:32:54",
      "date_update": "26-05-2023",
      "time_update": "11:32:54",
      "timestamp": 1685075574,
      "date": "26-05-2023",
      "time": "11:32:54",
      "hour": "11",
      "year": "2023",
      "datetime": "26-05-2023 11:32:54",
      "create_at": "2023-05-26T04:32:54.068Z",
      "isChecked": false
    },
    {
      "_id": "64703679e5d85a9c85cb7334",
      "guid": "6ad9b4b2-75ed-4ec4-b5ad-37578b0d1456",
      "guid_device": "C0680226",
      "HR": 94,
      "RR": 660,
      "rrRMS": 645,
      "date_created": "26-05-2023",
      "time_created": "11:32:57",
      "date_update": "26-05-2023",
      "time_update": "11:32:57",
      "timestamp": 1685075577,
      "date": "26-05-2023",
      "time": "11:32:57",
      "hour": "11",
      "year": "2023",
      "datetime": "26-05-2023 11:32:57",
      "create_at": "2023-05-26T04:32:57.168Z",
      "isChecked": false
    },
    {
      "_id": "6470367ae5d85a9c85cb7337",
      "guid": "d7cb7f40-6ce6-4c09-83e9-87f26e8d596e",
      "guid_device": "C0680226",
      "HR": 94,
      "RR": 665,
      "rrRMS": 649,
      "date_created": "26-05-2023",
      "time_created": "11:32:58",
      "date_update": "26-05-2023",
      "time_update": "11:32:58",
      "timestamp": 1685075579,
      "date": "26-05-2023",
      "time": "11:32:58",
      "hour": "11",
      "year": "2023",
      "datetime": "26-05-2023 11:32:58",
      "create_at": "2023-05-26T04:32:58.948Z",
      "isChecked": false
    },
    {
      "_id": "6470367de5d85a9c85cb733a",
      "guid": "47b1f765-d902-453e-befd-62d296caa392",
      "guid_device": "C0680226",
      "HR": 93,
      "RR": 674,
      "rrRMS": 658,
      "date_created": "26-05-2023",
      "time_created": "11:33:01",
      "date_update": "26-05-2023",
      "time_update": "11:33:01",
      "timestamp": 1685075581,
      "date": "26-05-2023",
      "time": "11:33:01",
      "hour": "11",
      "year": "2023",
      "datetime": "26-05-2023 11:33:01",
      "create_at": "2023-05-26T04:33:01.303Z",
      "isChecked": false
    },
    {
      "_id": "6470367fe5d85a9c85cb733d",
      "guid": "be855e82-3e68-4458-918f-403e4c1f3bda",
      "guid_device": "C0680226",
      "HR": 92,
      "RR": 672,
      "rrRMS": 656,
      "date_created": "26-05-2023",
      "time_created": "11:33:03",
      "date_update": "26-05-2023",
      "time_update": "11:33:03",
      "timestamp": 1685075583,
      "date": "26-05-2023",
      "time": "11:33:03",
      "hour": "11",
      "year": "2023",
      "datetime": "26-05-2023 11:33:03",
      "create_at": "2023-05-26T04:33:03.167Z",
      "isChecked": false
    },
    {
      "_id": "64703680e5d85a9c85cb7340",
      "guid": "259fc60f-3d3a-43e4-8988-f0e395898122",
      "guid_device": "C0680226",
      "HR": 92,
      "RR": 676,
      "rrRMS": 660,
      "date_created": "26-05-2023",
      "time_created": "11:33:04",
      "date_update": "26-05-2023",
      "time_update": "11:33:04",
      "timestamp": 1685075585,
      "date": "26-05-2023",
      "time": "11:33:04",
      "hour": "11",
      "year": "2023",
      "datetime": "26-05-2023 11:33:04",
      "create_at": "2023-05-26T04:33:04.992Z",
      "isChecked": false
    },
    {
      "_id": "64703683e5d85a9c85cb7343",
      "guid": "215e38b3-3e94-45c6-993b-3ed60aef84fd",
      "guid_device": "C0680226",
      "HR": 91,
      "RR": 679,
      "rrRMS": 663,
      "date_created": "26-05-2023",
      "time_created": "11:33:07",
      "date_update": "26-05-2023",
      "time_update": "11:33:07",
      "timestamp": 1685075587,
      "date": "26-05-2023",
      "time": "11:33:07",
      "hour": "11",
      "year": "2023",
      "datetime": "26-05-2023 11:33:07",
      "create_at": "2023-05-26T04:33:07.494Z",
      "isChecked": false
    },
    {
      "_id": "64703685e5d85a9c85cb7346",
      "guid": "88c0295c-31aa-4e03-81d2-5c4f74561561",
      "guid_device": "C0680226",
      "HR": 91,
      "RR": 683,
      "rrRMS": 667,
      "date_created": "26-05-2023",
      "time_created": "11:33:09",
      "date_update": "26-05-2023",
      "time_update": "11:33:09",
      "timestamp": 1685075589,
      "date": "26-05-2023",
      "time": "11:33:09",
      "hour": "11",
      "year": "2023",
      "datetime": "26-05-2023 11:33:09",
      "create_at": "2023-05-26T04:33:09.348Z",
      "isChecked": false
    },
    {
      "_id": "64703686e5d85a9c85cb7349",
      "guid": "057a497c-f918-42cb-b2c8-5eaad008c094",
      "guid_device": "C0680226",
      "HR": 91,
      "RR": 680,
      "rrRMS": 664,
      "date_created": "26-05-2023",
      "time_created": "11:33:10",
      "date_update": "26-05-2023",
      "time_update": "11:33:10",
      "timestamp": 1685075591,
      "date": "26-05-2023",
      "time": "11:33:10",
      "hour": "11",
      "year": "2023",
      "datetime": "26-05-2023 11:33:10",
      "create_at": "2023-05-26T04:33:10.940Z",
      "isChecked": false
    },
    {
      "_id": "64703689e5d85a9c85cb734c",
      "guid": "57642780-66cb-4501-a52d-3610ac7f2617",
      "guid_device": "C0680226",
      "HR": 91,
      "RR": 669,
      "rrRMS": 653,
      "date_created": "26-05-2023",
      "time_created": "11:33:13",
      "date_update": "26-05-2023",
      "time_update": "11:33:13",
      "timestamp": 1685075593,
      "date": "26-05-2023",
      "time": "11:33:13",
      "hour": "11",
      "year": "2023",
      "datetime": "26-05-2023 11:33:13",
      "create_at": "2023-05-26T04:33:13.321Z",
      "isChecked": false
    },
    {
      "_id": "6470368be5d85a9c85cb734f",
      "guid": "8118d047-bb77-4bf8-83a7-7e0d490d0359",
      "guid_device": "C0680226",
      "HR": 91,
      "RR": 669,
      "rrRMS": 653,
      "date_created": "26-05-2023",
      "time_created": "11:33:15",
      "date_update": "26-05-2023",
      "time_update": "11:33:15",
      "timestamp": 1685075595,
      "date": "26-05-2023",
      "time": "11:33:15",
      "hour": "11",
      "year": "2023",
      "datetime": "26-05-2023 11:33:15",
      "create_at": "2023-05-26T04:33:15.161Z",
      "isChecked": false
    },
    {
      "_id": "6470368ce5d85a9c85cb7352",
      "guid": "bf726110-79f5-45e3-a80f-cd985d1df33c",
      "guid_device": "C0680226",
      "HR": 91,
      "RR": 674,
      "rrRMS": 658,
      "date_created": "26-05-2023",
      "time_created": "11:33:16",
      "date_update": "26-05-2023",
      "time_update": "11:33:16",
      "timestamp": 1685075597,
      "date": "26-05-2023",
      "time": "11:33:16",
      "hour": "11",
      "year": "2023",
      "datetime": "26-05-2023 11:33:16",
      "create_at": "2023-05-26T04:33:16.961Z",
      "isChecked": false
    },
    {
      "_id": "6470368fe5d85a9c85cb7355",
      "guid": "d8ac7d6f-f077-4947-a123-379cb28efbdb",
      "guid_device": "C0680226",
      "HR": 91,
      "RR": 684,
      "rrRMS": 668,
      "date_created": "26-05-2023",
      "time_created": "11:33:19",
      "date_update": "26-05-2023",
      "time_update": "11:33:19",
      "timestamp": 1685075599,
      "date": "26-05-2023",
      "time": "11:33:19",
      "hour": "11",
      "year": "2023",
      "datetime": "26-05-2023 11:33:19",
      "create_at": "2023-05-26T04:33:19.271Z",
      "isChecked": false
    },
    {
      "_id": "64703691e5d85a9c85cb7358",
      "guid": "61419479-9371-4871-b692-b5d9f60f7dfc",
      "guid_device": "C0680226",
      "HR": 91,
      "RR": 688,
      "rrRMS": 672,
      "date_created": "26-05-2023",
      "time_created": "11:33:21",
      "date_update": "26-05-2023",
      "time_update": "11:33:21",
      "timestamp": 1685075601,
      "date": "26-05-2023",
      "time": "11:33:21",
      "hour": "11",
      "year": "2023",
      "datetime": "26-05-2023 11:33:21",
      "create_at": "2023-05-26T04:33:21.109Z",
      "isChecked": false
    },
    {
      "_id": "64703692e5d85a9c85cb735b",
      "guid": "42a48f63-c3ef-44da-9634-2d61d90e8b4f",
      "guid_device": "C0680226",
      "HR": 90,
      "RR": 683,
      "rrRMS": 667,
      "date_created": "26-05-2023",
      "time_created": "11:33:22",
      "date_update": "26-05-2023",
      "time_update": "11:33:22",
      "timestamp": 1685075603,
      "date": "26-05-2023",
      "time": "11:33:22",
      "hour": "11",
      "year": "2023",
      "datetime": "26-05-2023 11:33:22",
      "create_at": "2023-05-26T04:33:22.981Z",
      "isChecked": false
    },
    {
      "_id": "64703695e5d85a9c85cb735e",
      "guid": "2ee8c722-0818-407f-94a7-f847eee50b8c",
      "guid_device": "C0680226",
      "HR": 90,
      "RR": 686,
      "rrRMS": 670,
      "date_created": "26-05-2023",
      "time_created": "11:33:25",
      "date_update": "26-05-2023",
      "time_update": "11:33:25",
      "timestamp": 1685075605,
      "date": "26-05-2023",
      "time": "11:33:25",
      "hour": "11",
      "year": "2023",
      "datetime": "26-05-2023 11:33:25",
      "create_at": "2023-05-26T04:33:25.313Z",
      "isChecked": false
    },
    {
      "_id": "64703698e5d85a9c85cb7362",
      "guid": "dc7ad5dc-8a49-4568-b429-10acfc33df29",
      "guid_device": "C0680226",
      "HR": 91,
      "RR": 670,
      "rrRMS": 654,
      "date_created": "26-05-2023",
      "time_created": "11:33:28",
      "date_update": "26-05-2023",
      "time_update": "11:33:28",
      "timestamp": 1685075608,
      "date": "26-05-2023",
      "time": "11:33:28",
      "hour": "11",
      "year": "2023",
      "datetime": "26-05-2023 11:33:28",
      "create_at": "2023-05-26T04:33:28.231Z",
      "isChecked": false
    },
    {
      "_id": "6470369ae5d85a9c85cb7365",
      "guid": "20550589-64cc-4113-bdce-b7f8af540739",
      "guid_device": "C0680226",
      "HR": 91,
      "RR": 671,
      "rrRMS": 655,
      "date_created": "26-05-2023",
      "time_created": "11:33:30",
      "date_update": "26-05-2023",
      "time_update": "11:33:30",
      "timestamp": 1685075610,
      "date": "26-05-2023",
      "time": "11:33:30",
      "hour": "11",
      "year": "2023",
      "datetime": "26-05-2023 11:33:30",
      "create_at": "2023-05-26T04:33:30.173Z",
      "isChecked": false
    },
    {
      "_id": "6470369be5d85a9c85cb7368",
      "guid": "6709cda5-fa4f-41c7-910c-e40671526781",
      "guid_device": "C0680226",
      "HR": 91,
      "RR": 674,
      "rrRMS": 658,
      "date_created": "26-05-2023",
      "time_created": "11:33:31",
      "date_update": "26-05-2023",
      "time_update": "11:33:31",
      "timestamp": 1685075612,
      "date": "26-05-2023",
      "time": "11:33:31",
      "hour": "11",
      "year": "2023",
      "datetime": "26-05-2023 11:33:31",
      "create_at": "2023-05-26T04:33:31.973Z",
      "isChecked": false
    },
    {
      "_id": "6470369ee5d85a9c85cb736b",
      "guid": "ce73f501-28a4-43c2-bd66-895121c8d2f7",
      "guid_device": "C0680226",
      "HR": 91,
      "RR": 673,
      "rrRMS": 657,
      "date_created": "26-05-2023",
      "time_created": "11:33:34",
      "date_update": "26-05-2023",
      "time_update": "11:33:34",
      "timestamp": 1685075614,
      "date": "26-05-2023",
      "time": "11:33:34",
      "hour": "11",
      "year": "2023",
      "datetime": "26-05-2023 11:33:34",
      "create_at": "2023-05-26T04:33:34.283Z",
      "isChecked": false
    },
    {
      "_id": "647036a0e5d85a9c85cb736e",
      "guid": "5f6587ec-a238-4625-9d1a-104b7a88c0e1",
      "guid_device": "C0680226",
      "HR": 91,
      "RR": 673,
      "rrRMS": 657,
      "date_created": "26-05-2023",
      "time_created": "11:33:36",
      "date_update": "26-05-2023",
      "time_update": "11:33:36",
      "timestamp": 1685075616,
      "date": "26-05-2023",
      "time": "11:33:36",
      "hour": "11",
      "year": "2023",
      "datetime": "26-05-2023 11:33:36",
      "create_at": "2023-05-26T04:33:36.193Z",
      "isChecked": false
    },
    {
      "_id": "647036a1e5d85a9c85cb7371",
      "guid": "be3afd1d-c726-4625-b9a7-ed14bb391d20",
      "guid_device": "C0680226",
      "HR": 91,
      "RR": 671,
      "rrRMS": 655,
      "date_created": "26-05-2023",
      "time_created": "11:33:37",
      "date_update": "26-05-2023",
      "time_update": "11:33:37",
      "timestamp": 1685075618,
      "date": "26-05-2023",
      "time": "11:33:37",
      "hour": "11",
      "year": "2023",
      "datetime": "26-05-2023 11:33:37",
      "create_at": "2023-05-26T04:33:37.953Z",
      "isChecked": false
    },
    {
      "_id": "647036a4e5d85a9c85cb7374",
      "guid": "721d315b-82b3-4da1-977b-8255aa186a87",
      "guid_device": "C0680226",
      "HR": 91,
      "RR": 667,
      "rrRMS": 651,
      "date_created": "26-05-2023",
      "time_created": "11:33:40",
      "date_update": "26-05-2023",
      "time_update": "11:33:40",
      "timestamp": 1685075620,
      "date": "26-05-2023",
      "time": "11:33:40",
      "hour": "11",
      "year": "2023",
      "datetime": "26-05-2023 11:33:40",
      "create_at": "2023-05-26T04:33:40.293Z",
      "isChecked": false
    },
    {
      "_id": "647036a6e5d85a9c85cb7377",
      "guid": "88271458-09aa-4d8f-8ac8-11868d0c7fff",
      "guid_device": "C0680226",
      "HR": 92,
      "RR": 667,
      "rrRMS": 651,
      "date_created": "26-05-2023",
      "time_created": "11:33:42",
      "date_update": "26-05-2023",
      "time_update": "11:33:42",
      "timestamp": 1685075622,
      "date": "26-05-2023",
      "time": "11:33:42",
      "hour": "11",
      "year": "2023",
      "datetime": "26-05-2023 11:33:42",
      "create_at": "2023-05-26T04:33:42.127Z",
      "isChecked": false
    },
    {
      "_id": "647036a9e5d85a9c85cb737b",
      "guid": "f2550f0c-5d38-491d-8f2c-426c6269d4b9",
      "guid_device": "C0680226",
      "HR": 92,
      "RR": 660,
      "rrRMS": 645,
      "date_created": "26-05-2023",
      "time_created": "11:33:45",
      "date_update": "26-05-2023",
      "time_update": "11:33:45",
      "timestamp": 1685075625,
      "date": "26-05-2023",
      "time": "11:33:45",
      "hour": "11",
      "year": "2023",
      "datetime": "26-05-2023 11:33:45",
      "create_at": "2023-05-26T04:33:45.142Z",
      "isChecked": false
    },
    {
      "_id": "647036aae5d85a9c85cb737e",
      "guid": "57a600da-3075-4e68-8335-fbaba18d9957",
      "guid_device": "C0680226",
      "HR": 92,
      "RR": 661,
      "rrRMS": 646,
      "date_created": "26-05-2023",
      "time_created": "11:33:46",
      "date_update": "26-05-2023",
      "time_update": "11:33:46",
      "timestamp": 1685075627,
      "date": "26-05-2023",
      "time": "11:33:46",
      "hour": "11",
      "year": "2023",
      "datetime": "26-05-2023 11:33:46",
      "create_at": "2023-05-26T04:33:46.940Z",
      "isChecked": false
    },
    {
      "_id": "647036ade5d85a9c85cb7381",
      "guid": "759b948c-5f57-4e0b-bba5-ae6a6cc2219c",
      "guid_device": "C0680226",
      "HR": 92,
      "RR": 655,
      "rrRMS": 640,
      "date_created": "26-05-2023",
      "time_created": "11:33:49",
      "date_update": "26-05-2023",
      "time_update": "11:33:49",
      "timestamp": 1685075629,
      "date": "26-05-2023",
      "time": "11:33:49",
      "hour": "11",
      "year": "2023",
      "datetime": "26-05-2023 11:33:49",
      "create_at": "2023-05-26T04:33:49.284Z",
      "isChecked": false
    },
    {
      "_id": "647036afe5d85a9c85cb7384",
      "guid": "93f4116c-6b35-428d-a985-976b272c5be6",
      "guid_device": "C0680226",
      "HR": 93,
      "RR": 662,
      "rrRMS": 646,
      "date_created": "26-05-2023",
      "time_created": "11:33:51",
      "date_update": "26-05-2023",
      "time_update": "11:33:51",
      "timestamp": 1685075631,
      "date": "26-05-2023",
      "time": "11:33:51",
      "hour": "11",
      "year": "2023",
      "datetime": "26-05-2023 11:33:51",
      "create_at": "2023-05-26T04:33:51.161Z",
      "isChecked": false
    },
    {
      "_id": "647036b0e5d85a9c85cb7387",
      "guid": "12a0de5c-1ba2-4327-965d-13c4fbde0850",
      "guid_device": "C0680226",
      "HR": 93,
      "RR": 669,
      "rrRMS": 653,
      "date_created": "26-05-2023",
      "time_created": "11:33:52",
      "date_update": "26-05-2023",
      "time_update": "11:33:52",
      "timestamp": 1685075633,
      "date": "26-05-2023",
      "time": "11:33:52",
      "hour": "11",
      "year": "2023",
      "datetime": "26-05-2023 11:33:52",
      "create_at": "2023-05-26T04:33:52.948Z",
      "isChecked": false
    },
    {
      "_id": "647036b3e5d85a9c85cb738b",
      "guid": "fcbf0054-bf59-424d-bf2b-af2d00864bf0",
      "guid_device": "C0680226",
      "HR": 93,
      "RR": 652,
      "rrRMS": 637,
      "date_created": "26-05-2023",
      "time_created": "11:33:55",
      "date_update": "26-05-2023",
      "time_update": "11:33:55",
      "timestamp": 1685075636,
      "date": "26-05-2023",
      "time": "11:33:55",
      "hour": "11",
      "year": "2023",
      "datetime": "26-05-2023 11:33:55",
      "create_at": "2023-05-26T04:33:55.943Z",
      "isChecked": false
    },
    {
      "_id": "647036b6e5d85a9c85cb738e",
      "guid": "af3587bb-c69b-4b69-a521-63f2de2cf8f7",
      "guid_device": "C0680226",
      "HR": 93,
      "RR": 655,
      "rrRMS": 640,
      "date_created": "26-05-2023",
      "time_created": "11:33:58",
      "date_update": "26-05-2023",
      "time_update": "11:33:58",
      "timestamp": 1685075638,
      "date": "26-05-2023",
      "time": "11:33:58",
      "hour": "11",
      "year": "2023",
      "datetime": "26-05-2023 11:33:58",
      "create_at": "2023-05-26T04:33:58.272Z",
      "isChecked": false
    },
    {
      "_id": "647036b8e5d85a9c85cb7391",
      "guid": "cda9903e-83d6-4406-b468-20418e59b590",
      "guid_device": "C0680226",
      "HR": 94,
      "RR": 657,
      "rrRMS": 642,
      "date_created": "26-05-2023",
      "time_created": "11:34:00",
      "date_update": "26-05-2023",
      "time_update": "11:34:00",
      "timestamp": 1685075640,
      "date": "26-05-2023",
      "time": "11:34:00",
      "hour": "11",
      "year": "2023",
      "datetime": "26-05-2023 11:34:00",
      "create_at": "2023-05-26T04:34:00.058Z",
      "isChecked": false
    },
    {
      "_id": "647036b9e5d85a9c85cb7394",
      "guid": "c1a7b1c5-a141-4c18-9e22-f797ea450e11",
      "guid_device": "C0680226",
      "HR": 94,
      "RR": 661,
      "rrRMS": 646,
      "date_created": "26-05-2023",
      "time_created": "11:34:01",
      "date_update": "26-05-2023",
      "time_update": "11:34:01",
      "timestamp": 1685075642,
      "date": "26-05-2023",
      "time": "11:34:01",
      "hour": "11",
      "year": "2023",
      "datetime": "26-05-2023 11:34:01",
      "create_at": "2023-05-26T04:34:01.968Z",
      "isChecked": false
    },
    {
      "_id": "647036bce5d85a9c85cb7398",
      "guid": "5a75535a-2eb7-4090-b960-f10a68eb87ae",
      "guid_device": "C0680226",
      "HR": 93,
      "RR": 662,
      "rrRMS": 646,
      "date_created": "26-05-2023",
      "time_created": "11:34:04",
      "date_update": "26-05-2023",
      "time_update": "11:34:04",
      "timestamp": 1685075645,
      "date": "26-05-2023",
      "time": "11:34:04",
      "hour": "11",
      "year": "2023",
      "datetime": "26-05-2023 11:34:04",
      "create_at": "2023-05-26T04:34:04.956Z",
      "isChecked": false
    },
    {
      "_id": "647036bfe5d85a9c85cb739b",
      "guid": "b40ccedd-d436-4891-9f8e-41884003007a",
      "guid_device": "C0680226",
      "HR": 93,
      "RR": 667,
      "rrRMS": 651,
      "date_created": "26-05-2023",
      "time_created": "11:34:07",
      "date_update": "26-05-2023",
      "time_update": "11:34:07",
      "timestamp": 1685075647,
      "date": "26-05-2023",
      "time": "11:34:07",
      "hour": "11",
      "year": "2023",
      "datetime": "26-05-2023 11:34:07",
      "create_at": "2023-05-26T04:34:07.193Z",
      "isChecked": false
    }
  ]
}