{
  "hrvMetrics": {
    "sdnn": null,
    "rmssd": null,
    "pnn50": null,
    "s1": null,
    "s2": null
  },
  "filteredData": [
    {
      "HR": 88,
      "RR": 726
    }
  ],
  "raw": [
    {
      "_id": "646ac7619e2cea24d9742a21",
      "guid": "5bd5b52d-7ffd-4e86-884c-c6688ba6a862",
      "guid_device": "C0680226",
      "HR": 88,
      "RR": 726,
      "rrRMS": 709,
      "date_created": "22-05-2023",
      "time_created": "08:37:37",
      "date_update": "22-05-2023",
      "time_update": "08:37:37",
      "timestamp": 1684719457,
      "date": "22-05-2023",
      "time": "08:37:37",
      "hour": "08",
      "year": "2023",
      "datetime": "22-05-2023 08:37:37",
      "create_at": "2023-05-22T01:37:37.354Z",
      "isChecked": false
    },
    {
      "_id": "646ac7639e2cea24d9742a24",
      "guid": "43ed9b4a-e9a8-4a6b-8ba5-8a7c84a63dca",
      "guid_device": "C0680226",
      "HR": 87,
      "RR": 752,
      "rrRMS": 734,
      "date_created": "22-05-2023",
      "time_created": "08:37:39",
      "date_update": "22-05-2023",
      "time_update": "08:37:39",
      "timestamp": 1684719459,
      "date": "22-05-2023",
      "time": "08:37:39",
      "hour": "08",
      "year": "2023",
      "datetime": "22-05-2023 08:37:39",
      "create_at": "2023-05-22T01:37:39.234Z",
      "isChecked": false
    },
    {
      "_id": "646ac7649e2cea24d9742a26",
      "guid": "4485daf7-ebf7-4dec-8b7e-cefb06128298",
      "guid_device": "C0680226",
      "HR": 86,
      "RR": 759,
      "rrRMS": 741,
      "date_created": "22-05-2023",
      "time_created": "08:37:40",
      "date_update": "22-05-2023",
      "time_update": "08:37:40",
      "timestamp": 1684719460,
      "date": "22-05-2023",
      "time": "08:37:40",
      "hour": "08",
      "year": "2023",
      "datetime": "22-05-2023 08:37:40",
      "create_at": "2023-05-22T01:37:40.354Z",
      "isChecked": false
    },
    {
      "_id": "646ac7669e2cea24d9742a29",
      "guid": "bda5b684-7e6c-4ee1-8de7-ccb3d6405f67",
      "guid_device": "C0680226",
      "HR": 85,
      "RR": 751,
      "rrRMS": 733,
      "date_created": "22-05-2023",
      "time_created": "08:37:42",
      "date_update": "22-05-2023",
      "time_update": "08:37:42",
      "timestamp": 1684719462,
      "date": "22-05-2023",
      "time": "08:37:42",
      "hour": "08",
      "year": "2023",
      "datetime": "22-05-2023 08:37:42",
      "create_at": "2023-05-22T01:37:42.244Z",
      "isChecked": false
    },
    {
      "_id": "646ac7689e2cea24d9742a2c",
      "guid": "763a77a7-770d-43b9-852e-183d1ff798a6",
      "guid_device": "C0680226",
      "HR": 84,
      "RR": 733,
      "rrRMS": 716,
      "date_created": "22-05-2023",
      "time_created": "08:37:44",
      "date_update": "22-05-2023",
      "time_update": "08:37:44",
      "timestamp": 1684719464,
      "date": "22-05-2023",
      "time": "08:37:44",
      "hour": "08",
      "year": "2023",
      "datetime": "22-05-2023 08:37:44",
      "create_at": "2023-05-22T01:37:44.111Z",
      "isChecked": false
    },
    {
      "_id": "646ac7699e2cea24d9742a2e",
      "guid": "676e0d1c-c1f6-4785-9377-4e89beb88cbe",
      "guid_device": "C0680226",
      "HR": 84,
      "RR": 722,
      "rrRMS": 705,
      "date_created": "22-05-2023",
      "time_created": "08:37:45",
      "date_update": "22-05-2023",
      "time_update": "08:37:45",
      "timestamp": 1684719465,
      "date": "22-05-2023",
      "time": "08:37:45",
      "hour": "08",
      "year": "2023",
      "datetime": "22-05-2023 08:37:45",
      "create_at": "2023-05-22T01:37:45.286Z",
      "isChecked": false
    },
    {
      "_id": "646ac76b9e2cea24d9742a31",
      "guid": "c0cd1751-021a-4202-a016-8f1ea6378a15",
      "guid_device": "C0680226",
      "HR": 84,
      "RR": 709,
      "rrRMS": 692,
      "date_created": "22-05-2023",
      "time_created": "08:37:47",
      "date_update": "22-05-2023",
      "time_update": "08:37:47",
      "timestamp": 1684719467,
      "date": "22-05-2023",
      "time": "08:37:47",
      "hour": "08",
      "year": "2023",
      "datetime": "22-05-2023 08:37:47",
      "create_at": "2023-05-22T01:37:47.083Z",
      "isChecked": false
    },
    {
      "_id": "646ac76d9e2cea24d9742a34",
      "guid": "32d32f22-e561-49f1-ad08-fe32a87b8c7f",
      "guid_device": "C0680226",
      "HR": 85,
      "RR": 744,
      "rrRMS": 727,
      "date_created": "22-05-2023",
      "time_created": "08:37:49",
      "date_update": "22-05-2023",
      "time_update": "08:37:49",
      "timestamp": 1684719469,
      "date": "22-05-2023",
      "time": "08:37:49",
      "hour": "08",
      "year": "2023",
      "datetime": "22-05-2023 08:37:49",
      "create_at": "2023-05-22T01:37:49.391Z",
      "isChecked": false
    },
    {
      "_id": "646ac76e9e2cea24d9742a36",
      "guid": "f7279791-971e-4442-819a-8f3fd3393d60",
      "guid_device": "C0680226",
      "HR": 84,
      "RR": 727,
      "rrRMS": 710,
      "date_created": "22-05-2023",
      "time_created": "08:37:50",
      "date_update": "22-05-2023",
      "time_update": "08:37:50",
      "timestamp": 1684719471,
      "date": "22-05-2023",
      "time": "08:37:50",
      "hour": "08",
      "year": "2023",
      "datetime": "22-05-2023 08:37:50",
      "create_at": "2023-05-22T01:37:50.824Z",
      "isChecked": false
    },
    {
      "_id": "646ac7709e2cea24d9742a39",
      "guid": "b4a56767-8216-4469-ba0e-881d1539321c",
      "guid_device": "C0680226",
      "HR": 84,
      "RR": 737,
      "rrRMS": 720,
      "date_created": "22-05-2023",
      "time_created": "08:37:52",
      "date_update": "22-05-2023",
      "time_update": "08:37:52",
      "timestamp": 1684719472,
      "date": "22-05-2023",
      "time": "08:37:52",
      "hour": "08",
      "year": "2023",
      "datetime": "22-05-2023 08:37:52",
      "create_at": "2023-05-22T01:37:52.333Z",
      "isChecked": false
    },
    {
      "_id": "646ac7729e2cea24d9742a3c",
      "guid": "597a88db-cf3b-425e-a211-6043303baa5b",
      "guid_device": "C0680226",
      "HR": 84,
      "RR": 706,
      "rrRMS": 689,
      "date_created": "22-05-2023",
      "time_created": "08:37:54",
      "date_update": "22-05-2023",
      "time_update": "08:37:54",
      "timestamp": 1684719474,
      "date": "22-05-2023",
      "time": "08:37:54",
      "hour": "08",
      "year": "2023",
      "datetime": "22-05-2023 08:37:54",
      "create_at": "2023-05-22T01:37:54.227Z",
      "isChecked": false
    },
    {
      "_id": "646ac7749e2cea24d9742a3f",
      "guid": "30871c24-7d3f-4328-9790-c50f0a7a4bc1",
      "guid_device": "C0680226",
      "HR": 85,
      "RR": 689,
      "rrRMS": 673,
      "date_created": "22-05-2023",
      "time_created": "08:37:56",
      "date_update": "22-05-2023",
      "time_update": "08:37:56",
      "timestamp": 1684719476,
      "date": "22-05-2023",
      "time": "08:37:56",
      "hour": "08",
      "year": "2023",
      "datetime": "22-05-2023 08:37:56",
      "create_at": "2023-05-22T01:37:56.105Z",
      "isChecked": false
    },
    {
      "_id": "646ac7769e2cea24d9742a42",
      "guid": "fbc7101c-907b-4456-9dbf-1e02cc716a14",
      "guid_device": "C0680226",
      "HR": 87,
      "RR": 699,
      "rrRMS": 683,
      "date_created": "22-05-2023",
      "time_created": "08:37:58",
      "date_update": "22-05-2023",
      "time_update": "08:37:58",
      "timestamp": 1684719478,
      "date": "22-05-2023",
      "time": "08:37:58",
      "hour": "08",
      "year": "2023",
      "datetime": "22-05-2023 08:37:58",
      "create_at": "2023-05-22T01:37:58.355Z",
      "isChecked": false
    },
    {
      "_id": "646ac7789e2cea24d9742a45",
      "guid": "611f5126-2c1d-4a58-bd20-c6b18a78b227",
      "guid_device": "C0680226",
      "HR": 87,
      "RR": 709,
      "rrRMS": 692,
      "date_created": "22-05-2023",
      "time_created": "08:38:00",
      "date_update": "22-05-2023",
      "time_update": "08:38:00",
      "timestamp": 1684719480,
      "date": "22-05-2023",
      "time": "08:38:00",
      "hour": "08",
      "year": "2023",
      "datetime": "22-05-2023 08:38:00",
      "create_at": "2023-05-22T01:38:00.261Z",
      "isChecked": false
    },
    {
      "_id": "646ac77a9e2cea24d9742a48",
      "guid": "6b21cacf-6c73-48c6-a13c-a4176c2266d0",
      "guid_device": "C0680226",
      "HR": 87,
      "RR": 690,
      "rrRMS": 674,
      "date_created": "22-05-2023",
      "time_created": "08:38:02",
      "date_update": "22-05-2023",
      "time_update": "08:38:02",
      "timestamp": 1684719482,
      "date": "22-05-2023",
      "time": "08:38:02",
      "hour": "08",
      "year": "2023",
      "datetime": "22-05-2023 08:38:02",
      "create_at": "2023-05-22T01:38:02.094Z",
      "isChecked": false
    },
    {
      "_id": "646ac77b9e2cea24d9742a4a",
      "guid": "05c174fe-f576-401a-becf-b57f2ad5c4d7",
      "guid_device": "C0680226",
      "HR": 87,
      "RR": 691,
      "rrRMS": 675,
      "date_created": "22-05-2023",
      "time_created": "08:38:03",
      "date_update": "22-05-2023",
      "time_update": "08:38:03",
      "timestamp": 1684719483,
      "date": "22-05-2023",
      "time": "08:38:03",
      "hour": "08",
      "year": "2023",
      "datetime": "22-05-2023 08:38:03",
      "create_at": "2023-05-22T01:38:03.297Z",
      "isChecked": false
    },
    {
      "_id": "646ac77d9e2cea24d9742a4d",
      "guid": "a9a30067-f850-480b-b702-e900e9877064",
      "guid_device": "C0680226",
      "HR": 88,
      "RR": 696,
      "rrRMS": 680,
      "date_created": "22-05-2023",
      "time_created": "08:38:05",
      "date_update": "22-05-2023",
      "time_update": "08:38:05",
      "timestamp": 1684719485,
      "date": "22-05-2023",
      "time": "08:38:05",
      "hour": "08",
      "year": "2023",
      "datetime": "22-05-2023 08:38:05",
      "create_at": "2023-05-22T01:38:05.099Z",
      "isChecked": false
    },
    {
      "_id": "646ac77f9e2cea24d9742a50",
      "guid": "ce513988-2819-482d-9613-c4f9a67c039c",
      "guid_device": "C0680226",
      "HR": 87,
      "RR": 741,
      "rrRMS": 724,
      "date_created": "22-05-2023",
      "time_created": "08:38:07",
      "date_update": "22-05-2023",
      "time_update": "08:38:07",
      "timestamp": 1684719487,
      "date": "22-05-2023",
      "time": "08:38:07",
      "hour": "08",
      "year": "2023",
      "datetime": "22-05-2023 08:38:07",
      "create_at": "2023-05-22T01:38:07.361Z",
      "isChecked": false
    },
    {
      "_id": "646ac7809e2cea24d9742a52",
      "guid": "4a4f357f-42d5-41f2-9e5d-7df8eada4d81",
      "guid_device": "C0680226",
      "HR": 87,
      "RR": 727,
      "rrRMS": 710,
      "date_created": "22-05-2023",
      "time_created": "08:38:08",
      "date_update": "22-05-2023",
      "time_update": "08:38:08",
      "timestamp": 1684719488,
      "date": "22-05-2023",
      "time": "08:38:08",
      "hour": "08",
      "year": "2023",
      "datetime": "22-05-2023 08:38:08",
      "create_at": "2023-05-22T01:38:08.110Z",
      "isChecked": false
    },
    {
      "_id": "646ac7829e2cea24d9742a55",
      "guid": "9d927a93-0a9a-401f-b79f-ac4b0d28c3c5",
      "guid_device": "C0680226",
      "HR": 86,
      "RR": 740,
      "rrRMS": 723,
      "date_created": "22-05-2023",
      "time_created": "08:38:10",
      "date_update": "22-05-2023",
      "time_update": "08:38:10",
      "timestamp": 1684719490,
      "date": "22-05-2023",
      "time": "08:38:10",
      "hour": "08",
      "year": "2023",
      "datetime": "22-05-2023 08:38:10",
      "create_at": "2023-05-22T01:38:10.378Z",
      "isChecked": false
    },
    {
      "_id": "646ac7849e2cea24d9742a58",
      "guid": "e37f70fa-27fe-4665-8a49-bb3343ceeedd",
      "guid_device": "C0680226",
      "HR": 85,
      "RR": 715,
      "rrRMS": 698,
      "date_created": "22-05-2023",
      "time_created": "08:38:12",
      "date_update": "22-05-2023",
      "time_update": "08:38:12",
      "timestamp": 1684719492,
      "date": "22-05-2023",
      "time": "08:38:12",
      "hour": "08",
      "year": "2023",
      "datetime": "22-05-2023 08:38:12",
      "create_at": "2023-05-22T01:38:12.238Z",
      "isChecked": false
    },
    {
      "_id": "646ac7859e2cea24d9742a5a",
      "guid": "ee06312b-5f89-44ad-a611-9b5cc82e46e5",
      "guid_device": "C0680226",
      "HR": 85,
      "RR": 720,
      "rrRMS": 703,
      "date_created": "22-05-2023",
      "time_created": "08:38:13",
      "date_update": "22-05-2023",
      "time_update": "08:38:13",
      "timestamp": 1684719493,
      "date": "22-05-2023",
      "time": "08:38:13",
      "hour": "08",
      "year": "2023",
      "datetime": "22-05-2023 08:38:13",
      "create_at": "2023-05-22T01:38:13.353Z",
      "isChecked": false
    },
    {
      "_id": "646ac7879e2cea24d9742a5d",
      "guid": "94252a00-433c-4359-b32d-220a578bb55d",
      "guid_device": "C0680226",
      "HR": 85,
      "RR": 723,
      "rrRMS": 706,
      "date_created": "22-05-2023",
      "time_created": "08:38:15",
      "date_update": "22-05-2023",
      "time_update": "08:38:15",
      "timestamp": 1684719495,
      "date": "22-05-2023",
      "time": "08:38:15",
      "hour": "08",
      "year": "2023",
      "datetime": "22-05-2023 08:38:15",
      "create_at": "2023-05-22T01:38:15.256Z",
      "isChecked": false
    },
    {
      "_id": "646ac7899e2cea24d9742a60",
      "guid": "086190a5-200d-4348-ac33-a774443a1419",
      "guid_device": "C0680226",
      "HR": 85,
      "RR": 699,
      "rrRMS": 683,
      "date_created": "22-05-2023",
      "time_created": "08:38:17",
      "date_update": "22-05-2023",
      "time_update": "08:38:17",
      "timestamp": 1684719498,
      "date": "22-05-2023",
      "time": "08:38:17",
      "hour": "08",
      "year": "2023",
      "datetime": "22-05-2023 08:38:17",
      "create_at": "2023-05-22T01:38:17.842Z",
      "isChecked": false
    },
    {
      "_id": "646ac78b9e2cea24d9742a63",
      "guid": "be4974c8-b8c6-4ce1-aca9-2b9f9e389e6f",
      "guid_device": "C0680226",
      "HR": 86,
      "RR": 707,
      "rrRMS": 690,
      "date_created": "22-05-2023",
      "time_created": "08:38:19",
      "date_update": "22-05-2023",
      "time_update": "08:38:19",
      "timestamp": 1684719499,
      "date": "22-05-2023",
      "time": "08:38:19",
      "hour": "08",
      "year": "2023",
      "datetime": "22-05-2023 08:38:19",
      "create_at": "2023-05-22T01:38:19.360Z",
      "isChecked": false
    },
    {
      "_id": "646ac78d9e2cea24d9742a66",
      "guid": "5589c325-b4f5-4657-bc20-7cfee64b3607",
      "guid_device": "C0680226",
      "HR": 87,
      "RR": 709,
      "rrRMS": 692,
      "date_created": "22-05-2023",
      "time_created": "08:38:21",
      "date_update": "22-05-2023",
      "time_update": "08:38:21",
      "timestamp": 1684719501,
      "date": "22-05-2023",
      "time": "08:38:21",
      "hour": "08",
      "year": "2023",
      "datetime": "22-05-2023 08:38:21",
      "create_at": "2023-05-22T01:38:21.213Z",
      "isChecked": false
    },
    {
      "_id": "646ac78f9e2cea24d9742a69",
      "guid": "fb0fa493-567d-44aa-8356-93183e419a29",
      "guid_device": "C0680226",
      "HR": 87,
      "RR": 716,
      "rrRMS": 699,
      "date_created": "22-05-2023",
      "time_created": "08:38:23",
      "date_update": "22-05-2023",
      "time_update": "08:38:23",
      "timestamp": 1684719503,
      "date": "22-05-2023",
      "time": "08:38:23",
      "hour": "08",
      "year": "2023",
      "datetime": "22-05-2023 08:38:23",
      "create_at": "2023-05-22T01:38:23.086Z",
      "isChecked": false
    },
    {
      "_id": "646ac7909e2cea24d9742a6b",
      "guid": "c1db9edd-9b37-4567-8ff7-c0562ed15043",
      "guid_device": "C0680226",
      "HR": 87,
      "RR": 715,
      "rrRMS": 698,
      "date_created": "22-05-2023",
      "time_created": "08:38:24",
      "date_update": "22-05-2023",
      "time_update": "08:38:24",
      "timestamp": 1684719504,
      "date": "22-05-2023",
      "time": "08:38:24",
      "hour": "08",
      "year": "2023",
      "datetime": "22-05-2023 08:38:24",
      "create_at": "2023-05-22T01:38:24.180Z",
      "isChecked": false
    },
    {
      "_id": "646ac7929e2cea24d9742a6e",
      "guid": "fe3de8eb-5237-4575-9560-029d1e9f4ada",
      "guid_device": "C0680226",
      "HR": 87,
      "RR": 698,
      "rrRMS": 682,
      "date_created": "22-05-2023",
      "time_created": "08:38:26",
      "date_update": "22-05-2023",
      "time_update": "08:38:26",
      "timestamp": 1684719506,
      "date": "22-05-2023",
      "time": "08:38:26",
      "hour": "08",
      "year": "2023",
      "datetime": "22-05-2023 08:38:26",
      "create_at": "2023-05-22T01:38:26.110Z",
      "isChecked": false
    },
    {
      "_id": "646ac7949e2cea24d9742a71",
      "guid": "85a798a3-d42f-419d-b6c0-2882362d9432",
      "guid_device": "C0680226",
      "HR": 87,
      "RR": 701,
      "rrRMS": 685,
      "date_created": "22-05-2023",
      "time_created": "08:38:28",
      "date_update": "22-05-2023",
      "time_update": "08:38:28",
      "timestamp": 1684719508,
      "date": "22-05-2023",
      "time": "08:38:28",
      "hour": "08",
      "year": "2023",
      "datetime": "22-05-2023 08:38:28",
      "create_at": "2023-05-22T01:38:28.360Z",
      "isChecked": false
    },
    {
      "_id": "646ac7969e2cea24d9742a74",
      "guid": "5361d232-aec0-43ea-a6b3-6c0c2eb58651",
      "guid_device": "C0680226",
      "HR": 87,
      "RR": 695,
      "rrRMS": 679,
      "date_created": "22-05-2023",
      "time_created": "08:38:30",
      "date_update": "22-05-2023",
      "time_update": "08:38:30",
      "timestamp": 1684719510,
      "date": "22-05-2023",
      "time": "08:38:30",
      "hour": "08",
      "year": "2023",
      "datetime": "22-05-2023 08:38:30",
      "create_at": "2023-05-22T01:38:30.333Z",
      "isChecked": false
    },
    {
      "_id": "646ac7999e2cea24d9742a78",
      "guid": "7bb09094-089f-4166-a06b-94eda49394d6",
      "guid_device": "C0680226",
      "HR": 90,
      "RR": 630,
      "rrRMS": 615,
      "date_created": "22-05-2023",
      "time_created": "08:38:33",
      "date_update": "22-05-2023",
      "time_update": "08:38:33",
      "timestamp": 1684719513,
      "date": "22-05-2023",
      "time": "08:38:33",
      "hour": "08",
      "year": "2023",
      "datetime": "22-05-2023 08:38:33",
      "create_at": "2023-05-22T01:38:33.313Z",
      "isChecked": false
    },
    {
      "_id": "646ac79c9e2cea24d9742a7c",
      "guid": "65b0b796-f1b1-4979-9a99-69fcaf52f6b5",
      "guid_device": "C0680226",
      "HR": 95,
      "RR": 616,
      "rrRMS": 602,
      "date_created": "22-05-2023",
      "time_created": "08:38:36",
      "date_update": "22-05-2023",
      "time_update": "08:38:36",
      "timestamp": 1684719516,
      "date": "22-05-2023",
      "time": "08:38:36",
      "hour": "08",
      "year": "2023",
      "datetime": "22-05-2023 08:38:36",
      "create_at": "2023-05-22T01:38:36.240Z",
      "isChecked": false
    },
    {
      "_id": "646ac79f9e2cea24d9742a80",
      "guid": "33b947f6-acf3-4e22-9960-47c146dfeaf0",
      "guid_device": "C0680226",
      "HR": 98,
      "RR": 610,
      "rrRMS": 596,
      "date_created": "22-05-2023",
      "time_created": "08:38:39",
      "date_update": "22-05-2023",
      "time_update": "08:38:39",
      "timestamp": 1684719519,
      "date": "22-05-2023",
      "time": "08:38:39",
      "hour": "08",
      "year": "2023",
      "datetime": "22-05-2023 08:38:39",
      "create_at": "2023-05-22T01:38:39.327Z",
      "isChecked": false
    },
    {
      "_id": "646ac7a39e2cea24d9742a85",
      "guid": "a103d963-50e7-4161-ad37-fef3c7960071",
      "guid_device": "C0680226",
      "HR": 103,
      "RR": 574,
      "rrRMS": 561,
      "date_created": "22-05-2023",
      "time_created": "08:38:43",
      "date_update": "22-05-2023",
      "time_update": "08:38:43",
      "timestamp": 1684719523,
      "date": "22-05-2023",
      "time": "08:38:43",
      "hour": "08",
      "year": "2023",
      "datetime": "22-05-2023 08:38:43",
      "create_at": "2023-05-22T01:38:43.416Z",
      "isChecked": false
    },
    {
      "_id": "646ac7a69e2cea24d9742a89",
      "guid": "2bd08aef-af06-43a0-8a77-97f2eca4e4e8",
      "guid_device": "C0680226",
      "HR": 104,
      "RR": 620,
      "rrRMS": 605,
      "date_created": "22-05-2023",
      "time_created": "08:38:46",
      "date_update": "22-05-2023",
      "time_update": "08:38:46",
      "timestamp": 1684719526,
      "date": "22-05-2023",
      "time": "08:38:46",
      "hour": "08",
      "year": "2023",
      "datetime": "22-05-2023 08:38:46",
      "create_at": "2023-05-22T01:38:46.366Z",
      "isChecked": false
    },
    {
      "_id": "646ac7a99e2cea24d9742a8d",
      "guid": "2a06cdd9-8365-4347-95af-f77f0d60b0c8",
      "guid_device": "C0680226",
      "HR": 101,
      "RR": 641,
      "rrRMS": 626,
      "date_created": "22-05-2023",
      "time_created": "08:38:49",
      "date_update": "22-05-2023",
      "time_update": "08:38:49",
      "timestamp": 1684719529,
      "date": "22-05-2023",
      "time": "08:38:49",
      "hour": "08",
      "year": "2023",
      "datetime": "22-05-2023 08:38:49",
      "create_at": "2023-05-22T01:38:49.376Z",
      "isChecked": false
    },
    {
      "_id": "646ac7ab9e2cea24d9742a90",
      "guid": "69f5ad51-4ff5-49d8-898d-e9e9592a7746",
      "guid_device": "C0680226",
      "HR": 98,
      "RR": 640,
      "rrRMS": 625,
      "date_created": "22-05-2023",
      "time_created": "08:38:51",
      "date_update": "22-05-2023",
      "time_update": "08:38:51",
      "timestamp": 1684719531,
      "date": "22-05-2023",
      "time": "08:38:51",
      "hour": "08",
      "year": "2023",
      "datetime": "22-05-2023 08:38:51",
      "create_at": "2023-05-22T01:38:51.228Z",
      "isChecked": false
    },
    {
      "_id": "646ac7ad9e2cea24d9742a93",
      "guid": "106b90fc-1059-42d0-9bd3-a7de155c401b",
      "guid_device": "C0680226",
      "HR": 97,
      "RR": 666,
      "rrRMS": 650,
      "date_created": "22-05-2023",
      "time_created": "08:38:53",
      "date_update": "22-05-2023",
      "time_update": "08:38:53",
      "timestamp": 1684719533,
      "date": "22-05-2023",
      "time": "08:38:53",
      "hour": "08",
      "year": "2023",
      "datetime": "22-05-2023 08:38:53",
      "create_at": "2023-05-22T01:38:53.108Z",
      "isChecked": false
    },
    {
      "_id": "646ac7af9e2cea24d9742a96",
      "guid": "c5dbc8af-1b05-4f4d-bb33-eb1d5ade692d",
      "guid_device": "C0680226",
      "HR": 94,
      "RR": 656,
      "rrRMS": 641,
      "date_created": "22-05-2023",
      "time_created": "08:38:55",
      "date_update": "22-05-2023",
      "time_update": "08:38:55",
      "timestamp": 1684719535,
      "date": "22-05-2023",
      "time": "08:38:55",
      "hour": "08",
      "year": "2023",
      "datetime": "22-05-2023 08:38:55",
      "create_at": "2023-05-22T01:38:55.428Z",
      "isChecked": false
    },
    {
      "_id": "646ac7b19e2cea24d9742a99",
      "guid": "755f64a5-3f49-4273-a8c1-ac4c51c7cb77",
      "guid_device": "C0680226",
      "HR": 94,
      "RR": 691,
      "rrRMS": 675,
      "date_created": "22-05-2023",
      "time_created": "08:38:57",
      "date_update": "22-05-2023",
      "time_update": "08:38:57",
      "timestamp": 1684719537,
      "date": "22-05-2023",
      "time": "08:38:57",
      "hour": "08",
      "year": "2023",
      "datetime": "22-05-2023 08:38:57",
      "create_at": "2023-05-22T01:38:57.255Z",
      "isChecked": false
    },
    {
      "_id": "646ac7b39e2cea24d9742a9c",
      "guid": "c50b9be1-c179-4b13-b55b-a7c40d390864",
      "guid_device": "C0680226",
      "HR": 91,
      "RR": 714,
      "rrRMS": 697,
      "date_created": "22-05-2023",
      "time_created": "08:38:59",
      "date_update": "22-05-2023",
      "time_update": "08:38:59",
      "timestamp": 1684719539,
      "date": "22-05-2023",
      "time": "08:38:59",
      "hour": "08",
      "year": "2023",
      "datetime": "22-05-2023 08:38:59",
      "create_at": "2023-05-22T01:38:59.191Z",
      "isChecked": false
    },
    {
      "_id": "646ac7b59e2cea24d9742a9f",
      "guid": "adaf547b-acc1-406b-a449-756f46724d44",
      "guid_device": "C0680226",
      "HR": 89,
      "RR": 739,
      "rrRMS": 722,
      "date_created": "22-05-2023",
      "time_created": "08:39:01",
      "date_update": "22-05-2023",
      "time_update": "08:39:01",
      "timestamp": 1684719541,
      "date": "22-05-2023",
      "time": "08:39:01",
      "hour": "08",
      "year": "2023",
      "datetime": "22-05-2023 08:39:01",
      "create_at": "2023-05-22T01:39:01.373Z",
      "isChecked": false
    },
    {
      "_id": "646ac7b69e2cea24d9742aa1",
      "guid": "972fa0cb-9bd0-4feb-a66a-dc579180b188",
      "guid_device": "C0680226",
      "HR": 88,
      "RR": 706,
      "rrRMS": 689,
      "date_created": "22-05-2023",
      "time_created": "08:39:02",
      "date_update": "22-05-2023",
      "time_update": "08:39:02",
      "timestamp": 1684719542,
      "date": "22-05-2023",
      "time": "08:39:02",
      "hour": "08",
      "year": "2023",
      "datetime": "22-05-2023 08:39:02",
      "create_at": "2023-05-22T01:39:02.166Z",
      "isChecked": false
    },
    {
      "_id": "646ac7b89e2cea24d9742aa4",
      "guid": "07eae108-cd2f-4737-a736-20d3997757f0",
      "guid_device": "C0680226",
      "HR": 87,
      "RR": 727,
      "rrRMS": 710,
      "date_created": "22-05-2023",
      "time_created": "08:39:04",
      "date_update": "22-05-2023",
      "time_update": "08:39:04",
      "timestamp": 1684719544,
      "date": "22-05-2023",
      "time": "08:39:04",
      "hour": "08",
      "year": "2023",
      "datetime": "22-05-2023 08:39:04",
      "create_at": "2023-05-22T01:39:04.366Z",
      "isChecked": false
    },
    {
      "_id": "646ac7ba9e2cea24d9742aa7",
      "guid": "e010288c-2264-4d41-ac41-139d13d49462",
      "guid_device": "C0680226",
      "HR": 87,
      "RR": 724,
      "rrRMS": 707,
      "date_created": "22-05-2023",
      "time_created": "08:39:06",
      "date_update": "22-05-2023",
      "time_update": "08:39:06",
      "timestamp": 1684719546,
      "date": "22-05-2023",
      "time": "08:39:06",
      "hour": "08",
      "year": "2023",
      "datetime": "22-05-2023 08:39:06",
      "create_at": "2023-05-22T01:39:06.227Z",
      "isChecked": false
    },
    {
      "_id": "646ac7bc9e2cea24d9742aaa",
      "guid": "20a46940-9330-4aaf-992a-34fd09decc91",
      "guid_device": "C0680226",
      "HR": 86,
      "RR": 736,
      "rrRMS": 719,
      "date_created": "22-05-2023",
      "time_created": "08:39:08",
      "date_update": "22-05-2023",
      "time_update": "08:39:08",
      "timestamp": 1684719548,
      "date": "22-05-2023",
      "time": "08:39:08",
      "hour": "08",
      "year": "2023",
      "datetime": "22-05-2023 08:39:08",
      "create_at": "2023-05-22T01:39:08.114Z",
      "isChecked": false
    },
    {
      "_id": "646ac7bd9e2cea24d9742aac",
      "guid": "093b9a84-9f41-4dc2-bafc-ed98c24cfff0",
      "guid_device": "C0680226",
      "HR": 86,
      "RR": 710,
      "rrRMS": 693,
      "date_created": "22-05-2023",
      "time_created": "08:39:09",
      "date_update": "22-05-2023",
      "time_update": "08:39:09",
      "timestamp": 1684719549,
      "date": "22-05-2023",
      "time": "08:39:09",
      "hour": "08",
      "year": "2023",
      "datetime": "22-05-2023 08:39:09",
      "create_at": "2023-05-22T01:39:09.225Z",
      "isChecked": false
    },
    {
      "_id": "646ac7bf9e2cea24d9742aaf",
      "guid": "7d04adf9-aaee-4a76-b29e-0fd33621f7bd",
      "guid_device": "C0680226",
      "HR": 85,
      "RR": 743,
      "rrRMS": 726,
      "date_created": "22-05-2023",
      "time_created": "08:39:11",
      "date_update": "22-05-2023",
      "time_update": "08:39:11",
      "timestamp": 1684719551,
      "date": "22-05-2023",
      "time": "08:39:11",
      "hour": "08",
      "year": "2023",
      "datetime": "22-05-2023 08:39:11",
      "create_at": "2023-05-22T01:39:11.097Z",
      "isChecked": false
    },
    {
      "_id": "646ac7c19e2cea24d9742ab2",
      "guid": "d658f8f7-750f-40af-bbf6-f422fa1fd203",
      "guid_device": "C0680226",
      "HR": 85,
      "RR": 707,
      "rrRMS": 690,
      "date_created": "22-05-2023",
      "time_created": "08:39:13",
      "date_update": "22-05-2023",
      "time_update": "08:39:13",
      "timestamp": 1684719553,
      "date": "22-05-2023",
      "time": "08:39:13",
      "hour": "08",
      "year": "2023",
      "datetime": "22-05-2023 08:39:13",
      "create_at": "2023-05-22T01:39:13.445Z",
      "isChecked": false
    },
    {
      "_id": "646ac7c29e2cea24d9742ab4",
      "guid": "e61ccd7f-c349-455d-b368-0476b91fe477",
      "guid_device": "C0680226",
      "HR": 85,
      "RR": 716,
      "rrRMS": 699,
      "date_created": "22-05-2023",
      "time_created": "08:39:14",
      "date_update": "22-05-2023",
      "time_update": "08:39:14",
      "timestamp": 1684719554,
      "date": "22-05-2023",
      "time": "08:39:14",
      "hour": "08",
      "year": "2023",
      "datetime": "22-05-2023 08:39:14",
      "create_at": "2023-05-22T01:39:14.105Z",
      "isChecked": false
    },
    {
      "_id": "646ac7c49e2cea24d9742ab7",
      "guid": "50cde5da-9852-4523-b263-bdb6b69bf86e",
      "guid_device": "C0680226",
      "HR": 85,
      "RR": 712,
      "rrRMS": 695,
      "date_created": "22-05-2023",
      "time_created": "08:39:16",
      "date_update": "22-05-2023",
      "time_update": "08:39:16",
      "timestamp": 1684719556,
      "date": "22-05-2023",
      "time": "08:39:16",
      "hour": "08",
      "year": "2023",
      "datetime": "22-05-2023 08:39:16",
      "create_at": "2023-05-22T01:39:16.391Z",
      "isChecked": false
    },
    {
      "_id": "646ac7c69e2cea24d9742aba",
      "guid": "126af049-23f6-4f87-89d5-2210a93694dc",
      "guid_device": "C0680226",
      "HR": 86,
      "RR": 702,
      "rrRMS": 686,
      "date_created": "22-05-2023",
      "time_created": "08:39:18",
      "date_update": "22-05-2023",
      "time_update": "08:39:18",
      "timestamp": 1684719558,
      "date": "22-05-2023",
      "time": "08:39:18",
      "hour": "08",
      "year": "2023",
      "datetime": "22-05-2023 08:39:18",
      "create_at": "2023-05-22T01:39:18.260Z",
      "isChecked": false
    },
    {
      "_id": "646ac7c89e2cea24d9742abd",
      "guid": "33cc0887-385e-453e-a1f1-e65b53d29b5e",
      "guid_device": "C0680226",
      "HR": 86,
      "RR": 725,
      "rrRMS": 708,
      "date_created": "22-05-2023",
      "time_created": "08:39:20",
      "date_update": "22-05-2023",
      "time_update": "08:39:20",
      "timestamp": 1684719561,
      "date": "22-05-2023",
      "time": "08:39:20",
      "hour": "08",
      "year": "2023",
      "datetime": "22-05-2023 08:39:20",
      "create_at": "2023-05-22T01:39:20.897Z",
      "isChecked": false
    },
    {
      "_id": "646ac7c99e2cea24d9742abf",
      "guid": "9a55ee4c-29f5-4d71-af75-60d49a424204",
      "guid_device": "C0680226",
      "HR": 86,
      "RR": 733,
      "rrRMS": 716,
      "date_created": "22-05-2023",
      "time_created": "08:39:21",
      "date_update": "22-05-2023",
      "time_update": "08:39:21",
      "timestamp": 1684719561,
      "date": "22-05-2023",
      "time": "08:39:21",
      "hour": "08",
      "year": "2023",
      "datetime": "22-05-2023 08:39:21",
      "create_at": "2023-05-22T01:39:21.237Z",
      "isChecked": false
    },
    {
      "_id": "646ac7cb9e2cea24d9742ac2",
      "guid": "6ec690b7-a835-49eb-8e82-6b675f5a026b",
      "guid_device": "C0680226",
      "HR": 86,
      "RR": 727,
      "rrRMS": 710,
      "date_created": "22-05-2023",
      "time_created": "08:39:23",
      "date_update": "22-05-2023",
      "time_update": "08:39:23",
      "timestamp": 1684719564,
      "date": "22-05-2023",
      "time": "08:39:23",
      "hour": "08",
      "year": "2023",
      "datetime": "22-05-2023 08:39:23",
      "create_at": "2023-05-22T01:39:23.948Z",
      "isChecked": false
    },
    {
      "_id": "646ac7cd9e2cea24d9742ac5",
      "guid": "94b7b1d3-26b3-4d98-aa3d-f3f66b3fb191",
      "guid_device": "C0680226",
      "HR": 85,
      "RR": 706,
      "rrRMS": 689,
      "date_created": "22-05-2023",
      "time_created": "08:39:25",
      "date_update": "22-05-2023",
      "time_update": "08:39:25",
      "timestamp": 1684719565,
      "date": "22-05-2023",
      "time": "08:39:25",
      "hour": "08",
      "year": "2023",
      "datetime": "22-05-2023 08:39:25",
      "create_at": "2023-05-22T01:39:25.357Z",
      "isChecked": false
    },
    {
      "_id": "646ac7cf9e2cea24d9742ac8",
      "guid": "10990b22-7e19-4ecd-acea-36225acade7b",
      "guid_device": "C0680226",
      "HR": 86,
      "RR": 696,
      "rrRMS": 680,
      "date_created": "22-05-2023",
      "time_created": "08:39:27",
      "date_update": "22-05-2023",
      "time_update": "08:39:27",
      "timestamp": 1684719567,
      "date": "22-05-2023",
      "time": "08:39:27",
      "hour": "08",
      "year": "2023",
      "datetime": "22-05-2023 08:39:27",
      "create_at": "2023-05-22T01:39:27.264Z",
      "isChecked": false
    },
    {
      "_id": "646ac7d19e2cea24d9742acb",
      "guid": "7d536d60-b096-4d9f-9f6c-3b673a92a3be",
      "guid_device": "C0680226",
      "HR": 87,
      "RR": 699,
      "rrRMS": 683,
      "date_created": "22-05-2023",
      "time_created": "08:39:29",
      "date_update": "22-05-2023",
      "time_update": "08:39:29",
      "timestamp": 1684719569,
      "date": "22-05-2023",
      "time": "08:39:29",
      "hour": "08",
      "year": "2023",
      "datetime": "22-05-2023 08:39:29",
      "create_at": "2023-05-22T01:39:29.148Z",
      "isChecked": false
    },
    {
      "_id": "646ac7d39e2cea24d9742ace",
      "guid": "53397c22-34ff-4afc-b855-e6b314a277d5",
      "guid_device": "C0680226",
      "HR": 87,
      "RR": 695,
      "rrRMS": 679,
      "date_created": "22-05-2023",
      "time_created": "08:39:31",
      "date_update": "22-05-2023",
      "time_update": "08:39:31",
      "timestamp": 1684719571,
      "date": "22-05-2023",
      "time": "08:39:31",
      "hour": "08",
      "year": "2023",
      "datetime": "22-05-2023 08:39:31",
      "create_at": "2023-05-22T01:39:31.426Z",
      "isChecked": false
    },
    {
      "_id": "646ac7d49e2cea24d9742ad0",
      "guid": "f48d82d2-740c-456d-af2a-096d2539246a",
      "guid_device": "C0680226",
      "HR": 87,
      "RR": 725,
      "rrRMS": 708,
      "date_created": "22-05-2023",
      "time_created": "08:39:32",
      "date_update": "22-05-2023",
      "time_update": "08:39:32",
      "timestamp": 1684719572,
      "date": "22-05-2023",
      "time": "08:39:32",
      "hour": "08",
      "year": "2023",
      "datetime": "22-05-2023 08:39:32",
      "create_at": "2023-05-22T01:39:32.146Z",
      "isChecked": false
    },
    {
      "_id": "646ac7d69e2cea24d9742ad3",
      "guid": "cadfcca8-d59a-4e50-91f3-31b98ce9dc7b",
      "guid_device": "C0680226",
      "HR": 86,
      "RR": 698,
      "rrRMS": 682,
      "date_created": "22-05-2023",
      "time_created": "08:39:34",
      "date_update": "22-05-2023",
      "time_update": "08:39:34",
      "timestamp": 1684719574,
      "date": "22-05-2023",
      "time": "08:39:34",
      "hour": "08",
      "year": "2023",
      "datetime": "22-05-2023 08:39:34",
      "create_at": "2023-05-22T01:39:34.394Z",
      "isChecked": false
    },
    {
      "_id": "646ac7d99e2cea24d9742ad7",
      "guid": "6137ee23-217a-4e88-badd-7d3f0e949fc2",
      "guid_device": "C0680226",
      "HR": 89,
      "RR": 648,
      "rrRMS": 633,
      "date_created": "22-05-2023",
      "time_created": "08:39:37",
      "date_update": "22-05-2023",
      "time_update": "08:39:37",
      "timestamp": 1684719577,
      "date": "22-05-2023",
      "time": "08:39:37",
      "hour": "08",
      "year": "2023",
      "datetime": "22-05-2023 08:39:37",
      "create_at": "2023-05-22T01:39:37.376Z",
      "isChecked": false
    },
    {
      "_id": "646ac7db9e2cea24d9742ada",
      "guid": "01c58f2d-20f8-4b0e-803d-dc74a2aba66d",
      "guid_device": "C0680226",
      "HR": 92,
      "RR": 637,
      "rrRMS": 622,
      "date_created": "22-05-2023",
      "time_created": "08:39:39",
      "date_update": "22-05-2023",
      "time_update": "08:39:39",
      "timestamp": 1684719579,
      "date": "22-05-2023",
      "time": "08:39:39",
      "hour": "08",
      "year": "2023",
      "datetime": "22-05-2023 08:39:39",
      "create_at": "2023-05-22T01:39:39.287Z",
      "isChecked": false
    },
    {
      "_id": "646ac7de9e2cea24d9742ade",
      "guid": "0470fda0-f682-4d1b-9ff6-cf19e792d921",
      "guid_device": "C0680226",
      "HR": 94,
      "RR": 654,
      "rrRMS": 639,
      "date_created": "22-05-2023",
      "time_created": "08:39:42",
      "date_update": "22-05-2023",
      "time_update": "08:39:42",
      "timestamp": 1684719582,
      "date": "22-05-2023",
      "time": "08:39:42",
      "hour": "08",
      "year": "2023",
      "datetime": "22-05-2023 08:39:42",
      "create_at": "2023-05-22T01:39:42.304Z",
      "isChecked": false
    },
    {
      "_id": "646ac7e09e2cea24d9742ae1",
      "guid": "ebfc8278-2c52-47aa-adcf-9bd46f2d092e",
      "guid_device": "C0680226",
      "HR": 94,
      "RR": 642,
      "rrRMS": 627,
      "date_created": "22-05-2023",
      "time_created": "08:39:44",
      "date_update": "22-05-2023",
      "time_update": "08:39:44",
      "timestamp": 1684719584,
      "date": "22-05-2023",
      "time": "08:39:44",
      "hour": "08",
      "year": "2023",
      "datetime": "22-05-2023 08:39:44",
      "create_at": "2023-05-22T01:39:44.215Z",
      "isChecked": false
    },
    {
      "_id": "646ac7e39e2cea24d9742ae5",
      "guid": "cc2d684e-ef83-4cab-b476-450b85ec076f",
      "guid_device": "C0680226",
      "HR": 95,
      "RR": 641,
      "rrRMS": 626,
      "date_created": "22-05-2023",
      "time_created": "08:39:47",
      "date_update": "22-05-2023",
      "time_update": "08:39:47",
      "timestamp": 1684719587,
      "date": "22-05-2023",
      "time": "08:39:47",
      "hour": "08",
      "year": "2023",
      "datetime": "22-05-2023 08:39:47",
      "create_at": "2023-05-22T01:39:47.106Z",
      "isChecked": false
    },
    {
      "_id": "646ac7e59e2cea24d9742ae8",
      "guid": "a53ad961-c549-417a-b527-d417661eeea0",
      "guid_device": "C0680226",
      "HR": 95,
      "RR": 679,
      "rrRMS": 663,
      "date_created": "22-05-2023",
      "time_created": "08:39:49",
      "date_update": "22-05-2023",
      "time_update": "08:39:49",
      "timestamp": 1684719589,
      "date": "22-05-2023",
      "time": "08:39:49",
      "hour": "08",
      "year": "2023",
      "datetime": "22-05-2023 08:39:49",
      "create_at": "2023-05-22T01:39:49.373Z",
      "isChecked": false
    },
    {
      "_id": "646ac7e79e2cea24d9742aeb",
      "guid": "3a1883e2-1e18-4573-9545-708f6ac287fa",
      "guid_device": "C0680226",
      "HR": 93,
      "RR": 697,
      "rrRMS": 681,
      "date_created": "22-05-2023",
      "time_created": "08:39:51",
      "date_update": "22-05-2023",
      "time_update": "08:39:51",
      "timestamp": 1684719591,
      "date": "22-05-2023",
      "time": "08:39:51",
      "hour": "08",
      "year": "2023",
      "datetime": "22-05-2023 08:39:51",
      "create_at": "2023-05-22T01:39:51.307Z",
      "isChecked": false
    },
    {
      "_id": "646ac7e89e2cea24d9742aed",
      "guid": "afb88c0a-e133-4eff-8832-cdccdab5695c",
      "guid_device": "C0680226",
      "HR": 92,
      "RR": 694,
      "rrRMS": 678,
      "date_created": "22-05-2023",
      "time_created": "08:39:52",
      "date_update": "22-05-2023",
      "time_update": "08:39:52",
      "timestamp": 1684719592,
      "date": "22-05-2023",
      "time": "08:39:52",
      "hour": "08",
      "year": "2023",
      "datetime": "22-05-2023 08:39:52",
      "create_at": "2023-05-22T01:39:52.443Z",
      "isChecked": false
    },
    {
      "_id": "646ac7ea9e2cea24d9742af0",
      "guid": "c5fb6dde-4044-43f2-a768-24a26bf9a75c",
      "guid_device": "C0680226",
      "HR": 91,
      "RR": 685,
      "rrRMS": 669,
      "date_created": "22-05-2023",
      "time_created": "08:39:54",
      "date_update": "22-05-2023",
      "time_update": "08:39:54",
      "timestamp": 1684719594,
      "date": "22-05-2023",
      "time": "08:39:54",
      "hour": "08",
      "year": "2023",
      "datetime": "22-05-2023 08:39:54",
      "create_at": "2023-05-22T01:39:54.287Z",
      "isChecked": false
    },
    {
      "_id": "646ac7ed9e2cea24d9742af4",
      "guid": "af5146c8-a788-4b35-9123-5618bef7ed95",
      "guid_device": "C0680226",
      "HR": 90,
      "RR": 632,
      "rrRMS": 617,
      "date_created": "22-05-2023",
      "time_created": "08:39:57",
      "date_update": "22-05-2023",
      "time_update": "08:39:57",
      "timestamp": 1684719597,
      "date": "22-05-2023",
      "time": "08:39:57",
      "hour": "08",
      "year": "2023",
      "datetime": "22-05-2023 08:39:57",
      "create_at": "2023-05-22T01:39:57.235Z",
      "isChecked": false
    },
    {
      "_id": "646ac7ef9e2cea24d9742af7",
      "guid": "02bed869-1efd-4269-9df7-b87899b6a70a",
      "guid_device": "C0680226",
      "HR": 93,
      "RR": 640,
      "rrRMS": 625,
      "date_created": "22-05-2023",
      "time_created": "08:39:59",
      "date_update": "22-05-2023",
      "time_update": "08:39:59",
      "timestamp": 1684719599,
      "date": "22-05-2023",
      "time": "08:39:59",
      "hour": "08",
      "year": "2023",
      "datetime": "22-05-2023 08:39:59",
      "create_at": "2023-05-22T01:39:59.194Z",
      "isChecked": false
    },
    {
      "_id": "646ac7f29e2cea24d9742afb",
      "guid": "04fd70e0-0ff3-4919-8f03-092e9213b2e1",
      "guid_device": "C0680226",
      "HR": 94,
      "RR": 654,
      "rrRMS": 639,
      "date_created": "22-05-2023",
      "time_created": "08:40:02",
      "date_update": "22-05-2023",
      "time_update": "08:40:02",
      "timestamp": 1684719602,
      "date": "22-05-2023",
      "time": "08:40:02",
      "hour": "08",
      "year": "2023",
      "datetime": "22-05-2023 08:40:02",
      "create_at": "2023-05-22T01:40:02.128Z",
      "isChecked": false
    },
    {
      "_id": "646ac7f49e2cea24d9742afe",
      "guid": "ce142316-df50-462b-b65f-7f2bf8ebfe73",
      "guid_device": "C0680226",
      "HR": 94,
      "RR": 676,
      "rrRMS": 660,
      "date_created": "22-05-2023",
      "time_created": "08:40:04",
      "date_update": "22-05-2023",
      "time_update": "08:40:04",
      "timestamp": 1684719605,
      "date": "22-05-2023",
      "time": "08:40:04",
      "hour": "08",
      "year": "2023",
      "datetime": "22-05-2023 08:40:04",
      "create_at": "2023-05-22T01:40:04.504Z",
      "isChecked": false
    },
    {
      "_id": "646ac7f69e2cea24d9742b01",
      "guid": "b67fa413-bf91-40f7-b79b-c5348295ff2f",
      "guid_device": "C0680226",
      "HR": 92,
      "RR": 690,
      "rrRMS": 674,
      "date_created": "22-05-2023",
      "time_created": "08:40:06",
      "date_update": "22-05-2023",
      "time_update": "08:40:06",
      "timestamp": 1684719606,
      "date": "22-05-2023",
      "time": "08:40:06",
      "hour": "08",
      "year": "2023",
      "datetime": "22-05-2023 08:40:06",
      "create_at": "2023-05-22T01:40:06.290Z",
      "isChecked": false
    },
    {
      "_id": "646ac7f89e2cea24d9742b04",
      "guid": "f043d532-3450-48a1-88d9-a6fbe1cce7fd",
      "guid_device": "C0680226",
      "HR": 91,
      "RR": 684,
      "rrRMS": 668,
      "date_created": "22-05-2023",
      "time_created": "08:40:08",
      "date_update": "22-05-2023",
      "time_update": "08:40:08",
      "timestamp": 1684719608,
      "date": "22-05-2023",
      "time": "08:40:08",
      "hour": "08",
      "year": "2023",
      "datetime": "22-05-2023 08:40:08",
      "create_at": "2023-05-22T01:40:08.132Z",
      "isChecked": false
    },
    {
      "_id": "646ac7fa9e2cea24d9742b07",
      "guid": "d58a0cf8-ac30-42c7-850e-a6b4f053a285",
      "guid_device": "C0680226",
      "HR": 91,
      "RR": 685,
      "rrRMS": 669,
      "date_created": "22-05-2023",
      "time_created": "08:40:10",
      "date_update": "22-05-2023",
      "time_update": "08:40:10",
      "timestamp": 1684719610,
      "date": "22-05-2023",
      "time": "08:40:10",
      "hour": "08",
      "year": "2023",
      "datetime": "22-05-2023 08:40:10",
      "create_at": "2023-05-22T01:40:10.426Z",
      "isChecked": false
    }
  ]
}