{
  "hrvMetrics": {
    "sdnn": null,
    "rmssd": null,
    "pnn50": null,
    "s1": null,
    "s2": null
  },
  "filteredData": [
    {
      "HR": 95,
      "RR": 637
    }
  ],
  "raw": [
    {
      "_id": "64d30f776e55fe237811f8bb",
      "guid": "fc5dae74-d7c8-4fe0-b586-9d7a9d404db7",
      "guid_device": "C0680226",
      "HR": 95,
      "RR": 637,
      "rrRMS": 622,
      "date_created": "09-08-2023",
      "time_created": "11:00:55",
      "date_update": "09-08-2023",
      "time_update": "11:00:55",
      "timestamp": 1691553656,
      "date": "09-08-2023",
      "time": "11:00:55",
      "hour": "11",
      "year": "2023",
      "datetime": "09-08-2023 11:00:55",
      "create_at": "2023-08-09T04:00:55.756Z",
      "isChecked": false
    },
    {
      "_id": "64d310d46e55fe237811f8bf",
      "guid": "2737bb2a-aeb5-4ae4-be5b-c0b2db0017c0",
      "guid_device": "C0680226",
      "HR": 96,
      "RR": 641,
      "rrRMS": 626,
      "date_created": "09-08-2023",
      "time_created": "11:06:44",
      "date_update": "09-08-2023",
      "time_update": "11:06:44",
      "timestamp": 1691554004,
      "date": "09-08-2023",
      "time": "11:06:44",
      "hour": "11",
      "year": "2023",
      "datetime": "09-08-2023 11:06:44",
      "create_at": "2023-08-09T04:06:44.464Z",
      "isChecked": false
    },
    {
      "_id": "64d310d76e55fe237811f8c3",
      "guid": "928c4758-e32a-4091-ab17-db3641306ae3",
      "guid_device": "C0680226",
      "HR": 97,
      "RR": 638,
      "rrRMS": 623,
      "date_created": "09-08-2023",
      "time_created": "11:06:47",
      "date_update": "09-08-2023",
      "time_update": "11:06:47",
      "timestamp": 1691554007,
      "date": "09-08-2023",
      "time": "11:06:47",
      "hour": "11",
      "year": "2023",
      "datetime": "09-08-2023 11:06:47",
      "create_at": "2023-08-09T04:06:47.352Z",
      "isChecked": false
    },
    {
      "_id": "64d310db6e55fe237811f8c6",
      "guid": "c8b8e055-ad9d-4320-91d8-1619f487e299",
      "guid_device": "C0680226",
      "HR": 96,
      "RR": 630,
      "rrRMS": 615,
      "date_created": "09-08-2023",
      "time_created": "11:06:51",
      "date_update": "09-08-2023",
      "time_update": "11:06:51",
      "timestamp": 1691554012,
      "date": "09-08-2023",
      "time": "11:06:51",
      "hour": "11",
      "year": "2023",
      "datetime": "09-08-2023 11:06:51",
      "create_at": "2023-08-09T04:06:51.982Z",
      "isChecked": false
    },
    {
      "_id": "64d310dc6e55fe237811f8ca",
      "guid": "f9091d61-a5be-40a9-a60e-46a36157f539",
      "guid_device": "C0680226",
      "HR": 98,
      "RR": 620,
      "rrRMS": 605,
      "date_created": "09-08-2023",
      "time_created": "11:06:52",
      "date_update": "09-08-2023",
      "time_update": "11:06:52",
      "timestamp": 1691554012,
      "date": "09-08-2023",
      "time": "11:06:52",
      "hour": "11",
      "year": "2023",
      "datetime": "09-08-2023 11:06:52",
      "create_at": "2023-08-09T04:06:52.340Z",
      "isChecked": false
    },
    {
      "_id": "64d310df6e55fe237811f8ce",
      "guid": "17d85c06-046f-4f6e-8f98-fd409baacbfb",
      "guid_device": "C0680226",
      "HR": 98,
      "RR": 638,
      "rrRMS": 623,
      "date_created": "09-08-2023",
      "time_created": "11:06:55",
      "date_update": "09-08-2023",
      "time_update": "11:06:55",
      "timestamp": 1691554016,
      "date": "09-08-2023",
      "time": "11:06:55",
      "hour": "11",
      "year": "2023",
      "datetime": "09-08-2023 11:06:55",
      "create_at": "2023-08-09T04:06:55.864Z",
      "isChecked": false
    },
    {
      "_id": "64d310e26e55fe237811f8d2",
      "guid": "11696f60-29ff-44e8-a619-7b378b69ab22",
      "guid_device": "C0680226",
      "HR": 97,
      "RR": 634,
      "rrRMS": 619,
      "date_created": "09-08-2023",
      "time_created": "11:06:58",
      "date_update": "09-08-2023",
      "time_update": "11:06:58",
      "timestamp": 1691554018,
      "date": "09-08-2023",
      "time": "11:06:58",
      "hour": "11",
      "year": "2023",
      "datetime": "09-08-2023 11:06:58",
      "create_at": "2023-08-09T04:06:58.253Z",
      "isChecked": false
    },
    {
      "_id": "64d310e46e55fe237811f8d5",
      "guid": "50fe8fbb-73e4-49e4-b9b5-f9e02f46c7f3",
      "guid_device": "C0680226",
      "HR": 97,
      "RR": 632,
      "rrRMS": 617,
      "date_created": "09-08-2023",
      "time_created": "11:07:00",
      "date_update": "09-08-2023",
      "time_update": "11:07:00",
      "timestamp": 1691554020,
      "date": "09-08-2023",
      "time": "11:07:00",
      "hour": "11",
      "year": "2023",
      "datetime": "09-08-2023 11:07:00",
      "create_at": "2023-08-09T04:07:00.293Z",
      "isChecked": false
    },
    {
      "_id": "64d310e76e55fe237811f8d9",
      "guid": "12a4ce12-77af-414e-aa4b-77ffe6ec4ab8",
      "guid_device": "C0680226",
      "HR": 97,
      "RR": 637,
      "rrRMS": 622,
      "date_created": "09-08-2023",
      "time_created": "11:07:03",
      "date_update": "09-08-2023",
      "time_update": "11:07:03",
      "timestamp": 1691554023,
      "date": "09-08-2023",
      "time": "11:07:03",
      "hour": "11",
      "year": "2023",
      "datetime": "09-08-2023 11:07:03",
      "create_at": "2023-08-09T04:07:03.263Z",
      "isChecked": false
    },
    {
      "_id": "64d310ea6e55fe237811f8dd",
      "guid": "7424635f-1d37-428b-923e-aa4865d9a5a1",
      "guid_device": "C0680226",
      "HR": 97,
      "RR": 611,
      "rrRMS": 597,
      "date_created": "09-08-2023",
      "time_created": "11:07:06",
      "date_update": "09-08-2023",
      "time_update": "11:07:06",
      "timestamp": 1691554027,
      "date": "09-08-2023",
      "time": "11:07:06",
      "hour": "11",
      "year": "2023",
      "datetime": "09-08-2023 11:07:06",
      "create_at": "2023-08-09T04:07:06.712Z",
      "isChecked": false
    },
    {
      "_id": "64d310ed6e55fe237811f8e1",
      "guid": "ac544d02-0d90-4534-a122-2331997e6a6c",
      "guid_device": "C0680226",
      "HR": 100,
      "RR": 613,
      "rrRMS": 599,
      "date_created": "09-08-2023",
      "time_created": "11:07:09",
      "date_update": "09-08-2023",
      "time_update": "11:07:09",
      "timestamp": 1691554030,
      "date": "09-08-2023",
      "time": "11:07:09",
      "hour": "11",
      "year": "2023",
      "datetime": "09-08-2023 11:07:09",
      "create_at": "2023-08-09T04:07:09.703Z",
      "isChecked": false
    },
    {
      "_id": "64d310ef6e55fe237811f8e4",
      "guid": "32d0b8d0-d6c2-4f63-b97e-fc278f3966be",
      "guid_device": "C0680226",
      "HR": 99,
      "RR": 634,
      "rrRMS": 619,
      "date_created": "09-08-2023",
      "time_created": "11:07:11",
      "date_update": "09-08-2023",
      "time_update": "11:07:11",
      "timestamp": 1691554032,
      "date": "09-08-2023",
      "time": "11:07:11",
      "hour": "11",
      "year": "2023",
      "datetime": "09-08-2023 11:07:11",
      "create_at": "2023-08-09T04:07:11.661Z",
      "isChecked": false
    },
    {
      "_id": "64d310f26e55fe237811f8e8",
      "guid": "a68cb0b1-241d-4945-90c1-e1f09ccfc7fe",
      "guid_device": "C0680226",
      "HR": 98,
      "RR": 624,
      "rrRMS": 609,
      "date_created": "09-08-2023",
      "time_created": "11:07:14",
      "date_update": "09-08-2023",
      "time_update": "11:07:14",
      "timestamp": 1691554035,
      "date": "09-08-2023",
      "time": "11:07:14",
      "hour": "11",
      "year": "2023",
      "datetime": "09-08-2023 11:07:14",
      "create_at": "2023-08-09T04:07:14.623Z",
      "isChecked": false
    },
    {
      "_id": "64d310f46e55fe237811f8eb",
      "guid": "fb89d799-70ae-4115-b1f4-81822661b0ae",
      "guid_device": "C0680226",
      "HR": 98,
      "RR": 645,
      "rrRMS": 630,
      "date_created": "09-08-2023",
      "time_created": "11:07:16",
      "date_update": "09-08-2023",
      "time_update": "11:07:16",
      "timestamp": 1691554037,
      "date": "09-08-2023",
      "time": "11:07:16",
      "hour": "11",
      "year": "2023",
      "datetime": "09-08-2023 11:07:16",
      "create_at": "2023-08-09T04:07:16.622Z",
      "isChecked": false
    },
    {
      "_id": "64d310f76e55fe237811f8ef",
      "guid": "9712a0e8-c0e4-4b85-93cc-636149a841f2",
      "guid_device": "C0680226",
      "HR": 96,
      "RR": 638,
      "rrRMS": 623,
      "date_created": "09-08-2023",
      "time_created": "11:07:19",
      "date_update": "09-08-2023",
      "time_update": "11:07:19",
      "timestamp": 1691554040,
      "date": "09-08-2023",
      "time": "11:07:19",
      "hour": "11",
      "year": "2023",
      "datetime": "09-08-2023 11:07:19",
      "create_at": "2023-08-09T04:07:19.587Z",
      "isChecked": false
    },
    {
      "_id": "64d310fa6e55fe237811f8f2",
      "guid": "01383e30-0886-4511-a1bb-4ec5f2f4a878",
      "guid_device": "C0680226",
      "HR": 96,
      "RR": 629,
      "rrRMS": 614,
      "date_created": "09-08-2023",
      "time_created": "11:07:22",
      "date_update": "09-08-2023",
      "time_update": "11:07:22",
      "timestamp": 1691554042,
      "date": "09-08-2023",
      "time": "11:07:22",
      "hour": "11",
      "year": "2023",
      "datetime": "09-08-2023 11:07:22",
      "create_at": "2023-08-09T04:07:22.453Z",
      "isChecked": false
    },
    {
      "_id": "64d310fb6e55fe237811f8f5",
      "guid": "b55efc6f-1082-49ac-a2fb-c0ddfa0d7331",
      "guid_device": "C0680226",
      "HR": 97,
      "RR": 651,
      "rrRMS": 636,
      "date_created": "09-08-2023",
      "time_created": "11:07:23",
      "date_update": "09-08-2023",
      "time_update": "11:07:23",
      "timestamp": 1691554044,
      "date": "09-08-2023",
      "time": "11:07:23",
      "hour": "11",
      "year": "2023",
      "datetime": "09-08-2023 11:07:23",
      "create_at": "2023-08-09T04:07:23.547Z",
      "isChecked": false
    },
    {
      "_id": "64d310fe6e55fe237811f8f9",
      "guid": "b92779bd-9c07-4853-859e-cbf57da1f6ff",
      "guid_device": "C0680226",
      "HR": 95,
      "RR": 654,
      "rrRMS": 639,
      "date_created": "09-08-2023",
      "time_created": "11:07:26",
      "date_update": "09-08-2023",
      "time_update": "11:07:26",
      "timestamp": 1691554046,
      "date": "09-08-2023",
      "time": "11:07:26",
      "hour": "11",
      "year": "2023",
      "datetime": "09-08-2023 11:07:26",
      "create_at": "2023-08-09T04:07:26.492Z",
      "isChecked": false
    },
    {
      "_id": "64d311016e55fe237811f8fd",
      "guid": "fc39aea6-9f4e-4aec-97cb-d2bafd5d7354",
      "guid_device": "C0680226",
      "HR": 94,
      "RR": 467,
      "rrRMS": 456,
      "date_created": "09-08-2023",
      "time_created": "11:07:29",
      "date_update": "09-08-2023",
      "time_update": "11:07:29",
      "timestamp": 1691554050,
      "date": "09-08-2023",
      "time": "11:07:29",
      "hour": "11",
      "year": "2023",
      "datetime": "09-08-2023 11:07:29",
      "create_at": "2023-08-09T04:07:29.512Z",
      "isChecked": false
    },
    {
      "_id": "64d311046e55fe237811f900",
      "guid": "c8f726d9-17d8-44ad-ae91-1cfe2115d707",
      "guid_device": "C0680226",
      "HR": 94,
      "RR": 643,
      "rrRMS": 628,
      "date_created": "09-08-2023",
      "time_created": "11:07:32",
      "date_update": "09-08-2023",
      "time_update": "11:07:32",
      "timestamp": 1691554053,
      "date": "09-08-2023",
      "time": "11:07:32",
      "hour": "11",
      "year": "2023",
      "datetime": "09-08-2023 11:07:32",
      "create_at": "2023-08-09T04:07:32.799Z",
      "isChecked": false
    },
    {
      "_id": "64d311056e55fe237811f903",
      "guid": "dcfbbca2-cfe1-4f5f-8f6b-19c1a1d4a97a",
      "guid_device": "C0680226",
      "HR": 94,
      "RR": 657,
      "rrRMS": 642,
      "date_created": "09-08-2023",
      "time_created": "11:07:33",
      "date_update": "09-08-2023",
      "time_update": "11:07:33",
      "timestamp": 1691554053,
      "date": "09-08-2023",
      "time": "11:07:33",
      "hour": "11",
      "year": "2023",
      "datetime": "09-08-2023 11:07:33",
      "create_at": "2023-08-09T04:07:33.434Z",
      "isChecked": false
    },
    {
      "_id": "64d311076e55fe237811f906",
      "guid": "f01dd785-0f30-4e44-944b-49eb6425fcb0",
      "guid_device": "C0680226",
      "HR": 94,
      "RR": 649,
      "rrRMS": 634,
      "date_created": "09-08-2023",
      "time_created": "11:07:35",
      "date_update": "09-08-2023",
      "time_update": "11:07:35",
      "timestamp": 1691554055,
      "date": "09-08-2023",
      "time": "11:07:35",
      "hour": "11",
      "year": "2023",
      "datetime": "09-08-2023 11:07:35",
      "create_at": "2023-08-09T04:07:35.406Z",
      "isChecked": false
    },
    {
      "_id": "64d3110a6e55fe237811f90a",
      "guid": "b2edaac1-d954-445c-a4ee-ba934e3d6d00",
      "guid_device": "C0680226",
      "HR": 94,
      "RR": 642,
      "rrRMS": 627,
      "date_created": "09-08-2023",
      "time_created": "11:07:38",
      "date_update": "09-08-2023",
      "time_update": "11:07:38",
      "timestamp": 1691554058,
      "date": "09-08-2023",
      "time": "11:07:38",
      "hour": "11",
      "year": "2023",
      "datetime": "09-08-2023 11:07:38",
      "create_at": "2023-08-09T04:07:38.395Z",
      "isChecked": false
    },
    {
      "_id": "64d3110c6e55fe237811f90d",
      "guid": "e89ee98e-59b7-44de-aac3-6bc656c80ff4",
      "guid_device": "C0680226",
      "HR": 95,
      "RR": 639,
      "rrRMS": 624,
      "date_created": "09-08-2023",
      "time_created": "11:07:40",
      "date_update": "09-08-2023",
      "time_update": "11:07:40",
      "timestamp": 1691554060,
      "date": "09-08-2023",
      "time": "11:07:40",
      "hour": "11",
      "year": "2023",
      "datetime": "09-08-2023 11:07:40",
      "create_at": "2023-08-09T04:07:40.370Z",
      "isChecked": false
    },
    {
      "_id": "64d3110f6e55fe237811f911",
      "guid": "cf753fb0-8bf8-4072-97a8-315c9b33bfac",
      "guid_device": "C0680226",
      "HR": 96,
      "RR": 646,
      "rrRMS": 631,
      "date_created": "09-08-2023",
      "time_created": "11:07:43",
      "date_update": "09-08-2023",
      "time_update": "11:07:43",
      "timestamp": 1691554063,
      "date": "09-08-2023",
      "time": "11:07:43",
      "hour": "11",
      "year": "2023",
      "datetime": "09-08-2023 11:07:43",
      "create_at": "2023-08-09T04:07:43.341Z",
      "isChecked": false
    }
  ]
}