{
  "hrvMetrics": {
    "pnn50": 0,
    "dfa": null,
    "minRR": 817,
    "maxRR": 821,
    "rmssd": 4,
    "sdnn": null,
    "hf": 0,
    "lf": 0,
    "lfhratio": null,
    "s1": 2.82842712474619,
    "s2": 1158.2409075835649
  },
  "filteredData": [
    {
      "HR": 74,
      "RR": 821
    },
    {
      "HR": 74,
      "RR": 817
    }
  ],
  "raw": [
    {
      "_id": "646216dc9e2cea24d9725a73",
      "guid": "cbe10ffd-33bd-4b45-8f20-33c4a98a5f75",
      "guid_device": "C0680226",
      "HR": 74,
      "RR": 821,
      "rrRMS": 802,
      "date_created": "15-05-2023",
      "time_created": "18:26:20",
      "date_update": "15-05-2023",
      "time_update": "18:26:20",
      "timestamp": 1684149980,
      "date": "15-05-2023",
      "time": "18:26:20",
      "hour": "18",
      "year": "2023",
      "datetime": "15-05-2023 06:26:20",
      "create_at": "2023-05-15T11:26:20.208Z",
      "isChecked": false
    },
    {
      "_id": "646216de9e2cea24d9725a76",
      "guid": "fa184056-35b2-4798-988f-3c4153746eda",
      "guid_device": "C0680226",
      "HR": 74,
      "RR": 817,
      "rrRMS": 798,
      "date_created": "15-05-2023",
      "time_created": "18:26:22",
      "date_update": "15-05-2023",
      "time_update": "18:26:22",
      "timestamp": 1684149982,
      "date": "15-05-2023",
      "time": "18:26:22",
      "hour": "18",
      "year": "2023",
      "datetime": "15-05-2023 06:26:22",
      "create_at": "2023-05-15T11:26:22.098Z",
      "isChecked": false
    },
    {
      "_id": "646216df9e2cea24d9725a78",
      "guid": "9b07044d-d28c-42b3-bb05-b7313f40628b",
      "guid_device": "C0680226",
      "HR": 74,
      "RR": 813,
      "rrRMS": 794,
      "date_created": "15-05-2023",
      "time_created": "18:26:23",
      "date_update": "15-05-2023",
      "time_update": "18:26:23",
      "timestamp": 1684149983,
      "date": "15-05-2023",
      "time": "18:26:23",
      "hour": "18",
      "year": "2023",
      "datetime": "15-05-2023 06:26:23",
      "create_at": "2023-05-15T11:26:23.230Z",
      "isChecked": false
    },
    {
      "_id": "646216df9e2cea24d9725a7a",
      "guid": "6c4b6340-5662-447c-a830-4243acd1b230",
      "guid_device": "C0680226",
      "HR": 74,
      "RR": 827,
      "rrRMS": 808,
      "date_created": "15-05-2023",
      "time_created": "18:26:23",
      "date_update": "15-05-2023",
      "time_update": "18:26:23",
      "timestamp": 1684149984,
      "date": "15-05-2023",
      "time": "18:26:23",
      "hour": "18",
      "year": "2023",
      "datetime": "15-05-2023 06:26:23",
      "create_at": "2023-05-15T11:26:23.950Z",
      "isChecked": false
    },
    {
      "_id": "646216e19e2cea24d9725a7c",
      "guid": "54cbeeee-f77e-4f59-818f-2e91d37b8344",
      "guid_device": "C0680226",
      "HR": 74,
      "RR": 830,
      "rrRMS": 811,
      "date_created": "15-05-2023",
      "time_created": "18:26:25",
      "date_update": "15-05-2023",
      "time_update": "18:26:25",
      "timestamp": 1684149985,
      "date": "15-05-2023",
      "time": "18:26:25",
      "hour": "18",
      "year": "2023",
      "datetime": "15-05-2023 06:26:25",
      "create_at": "2023-05-15T11:26:25.090Z",
      "isChecked": false
    },
    {
      "_id": "646216e39e2cea24d9725a7f",
      "guid": "886df833-3ae1-4012-8008-bb39a913889d",
      "guid_device": "C0680226",
      "HR": 74,
      "RR": 830,
      "rrRMS": 811,
      "date_created": "15-05-2023",
      "time_created": "18:26:27",
      "date_update": "15-05-2023",
      "time_update": "18:26:27",
      "timestamp": 1684149988,
      "date": "15-05-2023",
      "time": "18:26:27",
      "hour": "18",
      "year": "2023",
      "datetime": "15-05-2023 06:26:27",
      "create_at": "2023-05-15T11:26:27.700Z",
      "isChecked": false
    },
    {
      "_id": "646216e49e2cea24d9725a81",
      "guid": "3d2d8ade-3b32-49d6-bc61-14da65ab8e02",
      "guid_device": "C0680226",
      "HR": 74,
      "RR": 807,
      "rrRMS": 788,
      "date_created": "15-05-2023",
      "time_created": "18:26:28",
      "date_update": "15-05-2023",
      "time_update": "18:26:28",
      "timestamp": 1684149988,
      "date": "15-05-2023",
      "time": "18:26:28",
      "hour": "18",
      "year": "2023",
      "datetime": "15-05-2023 06:26:28",
      "create_at": "2023-05-15T11:26:28.079Z",
      "isChecked": false
    },
    {
      "_id": "646216e59e2cea24d9725a84",
      "guid": "717a8047-9481-4c66-b3f0-753bc41b9ce4",
      "guid_device": "C0680226",
      "HR": 75,
      "RR": 805,
      "rrRMS": 786,
      "date_created": "15-05-2023",
      "time_created": "18:26:29",
      "date_update": "15-05-2023",
      "time_update": "18:26:29",
      "timestamp": 1684149990,
      "date": "15-05-2023",
      "time": "18:26:29",
      "hour": "18",
      "year": "2023",
      "datetime": "15-05-2023 06:26:29",
      "create_at": "2023-05-15T11:26:29.970Z",
      "isChecked": false
    },
    {
      "_id": "646216e79e2cea24d9725a86",
      "guid": "d8e63344-0892-4f16-88f6-7c2ca02d5ba5",
      "guid_device": "C0680226",
      "HR": 75,
      "RR": 791,
      "rrRMS": 772,
      "date_created": "15-05-2023",
      "time_created": "18:26:31",
      "date_update": "15-05-2023",
      "time_update": "18:26:31",
      "timestamp": 1684149991,
      "date": "15-05-2023",
      "time": "18:26:31",
      "hour": "18",
      "year": "2023",
      "datetime": "15-05-2023 06:26:31",
      "create_at": "2023-05-15T11:26:31.119Z",
      "isChecked": false
    },
    {
      "_id": "646216e89e2cea24d9725a88",
      "guid": "efddbdec-4a1a-47d4-a36c-e1b0f88fc33f",
      "guid_device": "C0680226",
      "HR": 75,
      "RR": 796,
      "rrRMS": 777,
      "date_created": "15-05-2023",
      "time_created": "18:26:32",
      "date_update": "15-05-2023",
      "time_update": "18:26:32",
      "timestamp": 1684149992,
      "date": "15-05-2023",
      "time": "18:26:32",
      "hour": "18",
      "year": "2023",
      "datetime": "15-05-2023 06:26:32",
      "create_at": "2023-05-15T11:26:32.229Z",
      "isChecked": false
    },
    {
      "_id": "646216ea9e2cea24d9725a8b",
      "guid": "9c20a13c-970e-423d-8981-cbfc71bc403f",
      "guid_device": "C0680226",
      "HR": 76,
      "RR": 799,
      "rrRMS": 780,
      "date_created": "15-05-2023",
      "time_created": "18:26:34",
      "date_update": "15-05-2023",
      "time_update": "18:26:34",
      "timestamp": 1684149994,
      "date": "15-05-2023",
      "time": "18:26:34",
      "hour": "18",
      "year": "2023",
      "datetime": "15-05-2023 06:26:34",
      "create_at": "2023-05-15T11:26:34.082Z",
      "isChecked": false
    },
    {
      "_id": "646216eb9e2cea24d9725a8d",
      "guid": "819d9287-523a-41db-979c-8ba3c147569c",
      "guid_device": "C0680226",
      "HR": 76,
      "RR": 799,
      "rrRMS": 780,
      "date_created": "15-05-2023",
      "time_created": "18:26:35",
      "date_update": "15-05-2023",
      "time_update": "18:26:35",
      "timestamp": 1684149995,
      "date": "15-05-2023",
      "time": "18:26:35",
      "hour": "18",
      "year": "2023",
      "datetime": "15-05-2023 06:26:35",
      "create_at": "2023-05-15T11:26:35.229Z",
      "isChecked": false
    },
    {
      "_id": "646216eb9e2cea24d9725a8f",
      "guid": "6ecf78e7-4ab5-4d9b-8e80-ed524c33b6c1",
      "guid_device": "C0680226",
      "HR": 76,
      "RR": 793,
      "rrRMS": 774,
      "date_created": "15-05-2023",
      "time_created": "18:26:35",
      "date_update": "15-05-2023",
      "time_update": "18:26:35",
      "timestamp": 1684149996,
      "date": "15-05-2023",
      "time": "18:26:35",
      "hour": "18",
      "year": "2023",
      "datetime": "15-05-2023 06:26:35",
      "create_at": "2023-05-15T11:26:35.973Z",
      "isChecked": false
    },
    {
      "_id": "646216ee9e2cea24d9725a92",
      "guid": "35e9b7ff-893f-485e-a5a2-e88e6539d5bf",
      "guid_device": "C0680226",
      "HR": 76,
      "RR": 796,
      "rrRMS": 777,
      "date_created": "15-05-2023",
      "time_created": "18:26:38",
      "date_update": "15-05-2023",
      "time_update": "18:26:38",
      "timestamp": 1684149998,
      "date": "15-05-2023",
      "time": "18:26:38",
      "hour": "18",
      "year": "2023",
      "datetime": "15-05-2023 06:26:38",
      "create_at": "2023-05-15T11:26:38.219Z",
      "isChecked": false
    },
    {
      "_id": "646216ee9e2cea24d9725a94",
      "guid": "a5c0dae1-d37a-49e8-950d-f53cf2f2c211",
      "guid_device": "C0680226",
      "HR": 76,
      "RR": 773,
      "rrRMS": 755,
      "date_created": "15-05-2023",
      "time_created": "18:26:38",
      "date_update": "15-05-2023",
      "time_update": "18:26:38",
      "timestamp": 1684149999,
      "date": "15-05-2023",
      "time": "18:26:38",
      "hour": "18",
      "year": "2023",
      "datetime": "15-05-2023 06:26:38",
      "create_at": "2023-05-15T11:26:38.961Z",
      "isChecked": false
    },
    {
      "_id": "646216f19e2cea24d9725a97",
      "guid": "8426b812-f8b1-49b1-a321-a649d1354698",
      "guid_device": "C0680226",
      "HR": 77,
      "RR": 776,
      "rrRMS": 758,
      "date_created": "15-05-2023",
      "time_created": "18:26:41",
      "date_update": "15-05-2023",
      "time_update": "18:26:41",
      "timestamp": 1684150001,
      "date": "15-05-2023",
      "time": "18:26:41",
      "hour": "18",
      "year": "2023",
      "datetime": "15-05-2023 06:26:41",
      "create_at": "2023-05-15T11:26:41.219Z",
      "isChecked": false
    },
    {
      "_id": "646216f39e2cea24d9725a9a",
      "guid": "3827cb3f-b911-4520-881d-f70877ed0c48",
      "guid_device": "C0680226",
      "HR": 78,
      "RR": 758,
      "rrRMS": 740,
      "date_created": "15-05-2023",
      "time_created": "18:26:43",
      "date_update": "15-05-2023",
      "time_update": "18:26:43",
      "timestamp": 1684150003,
      "date": "15-05-2023",
      "time": "18:26:43",
      "hour": "18",
      "year": "2023",
      "datetime": "15-05-2023 06:26:43",
      "create_at": "2023-05-15T11:26:43.072Z",
      "isChecked": false
    },
    {
      "_id": "646216f49e2cea24d9725a9c",
      "guid": "7974a802-855c-4e60-875a-17dc03025bbd",
      "guid_device": "C0680226",
      "HR": 78,
      "RR": 767,
      "rrRMS": 749,
      "date_created": "15-05-2023",
      "time_created": "18:26:44",
      "date_update": "15-05-2023",
      "time_update": "18:26:44",
      "timestamp": 1684150004,
      "date": "15-05-2023",
      "time": "18:26:44",
      "hour": "18",
      "year": "2023",
      "datetime": "15-05-2023 06:26:44",
      "create_at": "2023-05-15T11:26:44.223Z",
      "isChecked": false
    },
    {
      "_id": "646216f69e2cea24d9725a9f",
      "guid": "53c86222-5b6a-485c-89bf-a30cf6e90f9a",
      "guid_device": "C0680226",
      "HR": 79,
      "RR": 782,
      "rrRMS": 764,
      "date_created": "15-05-2023",
      "time_created": "18:26:46",
      "date_update": "15-05-2023",
      "time_update": "18:26:46",
      "timestamp": 1684150006,
      "date": "15-05-2023",
      "time": "18:26:46",
      "hour": "18",
      "year": "2023",
      "datetime": "15-05-2023 06:26:46",
      "create_at": "2023-05-15T11:26:46.079Z",
      "isChecked": false
    },
    {
      "_id": "646216f79e2cea24d9725aa1",
      "guid": "53e6ef9c-469d-4b55-8eb0-db9b47f4a1d2",
      "guid_device": "C0680226",
      "HR": 79,
      "RR": 793,
      "rrRMS": 774,
      "date_created": "15-05-2023",
      "time_created": "18:26:47",
      "date_update": "15-05-2023",
      "time_update": "18:26:47",
      "timestamp": 1684150007,
      "date": "15-05-2023",
      "time": "18:26:47",
      "hour": "18",
      "year": "2023",
      "datetime": "15-05-2023 06:26:47",
      "create_at": "2023-05-15T11:26:47.211Z",
      "isChecked": false
    },
    {
      "_id": "646216f79e2cea24d9725aa3",
      "guid": "95dea160-e970-4d75-8e6b-a24d5ab3b786",
      "guid_device": "C0680226",
      "HR": 79,
      "RR": 767,
      "rrRMS": 749,
      "date_created": "15-05-2023",
      "time_created": "18:26:47",
      "date_update": "15-05-2023",
      "time_update": "18:26:47",
      "timestamp": 1684150008,
      "date": "15-05-2023",
      "time": "18:26:47",
      "hour": "18",
      "year": "2023",
      "datetime": "15-05-2023 06:26:47",
      "create_at": "2023-05-15T11:26:47.978Z",
      "isChecked": false
    },
    {
      "_id": "646216fa9e2cea24d9725aa6",
      "guid": "f9b84e4f-d040-4b3d-a9da-7f61dc668949",
      "guid_device": "C0680226",
      "HR": 79,
      "RR": 812,
      "rrRMS": 793,
      "date_created": "15-05-2023",
      "time_created": "18:26:50",
      "date_update": "15-05-2023",
      "time_update": "18:26:50",
      "timestamp": 1684150010,
      "date": "15-05-2023",
      "time": "18:26:50",
      "hour": "18",
      "year": "2023",
      "datetime": "15-05-2023 06:26:50",
      "create_at": "2023-05-15T11:26:50.258Z",
      "isChecked": false
    },
    {
      "_id": "646216fa9e2cea24d9725aa8",
      "guid": "7feb6523-f69a-4253-8346-11eb495c7f1b",
      "guid_device": "C0680226",
      "HR": 78,
      "RR": 772,
      "rrRMS": 754,
      "date_created": "15-05-2023",
      "time_created": "18:26:50",
      "date_update": "15-05-2023",
      "time_update": "18:26:50",
      "timestamp": 1684150011,
      "date": "15-05-2023",
      "time": "18:26:50",
      "hour": "18",
      "year": "2023",
      "datetime": "15-05-2023 06:26:50",
      "create_at": "2023-05-15T11:26:50.969Z",
      "isChecked": false
    },
    {
      "_id": "646216fd9e2cea24d9725aab",
      "guid": "256347ba-95a7-40da-92b1-00137b192e5c",
      "guid_device": "C0680226",
      "HR": 78,
      "RR": 753,
      "rrRMS": 735,
      "date_created": "15-05-2023",
      "time_created": "18:26:53",
      "date_update": "15-05-2023",
      "time_update": "18:26:53",
      "timestamp": 1684150013,
      "date": "15-05-2023",
      "time": "18:26:53",
      "hour": "18",
      "year": "2023",
      "datetime": "15-05-2023 06:26:53",
      "create_at": "2023-05-15T11:26:53.328Z",
      "isChecked": false
    },
    {
      "_id": "646216ff9e2cea24d9725aae",
      "guid": "5820f696-4edb-4945-92f9-7b43100540ea",
      "guid_device": "C0680226",
      "HR": 80,
      "RR": 712,
      "rrRMS": 695,
      "date_created": "15-05-2023",
      "time_created": "18:26:55",
      "date_update": "15-05-2023",
      "time_update": "18:26:55",
      "timestamp": 1684150015,
      "date": "15-05-2023",
      "time": "18:26:55",
      "hour": "18",
      "year": "2023",
      "datetime": "15-05-2023 06:26:55",
      "create_at": "2023-05-15T11:26:55.108Z",
      "isChecked": false
    },
    {
      "_id": "646217019e2cea24d9725ab1",
      "guid": "7aaa05be-b37a-406c-8dd2-669732b14498",
      "guid_device": "C0680226",
      "HR": 82,
      "RR": 704,
      "rrRMS": 688,
      "date_created": "15-05-2023",
      "time_created": "18:26:57",
      "date_update": "15-05-2023",
      "time_update": "18:26:57",
      "timestamp": 1684150017,
      "date": "15-05-2023",
      "time": "18:26:57",
      "hour": "18",
      "year": "2023",
      "datetime": "15-05-2023 06:26:57",
      "create_at": "2023-05-15T11:26:57.038Z",
      "isChecked": false
    },
    {
      "_id": "646217039e2cea24d9725ab4",
      "guid": "1e500f3c-579e-455b-8a1a-b9e71586f12a",
      "guid_device": "C0680226",
      "HR": 84,
      "RR": 684,
      "rrRMS": 668,
      "date_created": "15-05-2023",
      "time_created": "18:26:59",
      "date_update": "15-05-2023",
      "time_update": "18:26:59",
      "timestamp": 1684150019,
      "date": "15-05-2023",
      "time": "18:26:59",
      "hour": "18",
      "year": "2023",
      "datetime": "15-05-2023 06:26:59",
      "create_at": "2023-05-15T11:26:59.292Z",
      "isChecked": false
    },
    {
      "_id": "646217059e2cea24d9725ab7",
      "guid": "25d970a4-e7db-4b5a-9b0d-2ca83a93e11e",
      "guid_device": "C0680226",
      "HR": 86,
      "RR": 649,
      "rrRMS": 634,
      "date_created": "15-05-2023",
      "time_created": "18:27:01",
      "date_update": "15-05-2023",
      "time_update": "18:27:01",
      "timestamp": 1684150021,
      "date": "15-05-2023",
      "time": "18:27:01",
      "hour": "18",
      "year": "2023",
      "datetime": "15-05-2023 06:27:01",
      "create_at": "2023-05-15T11:27:01.082Z",
      "isChecked": false
    },
    {
      "_id": "646217099e2cea24d9725abc",
      "guid": "50e2da63-dde5-4c97-a1ae-a0771c9b52b8",
      "guid_device": "C0680226",
      "HR": 95,
      "RR": 593,
      "rrRMS": 579,
      "date_created": "15-05-2023",
      "time_created": "18:27:05",
      "date_update": "15-05-2023",
      "time_update": "18:27:05",
      "timestamp": 1684150025,
      "date": "15-05-2023",
      "time": "18:27:05",
      "hour": "18",
      "year": "2023",
      "datetime": "15-05-2023 06:27:05",
      "create_at": "2023-05-15T11:27:05.268Z",
      "isChecked": false
    },
    {
      "_id": "6462170c9e2cea24d9725ac0",
      "guid": "7290faa1-aaff-4ffd-879d-e11ce72dd5ef",
      "guid_device": "C0680226",
      "HR": 101,
      "RR": 588,
      "rrRMS": 574,
      "date_created": "15-05-2023",
      "time_created": "18:27:08",
      "date_update": "15-05-2023",
      "time_update": "18:27:08",
      "timestamp": 1684150028,
      "date": "15-05-2023",
      "time": "18:27:08",
      "hour": "18",
      "year": "2023",
      "datetime": "15-05-2023 06:27:08",
      "create_at": "2023-05-15T11:27:08.270Z",
      "isChecked": false
    },
    {
      "_id": "6462170f9e2cea24d9725ac4",
      "guid": "9166e1b7-b2dc-4395-9195-8d74ec9595b4",
      "guid_device": "C0680226",
      "HR": 102,
      "RR": 610,
      "rrRMS": 596,
      "date_created": "15-05-2023",
      "time_created": "18:27:11",
      "date_update": "15-05-2023",
      "time_update": "18:27:11",
      "timestamp": 1684150031,
      "date": "15-05-2023",
      "time": "18:27:11",
      "hour": "18",
      "year": "2023",
      "datetime": "15-05-2023 06:27:11",
      "create_at": "2023-05-15T11:27:11.198Z",
      "isChecked": false
    },
    {
      "_id": "646217139e2cea24d9725ac9",
      "guid": "84bb1f69-a9dc-4cb9-8d8f-4c906efd7839",
      "guid_device": "C0680226",
      "HR": 102,
      "RR": 593,
      "rrRMS": 579,
      "date_created": "15-05-2023",
      "time_created": "18:27:15",
      "date_update": "15-05-2023",
      "time_update": "18:27:15",
      "timestamp": 1684150036,
      "date": "15-05-2023",
      "time": "18:27:15",
      "hour": "18",
      "year": "2023",
      "datetime": "15-05-2023 06:27:15",
      "create_at": "2023-05-15T11:27:15.738Z",
      "isChecked": false
    },
    {
      "_id": "646217169e2cea24d9725acd",
      "guid": "c31c38ca-9950-4158-804e-0641b3b5aeb6",
      "guid_device": "C0680226",
      "HR": 102,
      "RR": 616,
      "rrRMS": 602,
      "date_created": "15-05-2023",
      "time_created": "18:27:18",
      "date_update": "15-05-2023",
      "time_update": "18:27:18",
      "timestamp": 1684150038,
      "date": "15-05-2023",
      "time": "18:27:18",
      "hour": "18",
      "year": "2023",
      "datetime": "15-05-2023 06:27:18",
      "create_at": "2023-05-15T11:27:18.100Z",
      "isChecked": false
    },
    {
      "_id": "6462171a9e2cea24d9725ad2",
      "guid": "52537534-7165-4dc8-8a00-68c2fd7636dc",
      "guid_device": "C0680226",
      "HR": 102,
      "RR": 591,
      "rrRMS": 577,
      "date_created": "15-05-2023",
      "time_created": "18:27:22",
      "date_update": "15-05-2023",
      "time_update": "18:27:22",
      "timestamp": 1684150042,
      "date": "15-05-2023",
      "time": "18:27:22",
      "hour": "18",
      "year": "2023",
      "datetime": "15-05-2023 06:27:22",
      "create_at": "2023-05-15T11:27:22.209Z",
      "isChecked": false
    },
    {
      "_id": "6462171e9e2cea24d9725ad7",
      "guid": "f72c7b4e-68dd-485c-81b2-10c3b6f9b77a",
      "guid_device": "C0680226",
      "HR": 104,
      "RR": 573,
      "rrRMS": 560,
      "date_created": "15-05-2023",
      "time_created": "18:27:26",
      "date_update": "15-05-2023",
      "time_update": "18:27:26",
      "timestamp": 1684150046,
      "date": "15-05-2023",
      "time": "18:27:26",
      "hour": "18",
      "year": "2023",
      "datetime": "15-05-2023 06:27:26",
      "create_at": "2023-05-15T11:27:26.189Z",
      "isChecked": false
    },
    {
      "_id": "646217219e2cea24d9725adb",
      "guid": "28e0cf1a-1261-4a83-b0f3-ad31c0484807",
      "guid_device": "C0680226",
      "HR": 104,
      "RR": 621,
      "rrRMS": 606,
      "date_created": "15-05-2023",
      "time_created": "18:27:29",
      "date_update": "15-05-2023",
      "time_update": "18:27:29",
      "timestamp": 1684150049,
      "date": "15-05-2023",
      "time": "18:27:29",
      "hour": "18",
      "year": "2023",
      "datetime": "15-05-2023 06:27:29",
      "create_at": "2023-05-15T11:27:29.259Z",
      "isChecked": false
    },
    {
      "_id": "646217239e2cea24d9725ade",
      "guid": "207d35b5-f929-49a4-86ec-ad5f001820d1",
      "guid_device": "C0680226",
      "HR": 101,
      "RR": 663,
      "rrRMS": 647,
      "date_created": "15-05-2023",
      "time_created": "18:27:31",
      "date_update": "15-05-2023",
      "time_update": "18:27:31",
      "timestamp": 1684150051,
      "date": "15-05-2023",
      "time": "18:27:31",
      "hour": "18",
      "year": "2023",
      "datetime": "15-05-2023 06:27:31",
      "create_at": "2023-05-15T11:27:31.079Z",
      "isChecked": false
    },
    {
      "_id": "646217259e2cea24d9725ae1",
      "guid": "55526916-b723-414c-86fd-000ce24c2b1a",
      "guid_device": "C0680226",
      "HR": 96,
      "RR": 714,
      "rrRMS": 697,
      "date_created": "15-05-2023",
      "time_created": "18:27:33",
      "date_update": "15-05-2023",
      "time_update": "18:27:33",
      "timestamp": 1684150054,
      "date": "15-05-2023",
      "time": "18:27:33",
      "hour": "18",
      "year": "2023",
      "datetime": "15-05-2023 06:27:33",
      "create_at": "2023-05-15T11:27:33.769Z",
      "isChecked": false
    },
    {
      "_id": "646217279e2cea24d9725ae4",
      "guid": "a895f20c-f5da-4c98-abe7-216200123630",
      "guid_device": "C0680226",
      "HR": 92,
      "RR": 707,
      "rrRMS": 690,
      "date_created": "15-05-2023",
      "time_created": "18:27:35",
      "date_update": "15-05-2023",
      "time_update": "18:27:35",
      "timestamp": 1684150055,
      "date": "15-05-2023",
      "time": "18:27:35",
      "hour": "18",
      "year": "2023",
      "datetime": "15-05-2023 06:27:35",
      "create_at": "2023-05-15T11:27:35.199Z",
      "isChecked": false
    },
    {
      "_id": "646217299e2cea24d9725ae7",
      "guid": "07172abe-d2b6-4cba-b5f1-422103d4f757",
      "guid_device": "C0680226",
      "HR": 91,
      "RR": 677,
      "rrRMS": 661,
      "date_created": "15-05-2023",
      "time_created": "18:27:37",
      "date_update": "15-05-2023",
      "time_update": "18:27:37",
      "timestamp": 1684150057,
      "date": "15-05-2023",
      "time": "18:27:37",
      "hour": "18",
      "year": "2023",
      "datetime": "15-05-2023 06:27:37",
      "create_at": "2023-05-15T11:27:37.072Z",
      "isChecked": false
    },
    {
      "_id": "6462172a9e2cea24d9725aea",
      "guid": "4b3d4c50-0031-441f-ac33-95c388016376",
      "guid_device": "C0680226",
      "HR": 91,
      "RR": 664,
      "rrRMS": 648,
      "date_created": "15-05-2023",
      "time_created": "18:27:38",
      "date_update": "15-05-2023",
      "time_update": "18:27:38",
      "timestamp": 1684150059,
      "date": "15-05-2023",
      "time": "18:27:38",
      "hour": "18",
      "year": "2023",
      "datetime": "15-05-2023 06:27:38",
      "create_at": "2023-05-15T11:27:38.922Z",
      "isChecked": false
    },
    {
      "_id": "6462172d9e2cea24d9725aed",
      "guid": "c8f60d34-ed82-4c22-8d51-899da8b1d14b",
      "guid_device": "C0680226",
      "HR": 92,
      "RR": 645,
      "rrRMS": 630,
      "date_created": "15-05-2023",
      "time_created": "18:27:41",
      "date_update": "15-05-2023",
      "time_update": "18:27:41",
      "timestamp": 1684150061,
      "date": "15-05-2023",
      "time": "18:27:41",
      "hour": "18",
      "year": "2023",
      "datetime": "15-05-2023 06:27:41",
      "create_at": "2023-05-15T11:27:41.206Z",
      "isChecked": false
    },
    {
      "_id": "6462172f9e2cea24d9725af0",
      "guid": "26ef04f1-7963-4e85-82d7-03c4676389af",
      "guid_device": "C0680226",
      "HR": 93,
      "RR": 658,
      "rrRMS": 643,
      "date_created": "15-05-2023",
      "time_created": "18:27:43",
      "date_update": "15-05-2023",
      "time_update": "18:27:43",
      "timestamp": 1684150063,
      "date": "15-05-2023",
      "time": "18:27:43",
      "hour": "18",
      "year": "2023",
      "datetime": "15-05-2023 06:27:43",
      "create_at": "2023-05-15T11:27:43.188Z",
      "isChecked": false
    },
    {
      "_id": "646217329e2cea24d9725af4",
      "guid": "4dea0151-4c10-4ee4-ba5e-4a85fdec05be",
      "guid_device": "C0680226",
      "HR": 93,
      "RR": 653,
      "rrRMS": 638,
      "date_created": "15-05-2023",
      "time_created": "18:27:46",
      "date_update": "15-05-2023",
      "time_update": "18:27:46",
      "timestamp": 1684150066,
      "date": "15-05-2023",
      "time": "18:27:46",
      "hour": "18",
      "year": "2023",
      "datetime": "15-05-2023 06:27:46",
      "create_at": "2023-05-15T11:27:46.206Z",
      "isChecked": false
    },
    {
      "_id": "646217349e2cea24d9725af7",
      "guid": "4e846112-e8b2-4553-8555-43f44ed8c614",
      "guid_device": "C0680226",
      "HR": 94,
      "RR": 636,
      "rrRMS": 621,
      "date_created": "15-05-2023",
      "time_created": "18:27:48",
      "date_update": "15-05-2023",
      "time_update": "18:27:48",
      "timestamp": 1684150068,
      "date": "15-05-2023",
      "time": "18:27:48",
      "hour": "18",
      "year": "2023",
      "datetime": "15-05-2023 06:27:48",
      "create_at": "2023-05-15T11:27:48.024Z",
      "isChecked": false
    },
    {
      "_id": "646217369e2cea24d9725afa",
      "guid": "e495730a-02a0-4211-8cb5-27a684dd8fc6",
      "guid_device": "C0680226",
      "HR": 94,
      "RR": 676,
      "rrRMS": 660,
      "date_created": "15-05-2023",
      "time_created": "18:27:50",
      "date_update": "15-05-2023",
      "time_update": "18:27:50",
      "timestamp": 1684150070,
      "date": "15-05-2023",
      "time": "18:27:50",
      "hour": "18",
      "year": "2023",
      "datetime": "15-05-2023 06:27:50",
      "create_at": "2023-05-15T11:27:50.238Z",
      "isChecked": false
    },
    {
      "_id": "646217389e2cea24d9725afd",
      "guid": "786528e4-f513-4214-a4a1-360df4af53a7",
      "guid_device": "C0680226",
      "HR": 92,
      "RR": 695,
      "rrRMS": 679,
      "date_created": "15-05-2023",
      "time_created": "18:27:52",
      "date_update": "15-05-2023",
      "time_update": "18:27:52",
      "timestamp": 1684150072,
      "date": "15-05-2023",
      "time": "18:27:52",
      "hour": "18",
      "year": "2023",
      "datetime": "15-05-2023 06:27:52",
      "create_at": "2023-05-15T11:27:52.140Z",
      "isChecked": false
    },
    {
      "_id": "646217399e2cea24d9725b00",
      "guid": "dfd20203-8c2c-4b81-8789-6bfb02e71807",
      "guid_device": "C0680226",
      "HR": 91,
      "RR": 688,
      "rrRMS": 672,
      "date_created": "15-05-2023",
      "time_created": "18:27:53",
      "date_update": "15-05-2023",
      "time_update": "18:27:53",
      "timestamp": 1684150074,
      "date": "15-05-2023",
      "time": "18:27:53",
      "hour": "18",
      "year": "2023",
      "datetime": "15-05-2023 06:27:53",
      "create_at": "2023-05-15T11:27:53.951Z",
      "isChecked": false
    },
    {
      "_id": "6462173c9e2cea24d9725b03",
      "guid": "160e02c8-c485-4adf-89c3-1feaa13835fa",
      "guid_device": "C0680226",
      "HR": 90,
      "RR": 689,
      "rrRMS": 673,
      "date_created": "15-05-2023",
      "time_created": "18:27:56",
      "date_update": "15-05-2023",
      "time_update": "18:27:56",
      "timestamp": 1684150076,
      "date": "15-05-2023",
      "time": "18:27:56",
      "hour": "18",
      "year": "2023",
      "datetime": "15-05-2023 06:27:56",
      "create_at": "2023-05-15T11:27:56.238Z",
      "isChecked": false
    },
    {
      "_id": "6462173e9e2cea24d9725b06",
      "guid": "4b9628fd-6cd9-4bad-ac00-d6ff4718800a",
      "guid_device": "C0680226",
      "HR": 90,
      "RR": 684,
      "rrRMS": 668,
      "date_created": "15-05-2023",
      "time_created": "18:27:58",
      "date_update": "15-05-2023",
      "time_update": "18:27:58",
      "timestamp": 1684150078,
      "date": "15-05-2023",
      "time": "18:27:58",
      "hour": "18",
      "year": "2023",
      "datetime": "15-05-2023 06:27:58",
      "create_at": "2023-05-15T11:27:58.201Z",
      "isChecked": false
    },
    {
      "_id": "646217409e2cea24d9725b09",
      "guid": "9cfb7a4f-3cfd-4b83-b4e3-a63977ef7703",
      "guid_device": "C0680226",
      "HR": 90,
      "RR": 694,
      "rrRMS": 678,
      "date_created": "15-05-2023",
      "time_created": "18:28:00",
      "date_update": "15-05-2023",
      "time_update": "18:28:00",
      "timestamp": 1684150080,
      "date": "15-05-2023",
      "time": "18:28:00",
      "hour": "18",
      "year": "2023",
      "datetime": "15-05-2023 06:28:00",
      "create_at": "2023-05-15T11:28:00.037Z",
      "isChecked": false
    },
    {
      "_id": "646217419e2cea24d9725b0b",
      "guid": "f43de87a-3d09-4a07-bdfd-0a4fae0c1f46",
      "guid_device": "C0680226",
      "HR": 90,
      "RR": 701,
      "rrRMS": 685,
      "date_created": "15-05-2023",
      "time_created": "18:28:01",
      "date_update": "15-05-2023",
      "time_update": "18:28:01",
      "timestamp": 1684150081,
      "date": "15-05-2023",
      "time": "18:28:01",
      "hour": "18",
      "year": "2023",
      "datetime": "15-05-2023 06:28:01",
      "create_at": "2023-05-15T11:28:01.078Z",
      "isChecked": false
    },
    {
      "_id": "646217439e2cea24d9725b0e",
      "guid": "3a26b7a0-9056-4281-98c8-8e85044cd4af",
      "guid_device": "C0680226",
      "HR": 89,
      "RR": 709,
      "rrRMS": 692,
      "date_created": "15-05-2023",
      "time_created": "18:28:03",
      "date_update": "15-05-2023",
      "time_update": "18:28:03",
      "timestamp": 1684150083,
      "date": "15-05-2023",
      "time": "18:28:03",
      "hour": "18",
      "year": "2023",
      "datetime": "15-05-2023 06:28:03",
      "create_at": "2023-05-15T11:28:03.089Z",
      "isChecked": false
    },
    {
      "_id": "646217459e2cea24d9725b11",
      "guid": "4ac9eb81-a869-43cd-91f5-b91d6a90b960",
      "guid_device": "C0680226",
      "HR": 88,
      "RR": 688,
      "rrRMS": 672,
      "date_created": "15-05-2023",
      "time_created": "18:28:05",
      "date_update": "15-05-2023",
      "time_update": "18:28:05",
      "timestamp": 1684150085,
      "date": "15-05-2023",
      "time": "18:28:05",
      "hour": "18",
      "year": "2023",
      "datetime": "15-05-2023 06:28:05",
      "create_at": "2023-05-15T11:28:05.256Z",
      "isChecked": false
    },
    {
      "_id": "646217489e2cea24d9725b15",
      "guid": "f5ecf8af-33ff-4415-8b12-d5d483803845",
      "guid_device": "C0680226",
      "HR": 89,
      "RR": 653,
      "rrRMS": 638,
      "date_created": "15-05-2023",
      "time_created": "18:28:08",
      "date_update": "15-05-2023",
      "time_update": "18:28:08",
      "timestamp": 1684150088,
      "date": "15-05-2023",
      "time": "18:28:08",
      "hour": "18",
      "year": "2023",
      "datetime": "15-05-2023 06:28:08",
      "create_at": "2023-05-15T11:28:08.231Z",
      "isChecked": false
    },
    {
      "_id": "6462174a9e2cea24d9725b18",
      "guid": "c5c09dda-9600-4470-9787-c10451866e48",
      "guid_device": "C0680226",
      "HR": 91,
      "RR": 667,
      "rrRMS": 651,
      "date_created": "15-05-2023",
      "time_created": "18:28:10",
      "date_update": "15-05-2023",
      "time_update": "18:28:10",
      "timestamp": 1684150090,
      "date": "15-05-2023",
      "time": "18:28:10",
      "hour": "18",
      "year": "2023",
      "datetime": "15-05-2023 06:28:10",
      "create_at": "2023-05-15T11:28:10.215Z",
      "isChecked": false
    },
    {
      "_id": "6462174b9e2cea24d9725b1b",
      "guid": "e98db48b-dba4-4d49-8bb2-a3715401f3b5",
      "guid_device": "C0680226",
      "HR": 91,
      "RR": 693,
      "rrRMS": 677,
      "date_created": "15-05-2023",
      "time_created": "18:28:11",
      "date_update": "15-05-2023",
      "time_update": "18:28:11",
      "timestamp": 1684150092,
      "date": "15-05-2023",
      "time": "18:28:11",
      "hour": "18",
      "year": "2023",
      "datetime": "15-05-2023 06:28:11",
      "create_at": "2023-05-15T11:28:11.950Z",
      "isChecked": false
    },
    {
      "_id": "6462174e9e2cea24d9725b1e",
      "guid": "9f023ffa-9322-4202-9b2b-0cea78159fcf",
      "guid_device": "C0680226",
      "HR": 90,
      "RR": 686,
      "rrRMS": 670,
      "date_created": "15-05-2023",
      "time_created": "18:28:14",
      "date_update": "15-05-2023",
      "time_update": "18:28:14",
      "timestamp": 1684150094,
      "date": "15-05-2023",
      "time": "18:28:14",
      "hour": "18",
      "year": "2023",
      "datetime": "15-05-2023 06:28:14",
      "create_at": "2023-05-15T11:28:14.177Z",
      "isChecked": false
    },
    {
      "_id": "646217509e2cea24d9725b20",
      "guid": "8c656f13-14ce-4772-b6ff-b6ac3e143740",
      "guid_device": "C0680226",
      "HR": 90,
      "RR": 684,
      "rrRMS": 668,
      "date_created": "15-05-2023",
      "time_created": "18:28:16",
      "date_update": "15-05-2023",
      "time_update": "18:28:16",
      "timestamp": 1684150096,
      "date": "15-05-2023",
      "time": "18:28:16",
      "hour": "18",
      "year": "2023",
      "datetime": "15-05-2023 06:28:16",
      "create_at": "2023-05-15T11:28:16.108Z",
      "isChecked": false
    },
    {
      "_id": "646217519e2cea24d9725b23",
      "guid": "1134fac2-c9dd-40c4-8d89-267636da7fb3",
      "guid_device": "C0680226",
      "HR": 90,
      "RR": 711,
      "rrRMS": 694,
      "date_created": "15-05-2023",
      "time_created": "18:28:17",
      "date_update": "15-05-2023",
      "time_update": "18:28:17",
      "timestamp": 1684150097,
      "date": "15-05-2023",
      "time": "18:28:17",
      "hour": "18",
      "year": "2023",
      "datetime": "15-05-2023 06:28:17",
      "create_at": "2023-05-15T11:28:17.317Z",
      "isChecked": false
    },
    {
      "_id": "646217539e2cea24d9725b26",
      "guid": "79a07d38-ab71-4873-8437-91824b46b942",
      "guid_device": "C0680226",
      "HR": 88,
      "RR": 753,
      "rrRMS": 735,
      "date_created": "15-05-2023",
      "time_created": "18:28:19",
      "date_update": "15-05-2023",
      "time_update": "18:28:19",
      "timestamp": 1684150099,
      "date": "15-05-2023",
      "time": "18:28:19",
      "hour": "18",
      "year": "2023",
      "datetime": "15-05-2023 06:28:19",
      "create_at": "2023-05-15T11:28:19.107Z",
      "isChecked": false
    },
    {
      "_id": "646217549e2cea24d9725b28",
      "guid": "379bc8ec-c50e-4638-98ef-32cc1e52c401",
      "guid_device": "C0680226",
      "HR": 87,
      "RR": 744,
      "rrRMS": 727,
      "date_created": "15-05-2023",
      "time_created": "18:28:20",
      "date_update": "15-05-2023",
      "time_update": "18:28:20",
      "timestamp": 1684150100,
      "date": "15-05-2023",
      "time": "18:28:20",
      "hour": "18",
      "year": "2023",
      "datetime": "15-05-2023 06:28:20",
      "create_at": "2023-05-15T11:28:20.197Z",
      "isChecked": false
    },
    {
      "_id": "646217569e2cea24d9725b2b",
      "guid": "7b2b6c51-f994-4819-84b8-4c383d33276c",
      "guid_device": "C0680226",
      "HR": 85,
      "RR": 735,
      "rrRMS": 718,
      "date_created": "15-05-2023",
      "time_created": "18:28:22",
      "date_update": "15-05-2023",
      "time_update": "18:28:22",
      "timestamp": 1684150102,
      "date": "15-05-2023",
      "time": "18:28:22",
      "hour": "18",
      "year": "2023",
      "datetime": "15-05-2023 06:28:22",
      "create_at": "2023-05-15T11:28:22.177Z",
      "isChecked": false
    },
    {
      "_id": "646217589e2cea24d9725b2e",
      "guid": "5f3fc076-a1f0-4188-975b-780d7afca1f1",
      "guid_device": "C0680226",
      "HR": 85,
      "RR": 703,
      "rrRMS": 687,
      "date_created": "15-05-2023",
      "time_created": "18:28:24",
      "date_update": "15-05-2023",
      "time_update": "18:28:24",
      "timestamp": 1684150104,
      "date": "15-05-2023",
      "time": "18:28:24",
      "hour": "18",
      "year": "2023",
      "datetime": "15-05-2023 06:28:24",
      "create_at": "2023-05-15T11:28:24.067Z",
      "isChecked": false
    },
    {
      "_id": "6462175a9e2cea24d9725b31",
      "guid": "320bbcb0-6b8e-4eb3-b91a-7096d515f3e7",
      "guid_device": "C0680226",
      "HR": 86,
      "RR": 708,
      "rrRMS": 691,
      "date_created": "15-05-2023",
      "time_created": "18:28:26",
      "date_update": "15-05-2023",
      "time_update": "18:28:26",
      "timestamp": 1684150106,
      "date": "15-05-2023",
      "time": "18:28:26",
      "hour": "18",
      "year": "2023",
      "datetime": "15-05-2023 06:28:26",
      "create_at": "2023-05-15T11:28:26.328Z",
      "isChecked": false
    },
    {
      "_id": "6462175c9e2cea24d9725b34",
      "guid": "39f8a3d0-4365-4879-a48f-a0f0d9f88ef5",
      "guid_device": "C0680226",
      "HR": 86,
      "RR": 703,
      "rrRMS": 687,
      "date_created": "15-05-2023",
      "time_created": "18:28:28",
      "date_update": "15-05-2023",
      "time_update": "18:28:28",
      "timestamp": 1684150108,
      "date": "15-05-2023",
      "time": "18:28:28",
      "hour": "18",
      "year": "2023",
      "datetime": "15-05-2023 06:28:28",
      "create_at": "2023-05-15T11:28:28.140Z",
      "isChecked": false
    },
    {
      "_id": "6462175d9e2cea24d9725b36",
      "guid": "f96f1ada-49dd-46af-bac5-68a7224b1ff6",
      "guid_device": "C0680226",
      "HR": 86,
      "RR": 703,
      "rrRMS": 687,
      "date_created": "15-05-2023",
      "time_created": "18:28:29",
      "date_update": "15-05-2023",
      "time_update": "18:28:29",
      "timestamp": 1684150109,
      "date": "15-05-2023",
      "time": "18:28:29",
      "hour": "18",
      "year": "2023",
      "datetime": "15-05-2023 06:28:29",
      "create_at": "2023-05-15T11:28:29.319Z",
      "isChecked": false
    },
    {
      "_id": "6462175f9e2cea24d9725b39",
      "guid": "c1acd3c1-d7a1-470c-b060-89841981bff1",
      "guid_device": "C0680226",
      "HR": 86,
      "RR": 694,
      "rrRMS": 678,
      "date_created": "15-05-2023",
      "time_created": "18:28:31",
      "date_update": "15-05-2023",
      "time_update": "18:28:31",
      "timestamp": 1684150111,
      "date": "15-05-2023",
      "time": "18:28:31",
      "hour": "18",
      "year": "2023",
      "datetime": "15-05-2023 06:28:31",
      "create_at": "2023-05-15T11:28:31.161Z",
      "isChecked": false
    },
    {
      "_id": "646217619e2cea24d9725b3c",
      "guid": "f5d44f2b-b024-4c51-8249-f67aaaec1355",
      "guid_device": "C0680226",
      "HR": 87,
      "RR": 672,
      "rrRMS": 656,
      "date_created": "15-05-2023",
      "time_created": "18:28:33",
      "date_update": "15-05-2023",
      "time_update": "18:28:33",
      "timestamp": 1684150113,
      "date": "15-05-2023",
      "time": "18:28:33",
      "hour": "18",
      "year": "2023",
      "datetime": "15-05-2023 06:28:33",
      "create_at": "2023-05-15T11:28:33.010Z",
      "isChecked": false
    },
    {
      "_id": "646217639e2cea24d9725b3f",
      "guid": "878da144-a970-41bc-9a27-df204b4a2a7a",
      "guid_device": "C0680226",
      "HR": 89,
      "RR": 680,
      "rrRMS": 664,
      "date_created": "15-05-2023",
      "time_created": "18:28:35",
      "date_update": "15-05-2023",
      "time_update": "18:28:35",
      "timestamp": 1684150115,
      "date": "15-05-2023",
      "time": "18:28:35",
      "hour": "18",
      "year": "2023",
      "datetime": "15-05-2023 06:28:35",
      "create_at": "2023-05-15T11:28:35.312Z",
      "isChecked": false
    },
    {
      "_id": "646217659e2cea24d9725b42",
      "guid": "ba599061-006d-4416-a2e7-81d02eddec2c",
      "guid_device": "C0680226",
      "HR": 89,
      "RR": 708,
      "rrRMS": 691,
      "date_created": "15-05-2023",
      "time_created": "18:28:37",
      "date_update": "15-05-2023",
      "time_update": "18:28:37",
      "timestamp": 1684150117,
      "date": "15-05-2023",
      "time": "18:28:37",
      "hour": "18",
      "year": "2023",
      "datetime": "15-05-2023 06:28:37",
      "create_at": "2023-05-15T11:28:37.149Z",
      "isChecked": false
    },
    {
      "_id": "646217679e2cea24d9725b45",
      "guid": "80a2890e-ee19-4049-8437-57c32366a426",
      "guid_device": "C0680226",
      "HR": 88,
      "RR": 699,
      "rrRMS": 683,
      "date_created": "15-05-2023",
      "time_created": "18:28:39",
      "date_update": "15-05-2023",
      "time_update": "18:28:39",
      "timestamp": 1684150120,
      "date": "15-05-2023",
      "time": "18:28:39",
      "hour": "18",
      "year": "2023",
      "datetime": "15-05-2023 06:28:39",
      "create_at": "2023-05-15T11:28:39.768Z",
      "isChecked": false
    },
    {
      "_id": "646217699e2cea24d9725b48",
      "guid": "60a70f4c-426a-4991-ab40-f55a12295381",
      "guid_device": "C0680226",
      "HR": 88,
      "RR": 710,
      "rrRMS": 693,
      "date_created": "15-05-2023",
      "time_created": "18:28:41",
      "date_update": "15-05-2023",
      "time_update": "18:28:41",
      "timestamp": 1684150121,
      "date": "15-05-2023",
      "time": "18:28:41",
      "hour": "18",
      "year": "2023",
      "datetime": "15-05-2023 06:28:41",
      "create_at": "2023-05-15T11:28:41.298Z",
      "isChecked": false
    },
    {
      "_id": "6462176a9e2cea24d9725b4a",
      "guid": "9b307f63-21ee-4315-bdef-d26a091b2383",
      "guid_device": "C0680226",
      "HR": 88,
      "RR": 723,
      "rrRMS": 706,
      "date_created": "15-05-2023",
      "time_created": "18:28:42",
      "date_update": "15-05-2023",
      "time_update": "18:28:42",
      "timestamp": 1684150122,
      "date": "15-05-2023",
      "time": "18:28:42",
      "hour": "18",
      "year": "2023",
      "datetime": "15-05-2023 06:28:42",
      "create_at": "2023-05-15T11:28:42.080Z",
      "isChecked": false
    },
    {
      "_id": "6462176c9e2cea24d9725b4d",
      "guid": "4a5a8498-95bd-4606-8c30-6ec319bb2779",
      "guid_device": "C0680226",
      "HR": 87,
      "RR": 768,
      "rrRMS": 750,
      "date_created": "15-05-2023",
      "time_created": "18:28:44",
      "date_update": "15-05-2023",
      "time_update": "18:28:44",
      "timestamp": 1684150124,
      "date": "15-05-2023",
      "time": "18:28:44",
      "hour": "18",
      "year": "2023",
      "datetime": "15-05-2023 06:28:44",
      "create_at": "2023-05-15T11:28:44.191Z",
      "isChecked": false
    },
    {
      "_id": "6462176d9e2cea24d9725b4f",
      "guid": "5e40bb28-8a7a-4884-85f8-0bb8de79c30a",
      "guid_device": "C0680226",
      "HR": 86,
      "RR": 760,
      "rrRMS": 742,
      "date_created": "15-05-2023",
      "time_created": "18:28:45",
      "date_update": "15-05-2023",
      "time_update": "18:28:45",
      "timestamp": 1684150125,
      "date": "15-05-2023",
      "time": "18:28:45",
      "hour": "18",
      "year": "2023",
      "datetime": "15-05-2023 06:28:45",
      "create_at": "2023-05-15T11:28:45.097Z",
      "isChecked": false
    },
    {
      "_id": "6462176f9e2cea24d9725b52",
      "guid": "91b6d677-128b-4553-8a52-b254d7b0f28f",
      "guid_device": "C0680226",
      "HR": 84,
      "RR": 752,
      "rrRMS": 734,
      "date_created": "15-05-2023",
      "time_created": "18:28:47",
      "date_update": "15-05-2023",
      "time_update": "18:28:47",
      "timestamp": 1684150127,
      "date": "15-05-2023",
      "time": "18:28:47",
      "hour": "18",
      "year": "2023",
      "datetime": "15-05-2023 06:28:47",
      "create_at": "2023-05-15T11:28:47.209Z",
      "isChecked": false
    },
    {
      "_id": "646217719e2cea24d9725b55",
      "guid": "cebe0097-d036-4986-aa75-b14afe1756a6",
      "guid_device": "C0680226",
      "HR": 83,
      "RR": 757,
      "rrRMS": 739,
      "date_created": "15-05-2023",
      "time_created": "18:28:49",
      "date_update": "15-05-2023",
      "time_update": "18:28:49",
      "timestamp": 1684150129,
      "date": "15-05-2023",
      "time": "18:28:49",
      "hour": "18",
      "year": "2023",
      "datetime": "15-05-2023 06:28:49",
      "create_at": "2023-05-15T11:28:49.230Z",
      "isChecked": false
    },
    {
      "_id": "646217729e2cea24d9725b57",
      "guid": "35adcec0-ea23-42c0-92bf-b252e9cb7053",
      "guid_device": "C0680226",
      "HR": 83,
      "RR": 745,
      "rrRMS": 728,
      "date_created": "15-05-2023",
      "time_created": "18:28:50",
      "date_update": "15-05-2023",
      "time_update": "18:28:50",
      "timestamp": 1684150130,
      "date": "15-05-2023",
      "time": "18:28:50",
      "hour": "18",
      "year": "2023",
      "datetime": "15-05-2023 06:28:50",
      "create_at": "2023-05-15T11:28:50.225Z",
      "isChecked": false
    },
    {
      "_id": "646217749e2cea24d9725b5a",
      "guid": "3b31f489-a9ff-48c0-a8be-85ddc11a05a3",
      "guid_device": "C0680226",
      "HR": 83,
      "RR": 724,
      "rrRMS": 707,
      "date_created": "15-05-2023",
      "time_created": "18:28:52",
      "date_update": "15-05-2023",
      "time_update": "18:28:52",
      "timestamp": 1684150132,
      "date": "15-05-2023",
      "time": "18:28:52",
      "hour": "18",
      "year": "2023",
      "datetime": "15-05-2023 06:28:52",
      "create_at": "2023-05-15T11:28:52.169Z",
      "isChecked": false
    },
    {
      "_id": "646217769e2cea24d9725b5d",
      "guid": "65d5c8e7-45c2-41e5-b23a-5332d9b1b27d",
      "guid_device": "C0680226",
      "HR": 84,
      "RR": 707,
      "rrRMS": 690,
      "date_created": "15-05-2023",
      "time_created": "18:28:54",
      "date_update": "15-05-2023",
      "time_update": "18:28:54",
      "timestamp": 1684150134,
      "date": "15-05-2023",
      "time": "18:28:54",
      "hour": "18",
      "year": "2023",
      "datetime": "15-05-2023 06:28:54",
      "create_at": "2023-05-15T11:28:54.048Z",
      "isChecked": false
    },
    {
      "_id": "646217779e2cea24d9725b5f",
      "guid": "e498c227-b48c-426d-b242-393eec7f9057",
      "guid_device": "C0680226",
      "HR": 84,
      "RR": 718,
      "rrRMS": 701,
      "date_created": "15-05-2023",
      "time_created": "18:28:55",
      "date_update": "15-05-2023",
      "time_update": "18:28:55",
      "timestamp": 1684150135,
      "date": "15-05-2023",
      "time": "18:28:55",
      "hour": "18",
      "year": "2023",
      "datetime": "15-05-2023 06:28:55",
      "create_at": "2023-05-15T11:28:55.487Z",
      "isChecked": false
    },
    {
      "_id": "646217789e2cea24d9725b62",
      "guid": "446bdc0c-470c-435b-af76-2d33298a0aa6",
      "guid_device": "C0680226",
      "HR": 84,
      "RR": 729,
      "rrRMS": 712,
      "date_created": "15-05-2023",
      "time_created": "18:28:56",
      "date_update": "15-05-2023",
      "time_update": "18:28:56",
      "timestamp": 1684150137,
      "date": "15-05-2023",
      "time": "18:28:56",
      "hour": "18",
      "year": "2023",
      "datetime": "15-05-2023 06:28:56",
      "create_at": "2023-05-15T11:28:56.977Z",
      "isChecked": false
    },
    {
      "_id": "6462177b9e2cea24d9725b65",
      "guid": "5704d4cc-d658-434e-9c97-2d3650cbd231",
      "guid_device": "C0680226",
      "HR": 84,
      "RR": 693,
      "rrRMS": 677,
      "date_created": "15-05-2023",
      "time_created": "18:28:59",
      "date_update": "15-05-2023",
      "time_update": "18:28:59",
      "timestamp": 1684150139,
      "date": "15-05-2023",
      "time": "18:28:59",
      "hour": "18",
      "year": "2023",
      "datetime": "15-05-2023 06:28:59",
      "create_at": "2023-05-15T11:28:59.333Z",
      "isChecked": false
    },
    {
      "_id": "6462177d9e2cea24d9725b68",
      "guid": "9b44634d-daef-4d91-93af-617c9e515d80",
      "guid_device": "C0680226",
      "HR": 86,
      "RR": 693,
      "rrRMS": 677,
      "date_created": "15-05-2023",
      "time_created": "18:29:01",
      "date_update": "15-05-2023",
      "time_update": "18:29:01",
      "timestamp": 1684150141,
      "date": "15-05-2023",
      "time": "18:29:01",
      "hour": "18",
      "year": "2023",
      "datetime": "15-05-2023 06:29:01",
      "create_at": "2023-05-15T11:29:01.139Z",
      "isChecked": false
    },
    {
      "_id": "6462177e9e2cea24d9725b6b",
      "guid": "f00e137e-353c-4139-bab4-8df7f6e638f5",
      "guid_device": "C0680226",
      "HR": 87,
      "RR": 714,
      "rrRMS": 697,
      "date_created": "15-05-2023",
      "time_created": "18:29:02",
      "date_update": "15-05-2023",
      "time_update": "18:29:02",
      "timestamp": 1684150143,
      "date": "15-05-2023",
      "time": "18:29:02",
      "hour": "18",
      "year": "2023",
      "datetime": "15-05-2023 06:29:02",
      "create_at": "2023-05-15T11:29:02.957Z",
      "isChecked": false
    },
    {
      "_id": "646217809e2cea24d9725b6d",
      "guid": "e4de6f72-d4e2-4092-81ec-bd98781e6927",
      "guid_device": "C0680226",
      "HR": 87,
      "RR": 737,
      "rrRMS": 720,
      "date_created": "15-05-2023",
      "time_created": "18:29:04",
      "date_update": "15-05-2023",
      "time_update": "18:29:04",
      "timestamp": 1684150144,
      "date": "15-05-2023",
      "time": "18:29:04",
      "hour": "18",
      "year": "2023",
      "datetime": "15-05-2023 06:29:04",
      "create_at": "2023-05-15T11:29:04.109Z",
      "isChecked": false
    }
  ]
}