{
  "hrvMetrics": {
    "pnn50": 0,
    "dfa": null,
    "minRR": 861,
    "maxRR": 885,
    "rmssd": 24,
    "sdnn": null,
    "hf": 0,
    "lf": 0,
    "lfhratio": null,
    "s1": 16.97056274847714,
    "s2": 1234.608439951712
  },
  "filteredData": [
    {
      "HR": 75,
      "RR": 861
    },
    {
      "HR": 75,
      "RR": 885
    }
  ],
  "raw": [
    {
      "_id": "64bde6801cc55da5883a0530",
      "guid": "5909c249-f4fb-4d87-a5fa-66ead5f48cee",
      "guid_device": "C0680226",
      "HR": 75,
      "RR": 861,
      "rrRMS": 841,
      "date_created": "24-07-2023",
      "time_created": "09:48:32",
      "date_update": "24-07-2023",
      "time_update": "09:48:32",
      "timestamp": 1690166913,
      "date": "24-07-2023",
      "time": "09:48:32",
      "hour": "09",
      "year": "2023",
      "datetime": "24-07-2023 09:48:32",
      "create_at": "2023-07-24T02:48:32.745Z",
      "isChecked": false
    },
    {
      "_id": "64bde6821cc55da5883a0532",
      "guid": "5c83d83c-0ce0-4ff2-adcf-167d29fb3e52",
      "guid_device": "C0680226",
      "HR": 75,
      "RR": 885,
      "rrRMS": 864,
      "date_created": "24-07-2023",
      "time_created": "09:48:34",
      "date_update": "24-07-2023",
      "time_update": "09:48:34",
      "timestamp": 1690166914,
      "date": "24-07-2023",
      "time": "09:48:34",
      "hour": "09",
      "year": "2023",
      "datetime": "24-07-2023 09:48:34",
      "create_at": "2023-07-24T02:48:34.203Z",
      "isChecked": false
    },
    {
      "_id": "64bde6821cc55da5883a0534",
      "guid": "928aa8bc-adab-41a7-ba56-0c43548cb3c0",
      "guid_device": "C0680226",
      "HR": 75,
      "RR": 876,
      "rrRMS": 855,
      "date_created": "24-07-2023",
      "time_created": "09:48:34",
      "date_update": "24-07-2023",
      "time_update": "09:48:34",
      "timestamp": 1690166914,
      "date": "24-07-2023",
      "time": "09:48:34",
      "hour": "09",
      "year": "2023",
      "datetime": "24-07-2023 09:48:34",
      "create_at": "2023-07-24T02:48:34.219Z",
      "isChecked": false
    },
    {
      "_id": "64bde6821cc55da5883a0536",
      "guid": "afa2480e-aa79-4469-bf35-3dc121e3f40f",
      "guid_device": "C0680226",
      "HR": 75,
      "RR": 885,
      "rrRMS": 864,
      "date_created": "24-07-2023",
      "time_created": "09:48:34",
      "date_update": "24-07-2023",
      "time_update": "09:48:34",
      "timestamp": 1690166914,
      "date": "24-07-2023",
      "time": "09:48:34",
      "hour": "09",
      "year": "2023",
      "datetime": "24-07-2023 09:48:34",
      "create_at": "2023-07-24T02:48:34.223Z",
      "isChecked": false
    },
    {
      "_id": "64bde6821cc55da5883a0538",
      "guid": "60c206b4-99d7-47f5-9163-ff1ccdf3b4f6",
      "guid_device": "C0680226",
      "HR": 75,
      "RR": 876,
      "rrRMS": 855,
      "date_created": "24-07-2023",
      "time_created": "09:48:34",
      "date_update": "24-07-2023",
      "time_update": "09:48:34",
      "timestamp": 1690166914,
      "date": "24-07-2023",
      "time": "09:48:34",
      "hour": "09",
      "year": "2023",
      "datetime": "24-07-2023 09:48:34",
      "create_at": "2023-07-24T02:48:34.227Z",
      "isChecked": false
    },
    {
      "_id": "64bde6831cc55da5883a053a",
      "guid": "76ba4841-41e7-44e3-a042-3e7edd3141d4",
      "guid_device": "C0680226",
      "HR": 74,
      "RR": 840,
      "rrRMS": 820,
      "date_created": "24-07-2023",
      "time_created": "09:48:35",
      "date_update": "24-07-2023",
      "time_update": "09:48:35",
      "timestamp": 1690166916,
      "date": "24-07-2023",
      "time": "09:48:35",
      "hour": "09",
      "year": "2023",
      "datetime": "24-07-2023 09:48:35",
      "create_at": "2023-07-24T02:48:35.713Z",
      "isChecked": false
    },
    {
      "_id": "64bde6831cc55da5883a053c",
      "guid": "2e991b10-5f88-432e-ade7-7c94a2ab5fdf",
      "guid_device": "C0680226",
      "HR": 74,
      "RR": 840,
      "rrRMS": 820,
      "date_created": "24-07-2023",
      "time_created": "09:48:35",
      "date_update": "24-07-2023",
      "time_update": "09:48:35",
      "timestamp": 1690166916,
      "date": "24-07-2023",
      "time": "09:48:35",
      "hour": "09",
      "year": "2023",
      "datetime": "24-07-2023 09:48:35",
      "create_at": "2023-07-24T02:48:35.717Z",
      "isChecked": false
    },
    {
      "_id": "64bde6851cc55da5883a0540",
      "guid": "708a979a-bec3-42b3-918a-0bfad35b8d1c",
      "guid_device": "C0680226",
      "HR": 74,
      "RR": 797,
      "rrRMS": 778,
      "date_created": "24-07-2023",
      "time_created": "09:48:37",
      "date_update": "24-07-2023",
      "time_update": "09:48:37",
      "timestamp": 1690166917,
      "date": "24-07-2023",
      "time": "09:48:37",
      "hour": "09",
      "year": "2023",
      "datetime": "24-07-2023 09:48:37",
      "create_at": "2023-07-24T02:48:37.202Z",
      "isChecked": false
    },
    {
      "_id": "64bde6851cc55da5883a0542",
      "guid": "7463e24d-4007-4228-8cc0-2da3dc3ca07f",
      "guid_device": "C0680226",
      "HR": 74,
      "RR": 797,
      "rrRMS": 778,
      "date_created": "24-07-2023",
      "time_created": "09:48:37",
      "date_update": "24-07-2023",
      "time_update": "09:48:37",
      "timestamp": 1690166917,
      "date": "24-07-2023",
      "time": "09:48:37",
      "hour": "09",
      "year": "2023",
      "datetime": "24-07-2023 09:48:37",
      "create_at": "2023-07-24T02:48:37.208Z",
      "isChecked": false
    },
    {
      "_id": "64bde6881cc55da5883a0546",
      "guid": "0d174b8a-bae9-4ffc-9e8a-154fc485b6c2",
      "guid_device": "C0680226",
      "HR": 75,
      "RR": 738,
      "rrRMS": 721,
      "date_created": "24-07-2023",
      "time_created": "09:48:40",
      "date_update": "24-07-2023",
      "time_update": "09:48:40",
      "timestamp": 1690166921,
      "date": "24-07-2023",
      "time": "09:48:40",
      "hour": "09",
      "year": "2023",
      "datetime": "24-07-2023 09:48:40",
      "create_at": "2023-07-24T02:48:40.653Z",
      "isChecked": false
    },
    {
      "_id": "64bde6881cc55da5883a0548",
      "guid": "b760b2bb-c7c3-44de-b659-a77d0ad7f639",
      "guid_device": "C0680226",
      "HR": 76,
      "RR": 741,
      "rrRMS": 724,
      "date_created": "24-07-2023",
      "time_created": "09:48:40",
      "date_update": "24-07-2023",
      "time_update": "09:48:40",
      "timestamp": 1690166921,
      "date": "24-07-2023",
      "time": "09:48:40",
      "hour": "09",
      "year": "2023",
      "datetime": "24-07-2023 09:48:40",
      "create_at": "2023-07-24T02:48:40.656Z",
      "isChecked": false
    },
    {
      "_id": "64bde6881cc55da5883a054a",
      "guid": "1b288996-844e-4049-b314-d3757040089c",
      "guid_device": "C0680226",
      "HR": 75,
      "RR": 738,
      "rrRMS": 721,
      "date_created": "24-07-2023",
      "time_created": "09:48:40",
      "date_update": "24-07-2023",
      "time_update": "09:48:40",
      "timestamp": 1690166921,
      "date": "24-07-2023",
      "time": "09:48:40",
      "hour": "09",
      "year": "2023",
      "datetime": "24-07-2023 09:48:40",
      "create_at": "2023-07-24T02:48:40.660Z",
      "isChecked": false
    },
    {
      "_id": "64bde6881cc55da5883a054c",
      "guid": "96634198-0fd2-4444-823a-c2a131e23375",
      "guid_device": "C0680226",
      "HR": 76,
      "RR": 741,
      "rrRMS": 724,
      "date_created": "24-07-2023",
      "time_created": "09:48:40",
      "date_update": "24-07-2023",
      "time_update": "09:48:40",
      "timestamp": 1690166921,
      "date": "24-07-2023",
      "time": "09:48:40",
      "hour": "09",
      "year": "2023",
      "datetime": "24-07-2023 09:48:40",
      "create_at": "2023-07-24T02:48:40.663Z",
      "isChecked": false
    }
  ]
}