{
  "hrvMetrics": {
    "sdnn": null,
    "rmssd": null,
    "pnn50": null,
    "s1": null,
    "s2": null
  },
  "filteredData": [
    {
      "HR": 92,
      "RR": 685
    }
  ],
  "raw": [
    {
      "_id": "66586df457a4d4a2acbc7b6f",
      "guid": "b857c1a1-9eb6-4295-b8cc-7b914b8a8685",
      "guid_device": "C0680226",
      "HR": 92,
      "RR": 685,
      "rrRMS": 669,
      "date_created": "30-05-2024",
      "time_created": "19:15:48",
      "date_update": "30-05-2024",
      "time_update": "19:15:48",
      "timestamp": 1717071348,
      "date": "30-05-2024",
      "time": "19:15:48",
      "hour": "19",
      "year": "2024",
      "datetime": "30-05-2024 07:15:48",
      "create_at": "2024-05-30T12:15:48.226Z",
      "isChecked": false
    },
    {
      "_id": "66586df757a4d4a2acbc7b72",
      "guid": "6a79132b-602b-4db3-9369-12fa9317143b",
      "guid_device": "C0680226",
      "HR": 91,
      "RR": 709,
      "rrRMS": 692,
      "date_created": "30-05-2024",
      "time_created": "19:15:51",
      "date_update": "30-05-2024",
      "time_update": "19:15:51",
      "timestamp": 1717071352,
      "date": "30-05-2024",
      "time": "19:15:51",
      "hour": "19",
      "year": "2024",
      "datetime": "30-05-2024 07:15:51",
      "create_at": "2024-05-30T12:15:51.593Z",
      "isChecked": false
    },
    {
      "_id": "66586df857a4d4a2acbc7b75",
      "guid": "8d57db32-b495-464d-aa33-ff4b009624bd",
      "guid_device": "C0680226",
      "HR": 90,
      "RR": 670,
      "rrRMS": 654,
      "date_created": "30-05-2024",
      "time_created": "19:15:52",
      "date_update": "30-05-2024",
      "time_update": "19:15:52",
      "timestamp": 1717071352,
      "date": "30-05-2024",
      "time": "19:15:52",
      "hour": "19",
      "year": "2024",
      "datetime": "30-05-2024 07:15:52",
      "create_at": "2024-05-30T12:15:52.055Z",
      "isChecked": false
    },
    {
      "_id": "66586dfb57a4d4a2acbc7b78",
      "guid": "b262deed-d5f5-4812-ac9c-9594b1d9581d",
      "guid_device": "C0680226",
      "HR": 90,
      "RR": 691,
      "rrRMS": 675,
      "date_created": "30-05-2024",
      "time_created": "19:15:55",
      "date_update": "30-05-2024",
      "time_update": "19:15:55",
      "timestamp": 1717071355,
      "date": "30-05-2024",
      "time": "19:15:55",
      "hour": "19",
      "year": "2024",
      "datetime": "30-05-2024 07:15:55",
      "create_at": "2024-05-30T12:15:55.428Z",
      "isChecked": false
    },
    {
      "_id": "66586dfc57a4d4a2acbc7b7b",
      "guid": "a75c34e2-0c5b-49ec-a765-6257ebb8f4bc",
      "guid_device": "C0680226",
      "HR": 90,
      "RR": 671,
      "rrRMS": 655,
      "date_created": "30-05-2024",
      "time_created": "19:15:56",
      "date_update": "30-05-2024",
      "time_update": "19:15:56",
      "timestamp": 1717071356,
      "date": "30-05-2024",
      "time": "19:15:56",
      "hour": "19",
      "year": "2024",
      "datetime": "30-05-2024 07:15:56",
      "create_at": "2024-05-30T12:15:56.416Z",
      "isChecked": false
    },
    {
      "_id": "66586e0057a4d4a2acbc7b7e",
      "guid": "2115b23b-eaff-4b17-a1c3-dfd11979e1b7",
      "guid_device": "C0680226",
      "HR": 91,
      "RR": 656,
      "rrRMS": 641,
      "date_created": "30-05-2024",
      "time_created": "19:16:00",
      "date_update": "30-05-2024",
      "time_update": "19:16:00",
      "timestamp": 1717071360,
      "date": "30-05-2024",
      "time": "19:16:00",
      "hour": "19",
      "year": "2024",
      "datetime": "30-05-2024 07:16:00",
      "create_at": "2024-05-30T12:16:00.219Z",
      "isChecked": false
    },
    {
      "_id": "66586e0057a4d4a2acbc7b81",
      "guid": "01c50188-2c4d-49d3-8c11-dc2ed87d7aa9",
      "guid_device": "C0680226",
      "HR": 91,
      "RR": 684,
      "rrRMS": 668,
      "date_created": "30-05-2024",
      "time_created": "19:16:00",
      "date_update": "30-05-2024",
      "time_update": "19:16:00",
      "timestamp": 1717071360,
      "date": "30-05-2024",
      "time": "19:16:00",
      "hour": "19",
      "year": "2024",
      "datetime": "30-05-2024 07:16:00",
      "create_at": "2024-05-30T12:16:00.262Z",
      "isChecked": false
    },
    {
      "_id": "66586e0257a4d4a2acbc7b84",
      "guid": "ecb89113-1163-4798-9ff5-22b4f4480989",
      "guid_device": "C0680226",
      "HR": 91,
      "RR": 667,
      "rrRMS": 651,
      "date_created": "30-05-2024",
      "time_created": "19:16:02",
      "date_update": "30-05-2024",
      "time_update": "19:16:02",
      "timestamp": 1717071363,
      "date": "30-05-2024",
      "time": "19:16:02",
      "hour": "19",
      "year": "2024",
      "datetime": "30-05-2024 07:16:02",
      "create_at": "2024-05-30T12:16:02.614Z",
      "isChecked": false
    },
    {
      "_id": "66586e0557a4d4a2acbc7b87",
      "guid": "27d72d18-da1e-49ea-ba13-39dc7e25c04a",
      "guid_device": "C0680226",
      "HR": 91,
      "RR": 663,
      "rrRMS": 647,
      "date_created": "30-05-2024",
      "time_created": "19:16:05",
      "date_update": "30-05-2024",
      "time_update": "19:16:05",
      "timestamp": 1717071365,
      "date": "30-05-2024",
      "time": "19:16:05",
      "hour": "19",
      "year": "2024",
      "datetime": "30-05-2024 07:16:05",
      "create_at": "2024-05-30T12:16:05.050Z",
      "isChecked": false
    },
    {
      "_id": "66586e0657a4d4a2acbc7b89",
      "guid": "21dc73bc-2723-46e2-81c9-2db7aa347734",
      "guid_device": "C0680226",
      "HR": 92,
      "RR": 681,
      "rrRMS": 665,
      "date_created": "30-05-2024",
      "time_created": "19:16:06",
      "date_update": "30-05-2024",
      "time_update": "19:16:06",
      "timestamp": 1717071366,
      "date": "30-05-2024",
      "time": "19:16:06",
      "hour": "19",
      "year": "2024",
      "datetime": "30-05-2024 07:16:06",
      "create_at": "2024-05-30T12:16:06.455Z",
      "isChecked": false
    },
    {
      "_id": "66586e0957a4d4a2acbc7b8e",
      "guid": "1ba945e1-f7eb-4ffd-b68e-979ed512b636",
      "guid_device": "C0680226",
      "HR": 92,
      "RR": 682,
      "rrRMS": 666,
      "date_created": "30-05-2024",
      "time_created": "19:16:09",
      "date_update": "30-05-2024",
      "time_update": "19:16:09",
      "timestamp": 1717071370,
      "date": "30-05-2024",
      "time": "19:16:09",
      "hour": "19",
      "year": "2024",
      "datetime": "30-05-2024 07:16:09",
      "create_at": "2024-05-30T12:16:09.845Z",
      "isChecked": false
    },
    {
      "_id": "66586e0c57a4d4a2acbc7b91",
      "guid": "0d342a64-dffa-4de8-885a-96553eb19c9a",
      "guid_device": "C0680226",
      "HR": 91,
      "RR": 647,
      "rrRMS": 632,
      "date_created": "30-05-2024",
      "time_created": "19:16:12",
      "date_update": "30-05-2024",
      "time_update": "19:16:12",
      "timestamp": 1717071373,
      "date": "30-05-2024",
      "time": "19:16:12",
      "hour": "19",
      "year": "2024",
      "datetime": "30-05-2024 07:16:12",
      "create_at": "2024-05-30T12:16:12.759Z",
      "isChecked": false
    },
    {
      "_id": "66586e0d57a4d4a2acbc7b94",
      "guid": "de427a93-3efc-47c6-9247-b7040ff29718",
      "guid_device": "C0680226",
      "HR": 93,
      "RR": 686,
      "rrRMS": 670,
      "date_created": "30-05-2024",
      "time_created": "19:16:13",
      "date_update": "30-05-2024",
      "time_update": "19:16:13",
      "timestamp": 1717071373,
      "date": "30-05-2024",
      "time": "19:16:13",
      "hour": "19",
      "year": "2024",
      "datetime": "30-05-2024 07:16:13",
      "create_at": "2024-05-30T12:16:13.211Z",
      "isChecked": false
    },
    {
      "_id": "66586e0f57a4d4a2acbc7b97",
      "guid": "437050e8-1688-48bb-8658-1781ff5b876f",
      "guid_device": "C0680226",
      "HR": 92,
      "RR": 669,
      "rrRMS": 653,
      "date_created": "30-05-2024",
      "time_created": "19:16:15",
      "date_update": "30-05-2024",
      "time_update": "19:16:15",
      "timestamp": 1717071375,
      "date": "30-05-2024",
      "time": "19:16:15",
      "hour": "19",
      "year": "2024",
      "datetime": "30-05-2024 07:16:15",
      "create_at": "2024-05-30T12:16:15.169Z",
      "isChecked": false
    },
    {
      "_id": "66586e1257a4d4a2acbc7b9a",
      "guid": "40215048-4026-4bc5-9b76-f68ac94e7353",
      "guid_device": "C0680226",
      "HR": 92,
      "RR": 660,
      "rrRMS": 645,
      "date_created": "30-05-2024",
      "time_created": "19:16:18",
      "date_update": "30-05-2024",
      "time_update": "19:16:18",
      "timestamp": 1717071378,
      "date": "30-05-2024",
      "time": "19:16:18",
      "hour": "19",
      "year": "2024",
      "datetime": "30-05-2024 07:16:18",
      "create_at": "2024-05-30T12:16:18.021Z",
      "isChecked": false
    },
    {
      "_id": "66586e1357a4d4a2acbc7b9d",
      "guid": "9a6de923-6c7d-4e6b-91af-4831484a9a72",
      "guid_device": "C0680226",
      "HR": 92,
      "RR": 691,
      "rrRMS": 675,
      "date_created": "30-05-2024",
      "time_created": "19:16:19",
      "date_update": "30-05-2024",
      "time_update": "19:16:19",
      "timestamp": 1717071379,
      "date": "30-05-2024",
      "time": "19:16:19",
      "hour": "19",
      "year": "2024",
      "datetime": "30-05-2024 07:16:19",
      "create_at": "2024-05-30T12:16:19.469Z",
      "isChecked": false
    },
    {
      "_id": "66586e1557a4d4a2acbc7ba0",
      "guid": "02fbe755-89fc-4e3d-80da-69b880c44eeb",
      "guid_device": "C0680226",
      "HR": 92,
      "RR": 668,
      "rrRMS": 652,
      "date_created": "30-05-2024",
      "time_created": "19:16:21",
      "date_update": "30-05-2024",
      "time_update": "19:16:21",
      "timestamp": 1717071381,
      "date": "30-05-2024",
      "time": "19:16:21",
      "hour": "19",
      "year": "2024",
      "datetime": "30-05-2024 07:16:21",
      "create_at": "2024-05-30T12:16:21.369Z",
      "isChecked": false
    },
    {
      "_id": "66586e1757a4d4a2acbc7ba3",
      "guid": "76f25419-9ffd-4c52-b320-c14ad8c2ecac",
      "guid_device": "C0680226",
      "HR": 91,
      "RR": 661,
      "rrRMS": 646,
      "date_created": "30-05-2024",
      "time_created": "19:16:23",
      "date_update": "30-05-2024",
      "time_update": "19:16:23",
      "timestamp": 1717071383,
      "date": "30-05-2024",
      "time": "19:16:23",
      "hour": "19",
      "year": "2024",
      "datetime": "30-05-2024 07:16:23",
      "create_at": "2024-05-30T12:16:23.311Z",
      "isChecked": false
    },
    {
      "_id": "66586e1a57a4d4a2acbc7ba7",
      "guid": "e3184c63-68ab-4c09-8a06-4b47d9f8b82f",
      "guid_device": "C0680226",
      "HR": 92,
      "RR": 651,
      "rrRMS": 636,
      "date_created": "30-05-2024",
      "time_created": "19:16:26",
      "date_update": "30-05-2024",
      "time_update": "19:16:26",
      "timestamp": 1717071386,
      "date": "30-05-2024",
      "time": "19:16:26",
      "hour": "19",
      "year": "2024",
      "datetime": "30-05-2024 07:16:26",
      "create_at": "2024-05-30T12:16:26.200Z",
      "isChecked": false
    },
    {
      "_id": "66586e1d57a4d4a2acbc7baa",
      "guid": "35f0b1cd-4bf1-4e15-b778-de6cedf74aa7",
      "guid_device": "C0680226",
      "HR": 92,
      "RR": 679,
      "rrRMS": 663,
      "date_created": "30-05-2024",
      "time_created": "19:16:29",
      "date_update": "30-05-2024",
      "time_update": "19:16:29",
      "timestamp": 1717071389,
      "date": "30-05-2024",
      "time": "19:16:29",
      "hour": "19",
      "year": "2024",
      "datetime": "30-05-2024 07:16:29",
      "create_at": "2024-05-30T12:16:29.041Z",
      "isChecked": false
    },
    {
      "_id": "66586e1d57a4d4a2acbc7bac",
      "guid": "b5f55cea-bb7c-4f82-bb95-c77a359d3b8c",
      "guid_device": "C0680226",
      "HR": 91,
      "RR": 672,
      "rrRMS": 656,
      "date_created": "30-05-2024",
      "time_created": "19:16:29",
      "date_update": "30-05-2024",
      "time_update": "19:16:29",
      "timestamp": 1717071390,
      "date": "30-05-2024",
      "time": "19:16:29",
      "hour": "19",
      "year": "2024",
      "datetime": "30-05-2024 07:16:29",
      "create_at": "2024-05-30T12:16:29.532Z",
      "isChecked": false
    },
    {
      "_id": "66586e2057a4d4a2acbc7bb0",
      "guid": "112fb4fd-5d83-42b5-925c-fac44a2bd822",
      "guid_device": "C0680226",
      "HR": 90,
      "RR": 664,
      "rrRMS": 648,
      "date_created": "30-05-2024",
      "time_created": "19:16:32",
      "date_update": "30-05-2024",
      "time_update": "19:16:32",
      "timestamp": 1717071392,
      "date": "30-05-2024",
      "time": "19:16:32",
      "hour": "19",
      "year": "2024",
      "datetime": "30-05-2024 07:16:32",
      "create_at": "2024-05-30T12:16:32.386Z",
      "isChecked": false
    },
    {
      "_id": "66586e2257a4d4a2acbc7bb3",
      "guid": "9e3c26e6-58e9-4ad9-b808-44ff169777e2",
      "guid_device": "C0680226",
      "HR": 90,
      "RR": 693,
      "rrRMS": 677,
      "date_created": "30-05-2024",
      "time_created": "19:16:34",
      "date_update": "30-05-2024",
      "time_update": "19:16:34",
      "timestamp": 1717071394,
      "date": "30-05-2024",
      "time": "19:16:34",
      "hour": "19",
      "year": "2024",
      "datetime": "30-05-2024 07:16:34",
      "create_at": "2024-05-30T12:16:34.335Z",
      "isChecked": false
    },
    {
      "_id": "66586e2457a4d4a2acbc7bb6",
      "guid": "c7549e4e-5d8c-4e20-9c70-4775a8f5bb2b",
      "guid_device": "C0680226",
      "HR": 90,
      "RR": 680,
      "rrRMS": 664,
      "date_created": "30-05-2024",
      "time_created": "19:16:36",
      "date_update": "30-05-2024",
      "time_update": "19:16:36",
      "timestamp": 1717071396,
      "date": "30-05-2024",
      "time": "19:16:36",
      "hour": "19",
      "year": "2024",
      "datetime": "30-05-2024 07:16:36",
      "create_at": "2024-05-30T12:16:36.214Z",
      "isChecked": false
    },
    {
      "_id": "66586e2657a4d4a2acbc7bb9",
      "guid": "beddb2dd-52d8-4437-8c7c-81a20ad2910d",
      "guid_device": "C0680226",
      "HR": 91,
      "RR": 654,
      "rrRMS": 639,
      "date_created": "30-05-2024",
      "time_created": "19:16:38",
      "date_update": "30-05-2024",
      "time_update": "19:16:38",
      "timestamp": 1717071398,
      "date": "30-05-2024",
      "time": "19:16:38",
      "hour": "19",
      "year": "2024",
      "datetime": "30-05-2024 07:16:38",
      "create_at": "2024-05-30T12:16:38.187Z",
      "isChecked": false
    },
    {
      "_id": "66586e2957a4d4a2acbc7bbc",
      "guid": "53e70b68-cb6d-46ac-ad82-ceabb667d894",
      "guid_device": "C0680226",
      "HR": 91,
      "RR": 670,
      "rrRMS": 654,
      "date_created": "30-05-2024",
      "time_created": "19:16:41",
      "date_update": "30-05-2024",
      "time_update": "19:16:41",
      "timestamp": 1717071401,
      "date": "30-05-2024",
      "time": "19:16:41",
      "hour": "19",
      "year": "2024",
      "datetime": "30-05-2024 07:16:41",
      "create_at": "2024-05-30T12:16:41.046Z",
      "isChecked": false
    },
    {
      "_id": "66586e2a57a4d4a2acbc7bbf",
      "guid": "b2ab32a3-6d60-42cb-97f0-4a812ac7df11",
      "guid_device": "C0680226",
      "HR": 92,
      "RR": 664,
      "rrRMS": 648,
      "date_created": "30-05-2024",
      "time_created": "19:16:42",
      "date_update": "30-05-2024",
      "time_update": "19:16:42",
      "timestamp": 1717071402,
      "date": "30-05-2024",
      "time": "19:16:42",
      "hour": "19",
      "year": "2024",
      "datetime": "30-05-2024 07:16:42",
      "create_at": "2024-05-30T12:16:42.452Z",
      "isChecked": false
    },
    {
      "_id": "66586e2c57a4d4a2acbc7bc2",
      "guid": "8d21f4e0-7b76-4d50-af96-b5ad83bc9b6f",
      "guid_device": "C0680226",
      "HR": 92,
      "RR": 657,
      "rrRMS": 642,
      "date_created": "30-05-2024",
      "time_created": "19:16:44",
      "date_update": "30-05-2024",
      "time_update": "19:16:44",
      "timestamp": 1717071404,
      "date": "30-05-2024",
      "time": "19:16:44",
      "hour": "19",
      "year": "2024",
      "datetime": "30-05-2024 07:16:44",
      "create_at": "2024-05-30T12:16:44.387Z",
      "isChecked": false
    },
    {
      "_id": "66586e2e57a4d4a2acbc7bc5",
      "guid": "b864dd69-690c-4f7a-bad1-45e41f0eb6c6",
      "guid_device": "C0680226",
      "HR": 92,
      "RR": 669,
      "rrRMS": 653,
      "date_created": "30-05-2024",
      "time_created": "19:16:46",
      "date_update": "30-05-2024",
      "time_update": "19:16:46",
      "timestamp": 1717071406,
      "date": "30-05-2024",
      "time": "19:16:46",
      "hour": "19",
      "year": "2024",
      "datetime": "30-05-2024 07:16:46",
      "create_at": "2024-05-30T12:16:46.315Z",
      "isChecked": false
    },
    {
      "_id": "66586e3057a4d4a2acbc7bc8",
      "guid": "882b7f78-104e-4f96-bfb4-b13661df59f4",
      "guid_device": "C0680226",
      "HR": 92,
      "RR": 703,
      "rrRMS": 687,
      "date_created": "30-05-2024",
      "time_created": "19:16:48",
      "date_update": "30-05-2024",
      "time_update": "19:16:48",
      "timestamp": 1717071408,
      "date": "30-05-2024",
      "time": "19:16:48",
      "hour": "19",
      "year": "2024",
      "datetime": "30-05-2024 07:16:48",
      "create_at": "2024-05-30T12:16:48.227Z",
      "isChecked": false
    },
    {
      "_id": "66586e3257a4d4a2acbc7bcb",
      "guid": "080f9875-b12d-4674-87a5-70becd082755",
      "guid_device": "C0680226",
      "HR": 91,
      "RR": 684,
      "rrRMS": 668,
      "date_created": "30-05-2024",
      "time_created": "19:16:50",
      "date_update": "30-05-2024",
      "time_update": "19:16:50",
      "timestamp": 1717071411,
      "date": "30-05-2024",
      "time": "19:16:50",
      "hour": "19",
      "year": "2024",
      "datetime": "30-05-2024 07:16:50",
      "create_at": "2024-05-30T12:16:50.634Z",
      "isChecked": false
    },
    {
      "_id": "66586e3457a4d4a2acbc7bce",
      "guid": "007be268-ff90-42fa-8111-7e3f738cb72f",
      "guid_device": "C0680226",
      "HR": 91,
      "RR": 664,
      "rrRMS": 648,
      "date_created": "30-05-2024",
      "time_created": "19:16:52",
      "date_update": "30-05-2024",
      "time_update": "19:16:52",
      "timestamp": 1717071412,
      "date": "30-05-2024",
      "time": "19:16:52",
      "hour": "19",
      "year": "2024",
      "datetime": "30-05-2024 07:16:52",
      "create_at": "2024-05-30T12:16:52.104Z",
      "isChecked": false
    },
    {
      "_id": "66586e3657a4d4a2acbc7bd1",
      "guid": "a80a6d3f-3317-4fa9-98a2-3d72769d4767",
      "guid_device": "C0680226",
      "HR": 90,
      "RR": 716,
      "rrRMS": 699,
      "date_created": "30-05-2024",
      "time_created": "19:16:54",
      "date_update": "30-05-2024",
      "time_update": "19:16:54",
      "timestamp": 1717071414,
      "date": "30-05-2024",
      "time": "19:16:54",
      "hour": "19",
      "year": "2024",
      "datetime": "30-05-2024 07:16:54",
      "create_at": "2024-05-30T12:16:54.499Z",
      "isChecked": false
    },
    {
      "_id": "66586e3857a4d4a2acbc7bd4",
      "guid": "5fdc0a90-f486-4a3e-8bfe-5a02d28320ff",
      "guid_device": "C0680226",
      "HR": 90,
      "RR": 710,
      "rrRMS": 693,
      "date_created": "30-05-2024",
      "time_created": "19:16:56",
      "date_update": "30-05-2024",
      "time_update": "19:16:56",
      "timestamp": 1717071416,
      "date": "30-05-2024",
      "time": "19:16:56",
      "hour": "19",
      "year": "2024",
      "datetime": "30-05-2024 07:16:56",
      "create_at": "2024-05-30T12:16:56.388Z",
      "isChecked": false
    },
    {
      "_id": "66586e3a57a4d4a2acbc7bd7",
      "guid": "a86fd23b-2315-4c70-b91a-36036eb01987",
      "guid_device": "C0680226",
      "HR": 88,
      "RR": 694,
      "rrRMS": 678,
      "date_created": "30-05-2024",
      "time_created": "19:16:58",
      "date_update": "30-05-2024",
      "time_update": "19:16:58",
      "timestamp": 1717071418,
      "date": "30-05-2024",
      "time": "19:16:58",
      "hour": "19",
      "year": "2024",
      "datetime": "30-05-2024 07:16:58",
      "create_at": "2024-05-30T12:16:58.298Z",
      "isChecked": false
    },
    {
      "_id": "66586e3c57a4d4a2acbc7bda",
      "guid": "3231c3c6-c675-4f4a-b33a-fcc2475fbd8b",
      "guid_device": "C0680226",
      "HR": 88,
      "RR": 691,
      "rrRMS": 675,
      "date_created": "30-05-2024",
      "time_created": "19:17:00",
      "date_update": "30-05-2024",
      "time_update": "19:17:00",
      "timestamp": 1717071420,
      "date": "30-05-2024",
      "time": "19:17:00",
      "hour": "19",
      "year": "2024",
      "datetime": "30-05-2024 07:17:00",
      "create_at": "2024-05-30T12:17:00.222Z",
      "isChecked": false
    },
    {
      "_id": "66586e3e57a4d4a2acbc7bdd",
      "guid": "539829ee-f202-413b-8478-e0d849095c9c",
      "guid_device": "C0680226",
      "HR": 88,
      "RR": 675,
      "rrRMS": 659,
      "date_created": "30-05-2024",
      "time_created": "19:17:02",
      "date_update": "30-05-2024",
      "time_update": "19:17:02",
      "timestamp": 1717071422,
      "date": "30-05-2024",
      "time": "19:17:02",
      "hour": "19",
      "year": "2024",
      "datetime": "30-05-2024 07:17:02",
      "create_at": "2024-05-30T12:17:02.138Z",
      "isChecked": false
    },
    {
      "_id": "66586e4057a4d4a2acbc7be0",
      "guid": "9dbffd80-c8a3-476f-ad10-f35b7fbfa09f",
      "guid_device": "C0680226",
      "HR": 90,
      "RR": 681,
      "rrRMS": 665,
      "date_created": "30-05-2024",
      "time_created": "19:17:04",
      "date_update": "30-05-2024",
      "time_update": "19:17:04",
      "timestamp": 1717071424,
      "date": "30-05-2024",
      "time": "19:17:04",
      "hour": "19",
      "year": "2024",
      "datetime": "30-05-2024 07:17:04",
      "create_at": "2024-05-30T12:17:04.064Z",
      "isChecked": false
    },
    {
      "_id": "66586e4257a4d4a2acbc7be3",
      "guid": "0d001f88-0246-4da3-84b9-ae3d124d7de7",
      "guid_device": "C0680226",
      "HR": 90,
      "RR": 688,
      "rrRMS": 672,
      "date_created": "30-05-2024",
      "time_created": "19:17:06",
      "date_update": "30-05-2024",
      "time_update": "19:17:06",
      "timestamp": 1717071427,
      "date": "30-05-2024",
      "time": "19:17:06",
      "hour": "19",
      "year": "2024",
      "datetime": "30-05-2024 07:17:06",
      "create_at": "2024-05-30T12:17:06.502Z",
      "isChecked": false
    },
    {
      "_id": "66586e4557a4d4a2acbc7be6",
      "guid": "15384d59-be0a-4eee-ae4d-da80214228bf",
      "guid_device": "C0680226",
      "HR": 90,
      "RR": 665,
      "rrRMS": 649,
      "date_created": "30-05-2024",
      "time_created": "19:17:09",
      "date_update": "30-05-2024",
      "time_update": "19:17:09",
      "timestamp": 1717071430,
      "date": "30-05-2024",
      "time": "19:17:09",
      "hour": "19",
      "year": "2024",
      "datetime": "30-05-2024 07:17:09",
      "create_at": "2024-05-30T12:17:09.844Z",
      "isChecked": false
    },
    {
      "_id": "66586e4657a4d4a2acbc7be9",
      "guid": "9680feda-8559-40f0-845a-25365680a15d",
      "guid_device": "C0680226",
      "HR": 90,
      "RR": 673,
      "rrRMS": 657,
      "date_created": "30-05-2024",
      "time_created": "19:17:10",
      "date_update": "30-05-2024",
      "time_update": "19:17:10",
      "timestamp": 1717071431,
      "date": "30-05-2024",
      "time": "19:17:10",
      "hour": "19",
      "year": "2024",
      "datetime": "30-05-2024 07:17:10",
      "create_at": "2024-05-30T12:17:10.795Z",
      "isChecked": false
    },
    {
      "_id": "66586e4957a4d4a2acbc7bed",
      "guid": "6c735dbe-8a33-4513-9c08-27508de3c197",
      "guid_device": "C0680226",
      "HR": 90,
      "RR": 667,
      "rrRMS": 651,
      "date_created": "30-05-2024",
      "time_created": "19:17:13",
      "date_update": "30-05-2024",
      "time_update": "19:17:13",
      "timestamp": 1717071433,
      "date": "30-05-2024",
      "time": "19:17:13",
      "hour": "19",
      "year": "2024",
      "datetime": "30-05-2024 07:17:13",
      "create_at": "2024-05-30T12:17:13.221Z",
      "isChecked": false
    },
    {
      "_id": "66586e4a57a4d4a2acbc7bef",
      "guid": "e66fff3d-e481-4b65-a80d-24a034126997",
      "guid_device": "C0680226",
      "HR": 91,
      "RR": 683,
      "rrRMS": 667,
      "date_created": "30-05-2024",
      "time_created": "19:17:14",
      "date_update": "30-05-2024",
      "time_update": "19:17:14",
      "timestamp": 1717071434,
      "date": "30-05-2024",
      "time": "19:17:14",
      "hour": "19",
      "year": "2024",
      "datetime": "30-05-2024 07:17:14",
      "create_at": "2024-05-30T12:17:14.139Z",
      "isChecked": false
    },
    {
      "_id": "66586e4c57a4d4a2acbc7bf1",
      "guid": "53d5b6cd-c5e2-405a-93ac-9f5e6003cdfc",
      "guid_device": "C0680226",
      "HR": 90,
      "RR": 663,
      "rrRMS": 647,
      "date_created": "30-05-2024",
      "time_created": "19:17:16",
      "date_update": "30-05-2024",
      "time_update": "19:17:16",
      "timestamp": 1717071436,
      "date": "30-05-2024",
      "time": "19:17:16",
      "hour": "19",
      "year": "2024",
      "datetime": "30-05-2024 07:17:16",
      "create_at": "2024-05-30T12:17:16.081Z",
      "isChecked": false
    },
    {
      "_id": "66586e4f57a4d4a2acbc7bf5",
      "guid": "91b0e5fb-1c4a-4e4b-8741-af85eea9a63b",
      "guid_device": "C0680226",
      "HR": 91,
      "RR": 674,
      "rrRMS": 658,
      "date_created": "30-05-2024",
      "time_created": "19:17:19",
      "date_update": "30-05-2024",
      "time_update": "19:17:19",
      "timestamp": 1717071439,
      "date": "30-05-2024",
      "time": "19:17:19",
      "hour": "19",
      "year": "2024",
      "datetime": "30-05-2024 07:17:19",
      "create_at": "2024-05-30T12:17:19.425Z",
      "isChecked": false
    },
    {
      "_id": "66586e5057a4d4a2acbc7bf8",
      "guid": "c59db25e-5a65-40fc-84ac-e39014841bbe",
      "guid_device": "C0680226",
      "HR": 91,
      "RR": 668,
      "rrRMS": 652,
      "date_created": "30-05-2024",
      "time_created": "19:17:20",
      "date_update": "30-05-2024",
      "time_update": "19:17:20",
      "timestamp": 1717071441,
      "date": "30-05-2024",
      "time": "19:17:20",
      "hour": "19",
      "year": "2024",
      "datetime": "30-05-2024 07:17:20",
      "create_at": "2024-05-30T12:17:20.861Z",
      "isChecked": false
    },
    {
      "_id": "66586e5257a4d4a2acbc7bfb",
      "guid": "dbe92a99-7e45-467b-8ffa-4c4b52c37d3f",
      "guid_device": "C0680226",
      "HR": 91,
      "RR": 680,
      "rrRMS": 664,
      "date_created": "30-05-2024",
      "time_created": "19:17:22",
      "date_update": "30-05-2024",
      "time_update": "19:17:22",
      "timestamp": 1717071442,
      "date": "30-05-2024",
      "time": "19:17:22",
      "hour": "19",
      "year": "2024",
      "datetime": "30-05-2024 07:17:22",
      "create_at": "2024-05-30T12:17:22.324Z",
      "isChecked": false
    },
    {
      "_id": "66586e5557a4d4a2acbc7bff",
      "guid": "2b49f099-c659-46a9-97c8-9a182a4e19f7",
      "guid_device": "C0680226",
      "HR": 91,
      "RR": 688,
      "rrRMS": 672,
      "date_created": "30-05-2024",
      "time_created": "19:17:25",
      "date_update": "30-05-2024",
      "time_update": "19:17:25",
      "timestamp": 1717071446,
      "date": "30-05-2024",
      "time": "19:17:25",
      "hour": "19",
      "year": "2024",
      "datetime": "30-05-2024 07:17:25",
      "create_at": "2024-05-30T12:17:25.683Z",
      "isChecked": false
    },
    {
      "_id": "66586e5757a4d4a2acbc7c02",
      "guid": "b1a1fae7-106f-4fa2-b092-49b3e5396b8b",
      "guid_device": "C0680226",
      "HR": 91,
      "RR": 668,
      "rrRMS": 652,
      "date_created": "30-05-2024",
      "time_created": "19:17:27",
      "date_update": "30-05-2024",
      "time_update": "19:17:27",
      "timestamp": 1717071447,
      "date": "30-05-2024",
      "time": "19:17:27",
      "hour": "19",
      "year": "2024",
      "datetime": "30-05-2024 07:17:27",
      "create_at": "2024-05-30T12:17:27.107Z",
      "isChecked": false
    },
    {
      "_id": "66586e5957a4d4a2acbc7c05",
      "guid": "cb01f65a-5ead-48d0-a200-780f6e2c05bf",
      "guid_device": "C0680226",
      "HR": 92,
      "RR": 663,
      "rrRMS": 647,
      "date_created": "30-05-2024",
      "time_created": "19:17:29",
      "date_update": "30-05-2024",
      "time_update": "19:17:29",
      "timestamp": 1717071450,
      "date": "30-05-2024",
      "time": "19:17:29",
      "hour": "19",
      "year": "2024",
      "datetime": "30-05-2024 07:17:29",
      "create_at": "2024-05-30T12:17:29.514Z",
      "isChecked": false
    },
    {
      "_id": "66586e5b57a4d4a2acbc7c08",
      "guid": "0203fc51-d710-41a5-aff7-ca262bd9f34f",
      "guid_device": "C0680226",
      "HR": 92,
      "RR": 665,
      "rrRMS": 649,
      "date_created": "30-05-2024",
      "time_created": "19:17:31",
      "date_update": "30-05-2024",
      "time_update": "19:17:31",
      "timestamp": 1717071451,
      "date": "30-05-2024",
      "time": "19:17:31",
      "hour": "19",
      "year": "2024",
      "datetime": "30-05-2024 07:17:31",
      "create_at": "2024-05-30T12:17:31.436Z",
      "isChecked": false
    },
    {
      "_id": "66586e5f57a4d4a2acbc7c0b",
      "guid": "8773c4b6-2a97-4a06-9ffd-aabeea7851d4",
      "guid_device": "C0680226",
      "HR": 91,
      "RR": 705,
      "rrRMS": 688,
      "date_created": "30-05-2024",
      "time_created": "19:17:35",
      "date_update": "30-05-2024",
      "time_update": "19:17:35",
      "timestamp": 1717071455,
      "date": "30-05-2024",
      "time": "19:17:35",
      "hour": "19",
      "year": "2024",
      "datetime": "30-05-2024 07:17:35",
      "create_at": "2024-05-30T12:17:35.286Z",
      "isChecked": false
    },
    {
      "_id": "66586e6057a4d4a2acbc7c0e",
      "guid": "241f0a90-104b-4a19-a656-86f01056bec2",
      "guid_device": "C0680226",
      "HR": 90,
      "RR": 716,
      "rrRMS": 699,
      "date_created": "30-05-2024",
      "time_created": "19:17:36",
      "date_update": "30-05-2024",
      "time_update": "19:17:36",
      "timestamp": 1717071457,
      "date": "30-05-2024",
      "time": "19:17:36",
      "hour": "19",
      "year": "2024",
      "datetime": "30-05-2024 07:17:36",
      "create_at": "2024-05-30T12:17:36.726Z",
      "isChecked": false
    },
    {
      "_id": "66586e6157a4d4a2acbc7c11",
      "guid": "c26ce3aa-5a1b-47d4-86e6-1773e58744f7",
      "guid_device": "C0680226",
      "HR": 89,
      "RR": 654,
      "rrRMS": 639,
      "date_created": "30-05-2024",
      "time_created": "19:17:37",
      "date_update": "30-05-2024",
      "time_update": "19:17:37",
      "timestamp": 1717071457,
      "date": "30-05-2024",
      "time": "19:17:37",
      "hour": "19",
      "year": "2024",
      "datetime": "30-05-2024 07:17:37",
      "create_at": "2024-05-30T12:17:37.211Z",
      "isChecked": false
    },
    {
      "_id": "66586e6357a4d4a2acbc7c14",
      "guid": "1f5d83fb-5d76-4943-9bd5-090ec55c27cd",
      "guid_device": "C0680226",
      "HR": 91,
      "RR": 687,
      "rrRMS": 671,
      "date_created": "30-05-2024",
      "time_created": "19:17:39",
      "date_update": "30-05-2024",
      "time_update": "19:17:39",
      "timestamp": 1717071459,
      "date": "30-05-2024",
      "time": "19:17:39",
      "hour": "19",
      "year": "2024",
      "datetime": "30-05-2024 07:17:39",
      "create_at": "2024-05-30T12:17:39.141Z",
      "isChecked": false
    },
    {
      "_id": "66586e6457a4d4a2acbc7c16",
      "guid": "ce1b1319-2165-4e93-8858-e1429a110b34",
      "guid_device": "C0680226",
      "HR": 91,
      "RR": 706,
      "rrRMS": 689,
      "date_created": "30-05-2024",
      "time_created": "19:17:40",
      "date_update": "30-05-2024",
      "time_update": "19:17:40",
      "timestamp": 1717071460,
      "date": "30-05-2024",
      "time": "19:17:40",
      "hour": "19",
      "year": "2024",
      "datetime": "30-05-2024 07:17:40",
      "create_at": "2024-05-30T12:17:40.067Z",
      "isChecked": false
    },
    {
      "_id": "66586e6657a4d4a2acbc7c19",
      "guid": "8619790a-5b1f-47e2-a44d-a8eae9e2103a",
      "guid_device": "C0680226",
      "HR": 89,
      "RR": 724,
      "rrRMS": 707,
      "date_created": "30-05-2024",
      "time_created": "19:17:42",
      "date_update": "30-05-2024",
      "time_update": "19:17:42",
      "timestamp": 1717071462,
      "date": "30-05-2024",
      "time": "19:17:42",
      "hour": "19",
      "year": "2024",
      "datetime": "30-05-2024 07:17:42",
      "create_at": "2024-05-30T12:17:42.466Z",
      "isChecked": false
    },
    {
      "_id": "66586e6857a4d4a2acbc7c1c",
      "guid": "36715dc9-1667-4f9b-89b8-7571dc53db72",
      "guid_device": "C0680226",
      "HR": 88,
      "RR": 743,
      "rrRMS": 726,
      "date_created": "30-05-2024",
      "time_created": "19:17:44",
      "date_update": "30-05-2024",
      "time_update": "19:17:44",
      "timestamp": 1717071465,
      "date": "30-05-2024",
      "time": "19:17:44",
      "hour": "19",
      "year": "2024",
      "datetime": "30-05-2024 07:17:44",
      "create_at": "2024-05-30T12:17:44.874Z",
      "isChecked": false
    },
    {
      "_id": "66586e6a57a4d4a2acbc7c1f",
      "guid": "23c8c3bb-3b38-42ee-a036-42b9dc2907dd",
      "guid_device": "C0680226",
      "HR": 87,
      "RR": 721,
      "rrRMS": 704,
      "date_created": "30-05-2024",
      "time_created": "19:17:46",
      "date_update": "30-05-2024",
      "time_update": "19:17:46",
      "timestamp": 1717071466,
      "date": "30-05-2024",
      "time": "19:17:46",
      "hour": "19",
      "year": "2024",
      "datetime": "30-05-2024 07:17:46",
      "create_at": "2024-05-30T12:17:46.297Z",
      "isChecked": false
    },
    {
      "_id": "66586e6c57a4d4a2acbc7c22",
      "guid": "f6be53e1-9feb-4a93-a0b5-6fbc9f241759",
      "guid_device": "C0680226",
      "HR": 86,
      "RR": 691,
      "rrRMS": 675,
      "date_created": "30-05-2024",
      "time_created": "19:17:48",
      "date_update": "30-05-2024",
      "time_update": "19:17:48",
      "timestamp": 1717071468,
      "date": "30-05-2024",
      "time": "19:17:48",
      "hour": "19",
      "year": "2024",
      "datetime": "30-05-2024 07:17:48",
      "create_at": "2024-05-30T12:17:48.224Z",
      "isChecked": false
    },
    {
      "_id": "66586e6e57a4d4a2acbc7c24",
      "guid": "cc334c4e-2f40-4c0d-91da-479c528dbd55",
      "guid_device": "C0680226",
      "HR": 86,
      "RR": 713,
      "rrRMS": 696,
      "date_created": "30-05-2024",
      "time_created": "19:17:50",
      "date_update": "30-05-2024",
      "time_update": "19:17:50",
      "timestamp": 1717071470,
      "date": "30-05-2024",
      "time": "19:17:50",
      "hour": "19",
      "year": "2024",
      "datetime": "30-05-2024 07:17:50",
      "create_at": "2024-05-30T12:17:50.147Z",
      "isChecked": false
    },
    {
      "_id": "66586e6f57a4d4a2acbc7c27",
      "guid": "8c8a115a-344d-4c7c-90fc-e21399c68138",
      "guid_device": "C0680226",
      "HR": 86,
      "RR": 723,
      "rrRMS": 706,
      "date_created": "30-05-2024",
      "time_created": "19:17:51",
      "date_update": "30-05-2024",
      "time_update": "19:17:51",
      "timestamp": 1717071471,
      "date": "30-05-2024",
      "time": "19:17:51",
      "hour": "19",
      "year": "2024",
      "datetime": "30-05-2024 07:17:51",
      "create_at": "2024-05-30T12:17:51.100Z",
      "isChecked": false
    },
    {
      "_id": "66586e7157a4d4a2acbc7c2a",
      "guid": "58ee40e4-9fa5-4915-8b2f-24261edb7f5a",
      "guid_device": "C0680226",
      "HR": 86,
      "RR": 715,
      "rrRMS": 698,
      "date_created": "30-05-2024",
      "time_created": "19:17:53",
      "date_update": "30-05-2024",
      "time_update": "19:17:53",
      "timestamp": 1717071474,
      "date": "30-05-2024",
      "time": "19:17:53",
      "hour": "19",
      "year": "2024",
      "datetime": "30-05-2024 07:17:53",
      "create_at": "2024-05-30T12:17:53.507Z",
      "isChecked": false
    },
    {
      "_id": "66586e7257a4d4a2acbc7c2c",
      "guid": "689737fd-64b5-4378-85ee-ca8c3853c44b",
      "guid_device": "C0680226",
      "HR": 86,
      "RR": 737,
      "rrRMS": 720,
      "date_created": "30-05-2024",
      "time_created": "19:17:54",
      "date_update": "30-05-2024",
      "time_update": "19:17:54",
      "timestamp": 1717071474,
      "date": "30-05-2024",
      "time": "19:17:54",
      "hour": "19",
      "year": "2024",
      "datetime": "30-05-2024 07:17:54",
      "create_at": "2024-05-30T12:17:54.463Z",
      "isChecked": false
    },
    {
      "_id": "66586e7457a4d4a2acbc7c2f",
      "guid": "a67837a4-e683-4ae5-bcfb-8e4caa72554b",
      "guid_device": "C0680226",
      "HR": 86,
      "RR": 715,
      "rrRMS": 698,
      "date_created": "30-05-2024",
      "time_created": "19:17:56",
      "date_update": "30-05-2024",
      "time_update": "19:17:56",
      "timestamp": 1717071476,
      "date": "30-05-2024",
      "time": "19:17:56",
      "hour": "19",
      "year": "2024",
      "datetime": "30-05-2024 07:17:56",
      "create_at": "2024-05-30T12:17:56.390Z",
      "isChecked": false
    },
    {
      "_id": "66586e7657a4d4a2acbc7c31",
      "guid": "ce1285ac-0e97-4766-b348-6a89a51a3454",
      "guid_device": "C0680226",
      "HR": 86,
      "RR": 691,
      "rrRMS": 675,
      "date_created": "30-05-2024",
      "time_created": "19:17:58",
      "date_update": "30-05-2024",
      "time_update": "19:17:58",
      "timestamp": 1717071479,
      "date": "30-05-2024",
      "time": "19:17:58",
      "hour": "19",
      "year": "2024",
      "datetime": "30-05-2024 07:17:58",
      "create_at": "2024-05-30T12:17:58.806Z",
      "isChecked": false
    },
    {
      "_id": "66586e7857a4d4a2acbc7c35",
      "guid": "96c24768-103d-440e-83bc-0830b110470e",
      "guid_device": "C0680226",
      "HR": 87,
      "RR": 680,
      "rrRMS": 664,
      "date_created": "30-05-2024",
      "time_created": "19:18:00",
      "date_update": "30-05-2024",
      "time_update": "19:18:00",
      "timestamp": 1717071480,
      "date": "30-05-2024",
      "time": "19:18:00",
      "hour": "19",
      "year": "2024",
      "datetime": "30-05-2024 07:18:00",
      "create_at": "2024-05-30T12:18:00.267Z",
      "isChecked": false
    },
    {
      "_id": "66586e7a57a4d4a2acbc7c38",
      "guid": "49991198-031b-467f-aadd-126d53c6c9ce",
      "guid_device": "C0680226",
      "HR": 88,
      "RR": 676,
      "rrRMS": 660,
      "date_created": "30-05-2024",
      "time_created": "19:18:02",
      "date_update": "30-05-2024",
      "time_update": "19:18:02",
      "timestamp": 1717071482,
      "date": "30-05-2024",
      "time": "19:18:02",
      "hour": "19",
      "year": "2024",
      "datetime": "30-05-2024 07:18:02",
      "create_at": "2024-05-30T12:18:02.153Z",
      "isChecked": false
    },
    {
      "_id": "66586e7c57a4d4a2acbc7c3b",
      "guid": "7b3a0883-2add-4094-97a6-1e65fcc80a8a",
      "guid_device": "C0680226",
      "HR": 89,
      "RR": 686,
      "rrRMS": 670,
      "date_created": "30-05-2024",
      "time_created": "19:18:04",
      "date_update": "30-05-2024",
      "time_update": "19:18:04",
      "timestamp": 1717071484,
      "date": "30-05-2024",
      "time": "19:18:04",
      "hour": "19",
      "year": "2024",
      "datetime": "30-05-2024 07:18:04",
      "create_at": "2024-05-30T12:18:04.058Z",
      "isChecked": false
    },
    {
      "_id": "66586e7e57a4d4a2acbc7c3e",
      "guid": "131b44aa-f6e9-4677-a6e6-fa7055c0fcfc",
      "guid_device": "C0680226",
      "HR": 89,
      "RR": 682,
      "rrRMS": 666,
      "date_created": "30-05-2024",
      "time_created": "19:18:06",
      "date_update": "30-05-2024",
      "time_update": "19:18:06",
      "timestamp": 1717071486,
      "date": "30-05-2024",
      "time": "19:18:06",
      "hour": "19",
      "year": "2024",
      "datetime": "30-05-2024 07:18:06",
      "create_at": "2024-05-30T12:18:06.474Z",
      "isChecked": false
    },
    {
      "_id": "66586e8057a4d4a2acbc7c41",
      "guid": "b6ffbbe3-cece-4555-bbbf-bb2fda788bae",
      "guid_device": "C0680226",
      "HR": 89,
      "RR": 669,
      "rrRMS": 653,
      "date_created": "30-05-2024",
      "time_created": "19:18:08",
      "date_update": "30-05-2024",
      "time_update": "19:18:08",
      "timestamp": 1717071488,
      "date": "30-05-2024",
      "time": "19:18:08",
      "hour": "19",
      "year": "2024",
      "datetime": "30-05-2024 07:18:08",
      "create_at": "2024-05-30T12:18:08.397Z",
      "isChecked": false
    },
    {
      "_id": "66586e8357a4d4a2acbc7c45",
      "guid": "ba671f83-f218-4de9-a1d7-d7df6e0cc302",
      "guid_device": "C0680226",
      "HR": 91,
      "RR": 656,
      "rrRMS": 641,
      "date_created": "30-05-2024",
      "time_created": "19:18:11",
      "date_update": "30-05-2024",
      "time_update": "19:18:11",
      "timestamp": 1717071491,
      "date": "30-05-2024",
      "time": "19:18:11",
      "hour": "19",
      "year": "2024",
      "datetime": "30-05-2024 07:18:11",
      "create_at": "2024-05-30T12:18:11.280Z",
      "isChecked": false
    },
    {
      "_id": "66586e8557a4d4a2acbc7c48",
      "guid": "a0698bf4-4836-48f3-8e93-cb9723edce31",
      "guid_device": "C0680226",
      "HR": 92,
      "RR": 628,
      "rrRMS": 613,
      "date_created": "30-05-2024",
      "time_created": "19:18:13",
      "date_update": "30-05-2024",
      "time_update": "19:18:13",
      "timestamp": 1717071493,
      "date": "30-05-2024",
      "time": "19:18:13",
      "hour": "19",
      "year": "2024",
      "datetime": "30-05-2024 07:18:13",
      "create_at": "2024-05-30T12:18:13.227Z",
      "isChecked": false
    },
    {
      "_id": "66586e8957a4d4a2acbc7c4c",
      "guid": "67310c83-99b2-42dc-995b-005d89758f86",
      "guid_device": "C0680226",
      "HR": 96,
      "RR": 629,
      "rrRMS": 614,
      "date_created": "30-05-2024",
      "time_created": "19:18:17",
      "date_update": "30-05-2024",
      "time_update": "19:18:17",
      "timestamp": 1717071497,
      "date": "30-05-2024",
      "time": "19:18:17",
      "hour": "19",
      "year": "2024",
      "datetime": "30-05-2024 07:18:17",
      "create_at": "2024-05-30T12:18:17.028Z",
      "isChecked": false
    },
    {
      "_id": "66586e9857a4d4a2acbc7c51",
      "guid": "17983039-391b-4d9f-b442-b29ba5f024c6",
      "guid_device": "C0680226",
      "HR": 99,
      "RR": 618,
      "rrRMS": 604,
      "date_created": "30-05-2024",
      "time_created": "19:18:32",
      "date_update": "30-05-2024",
      "time_update": "19:18:32",
      "timestamp": 1717071512,
      "date": "30-05-2024",
      "time": "19:18:32",
      "hour": "19",
      "year": "2024",
      "datetime": "30-05-2024 07:18:32",
      "create_at": "2024-05-30T12:18:32.318Z",
      "isChecked": false
    },
    {
      "_id": "66586e9b57a4d4a2acbc7c55",
      "guid": "eacee2c0-9594-4cb1-abc7-8cfa661d45e1",
      "guid_device": "C0680226",
      "HR": 100,
      "RR": 601,
      "rrRMS": 587,
      "date_created": "30-05-2024",
      "time_created": "19:18:35",
      "date_update": "30-05-2024",
      "time_update": "19:18:35",
      "timestamp": 1717071515,
      "date": "30-05-2024",
      "time": "19:18:35",
      "hour": "19",
      "year": "2024",
      "datetime": "30-05-2024 07:18:35",
      "create_at": "2024-05-30T12:18:35.097Z",
      "isChecked": false
    },
    {
      "_id": "66586e9d57a4d4a2acbc7c58",
      "guid": "9587c209-4758-493c-9a30-ac7b44dfff31",
      "guid_device": "C0680226",
      "HR": 100,
      "RR": 634,
      "rrRMS": 619,
      "date_created": "30-05-2024",
      "time_created": "19:18:37",
      "date_update": "30-05-2024",
      "time_update": "19:18:37",
      "timestamp": 1717071517,
      "date": "30-05-2024",
      "time": "19:18:37",
      "hour": "19",
      "year": "2024",
      "datetime": "30-05-2024 07:18:37",
      "create_at": "2024-05-30T12:18:37.073Z",
      "isChecked": false
    },
    {
      "_id": "66586e9f57a4d4a2acbc7c5b",
      "guid": "0555839c-11b8-43ca-ba06-d76d5c15ab94",
      "guid_device": "C0680226",
      "HR": 98,
      "RR": 663,
      "rrRMS": 647,
      "date_created": "30-05-2024",
      "time_created": "19:18:39",
      "date_update": "30-05-2024",
      "time_update": "19:18:39",
      "timestamp": 1717071519,
      "date": "30-05-2024",
      "time": "19:18:39",
      "hour": "19",
      "year": "2024",
      "datetime": "30-05-2024 07:18:39",
      "create_at": "2024-05-30T12:18:39.069Z",
      "isChecked": false
    },
    {
      "_id": "66586ea257a4d4a2acbc7c5f",
      "guid": "23c1a6f7-a343-4235-888a-0cd05ce3808e",
      "guid_device": "C0680226",
      "HR": 95,
      "RR": 665,
      "rrRMS": 649,
      "date_created": "30-05-2024",
      "time_created": "19:18:42",
      "date_update": "30-05-2024",
      "time_update": "19:18:42",
      "timestamp": 1717071522,
      "date": "30-05-2024",
      "time": "19:18:42",
      "hour": "19",
      "year": "2024",
      "datetime": "30-05-2024 07:18:42",
      "create_at": "2024-05-30T12:18:42.095Z",
      "isChecked": false
    },
    {
      "_id": "66586ea557a4d4a2acbc7c63",
      "guid": "e8abb1b9-3789-4a60-a7eb-968bf0857cfb",
      "guid_device": "C0680226",
      "HR": 96,
      "RR": 609,
      "rrRMS": 595,
      "date_created": "30-05-2024",
      "time_created": "19:18:45",
      "date_update": "30-05-2024",
      "time_update": "19:18:45",
      "timestamp": 1717071525,
      "date": "30-05-2024",
      "time": "19:18:45",
      "hour": "19",
      "year": "2024",
      "datetime": "30-05-2024 07:18:45",
      "create_at": "2024-05-30T12:18:45.176Z",
      "isChecked": false
    },
    {
      "_id": "66586ea957a4d4a2acbc7c68",
      "guid": "6e223b3e-45b3-4927-9723-75b388b6695a",
      "guid_device": "C0680226",
      "HR": 99,
      "RR": 627,
      "rrRMS": 612,
      "date_created": "30-05-2024",
      "time_created": "19:18:49",
      "date_update": "30-05-2024",
      "time_update": "19:18:49",
      "timestamp": 1717071529,
      "date": "30-05-2024",
      "time": "19:18:49",
      "hour": "19",
      "year": "2024",
      "datetime": "30-05-2024 07:18:49",
      "create_at": "2024-05-30T12:18:49.091Z",
      "isChecked": false
    },
    {
      "_id": "66586eab57a4d4a2acbc7c6b",
      "guid": "cf2fb3b2-fd5e-4573-bf8c-4bd6150e7ab9",
      "guid_device": "C0680226",
      "HR": 99,
      "RR": 619,
      "rrRMS": 604,
      "date_created": "30-05-2024",
      "time_created": "19:18:51",
      "date_update": "30-05-2024",
      "time_update": "19:18:51",
      "timestamp": 1717071531,
      "date": "30-05-2024",
      "time": "19:18:51",
      "hour": "19",
      "year": "2024",
      "datetime": "30-05-2024 07:18:51",
      "create_at": "2024-05-30T12:18:51.075Z",
      "isChecked": false
    },
    {
      "_id": "66586eae57a4d4a2acbc7c6f",
      "guid": "84e00e21-aa16-45a2-935e-148a9f40bb4a",
      "guid_device": "C0680226",
      "HR": 100,
      "RR": 624,
      "rrRMS": 609,
      "date_created": "30-05-2024",
      "time_created": "19:18:54",
      "date_update": "30-05-2024",
      "time_update": "19:18:54",
      "timestamp": 1717071534,
      "date": "30-05-2024",
      "time": "19:18:54",
      "hour": "19",
      "year": "2024",
      "datetime": "30-05-2024 07:18:54",
      "create_at": "2024-05-30T12:18:54.078Z",
      "isChecked": false
    },
    {
      "_id": "66586eb157a4d4a2acbc7c73",
      "guid": "df7399be-54b5-4952-b706-cba0ac9c4e3c",
      "guid_device": "C0680226",
      "HR": 100,
      "RR": 608,
      "rrRMS": 594,
      "date_created": "30-05-2024",
      "time_created": "19:18:57",
      "date_update": "30-05-2024",
      "time_update": "19:18:57",
      "timestamp": 1717071537,
      "date": "30-05-2024",
      "time": "19:18:57",
      "hour": "19",
      "year": "2024",
      "datetime": "30-05-2024 07:18:57",
      "create_at": "2024-05-30T12:18:57.339Z",
      "isChecked": false
    },
    {
      "_id": "66586eb457a4d4a2acbc7c77",
      "guid": "b91164a0-58fa-45a3-a54f-1b24286c57db",
      "guid_device": "C0680226",
      "HR": 100,
      "RR": 599,
      "rrRMS": 585,
      "date_created": "30-05-2024",
      "time_created": "19:19:00",
      "date_update": "30-05-2024",
      "time_update": "19:19:00",
      "timestamp": 1717071541,
      "date": "30-05-2024",
      "time": "19:19:00",
      "hour": "19",
      "year": "2024",
      "datetime": "30-05-2024 07:19:00",
      "create_at": "2024-05-30T12:19:00.784Z",
      "isChecked": false
    },
    {
      "_id": "66586eb857a4d4a2acbc7c7c",
      "guid": "f5e9771c-97e6-4b88-a788-960d15376ab8",
      "guid_device": "C0680226",
      "HR": 103,
      "RR": 585,
      "rrRMS": 571,
      "date_created": "30-05-2024",
      "time_created": "19:19:04",
      "date_update": "30-05-2024",
      "time_update": "19:19:04",
      "timestamp": 1717071545,
      "date": "30-05-2024",
      "time": "19:19:04",
      "hour": "19",
      "year": "2024",
      "datetime": "30-05-2024 07:19:04",
      "create_at": "2024-05-30T12:19:04.612Z",
      "isChecked": false
    },
    {
      "_id": "66586ec057a4d4a2acbc7c7f",
      "guid": "ffcd39bb-b275-4e33-ab12-a43bd82eaee9",
      "guid_device": "C0680226",
      "HR": 104,
      "RR": 619,
      "rrRMS": 604,
      "date_created": "30-05-2024",
      "time_created": "19:19:12",
      "date_update": "30-05-2024",
      "time_update": "19:19:12",
      "timestamp": 1717071552,
      "date": "30-05-2024",
      "time": "19:19:12",
      "hour": "19",
      "year": "2024",
      "datetime": "30-05-2024 07:19:12",
      "create_at": "2024-05-30T12:19:12.266Z",
      "isChecked": false
    },
    {
      "_id": "66586ec357a4d4a2acbc7c82",
      "guid": "1ec8c6e6-b399-40a1-b4c9-4c7d7d15c84b",
      "guid_device": "C0680226",
      "HR": 101,
      "RR": 650,
      "rrRMS": 635,
      "date_created": "30-05-2024",
      "time_created": "19:19:15",
      "date_update": "30-05-2024",
      "time_update": "19:19:15",
      "timestamp": 1717071555,
      "date": "30-05-2024",
      "time": "19:19:15",
      "hour": "19",
      "year": "2024",
      "datetime": "30-05-2024 07:19:15",
      "create_at": "2024-05-30T12:19:15.121Z",
      "isChecked": false
    },
    {
      "_id": "66586ec357a4d4a2acbc7c85",
      "guid": "c769a574-b8b6-4775-9386-43aa4579ce42",
      "guid_device": "C0680226",
      "HR": 97,
      "RR": 694,
      "rrRMS": 678,
      "date_created": "30-05-2024",
      "time_created": "19:19:15",
      "date_update": "30-05-2024",
      "time_update": "19:19:15",
      "timestamp": 1717071556,
      "date": "30-05-2024",
      "time": "19:19:15",
      "hour": "19",
      "year": "2024",
      "datetime": "30-05-2024 07:19:15",
      "create_at": "2024-05-30T12:19:15.598Z",
      "isChecked": false
    },
    {
      "_id": "66586ec557a4d4a2acbc7c89",
      "guid": "b37c2972-fd93-43e7-8719-005d0a88fe84",
      "guid_device": "C0680226",
      "HR": 94,
      "RR": 730,
      "rrRMS": 713,
      "date_created": "30-05-2024",
      "time_created": "19:19:17",
      "date_update": "30-05-2024",
      "time_update": "19:19:17",
      "timestamp": 1717071558,
      "date": "30-05-2024",
      "time": "19:19:17",
      "hour": "19",
      "year": "2024",
      "datetime": "30-05-2024 07:19:17",
      "create_at": "2024-05-30T12:19:17.543Z",
      "isChecked": false
    }
  ]
}