{
  "hrvMetrics": {
    "pnn50": 0,
    "dfa": null,
    "minRR": 947,
    "maxRR": 955,
    "rmssd": 5.656854249492381,
    "sdnn": 5.656854249492381,
    "hf": 0,
    "lf": 0,
    "lfhratio": null,
    "s1": 4,
    "s2": 1342.0916511177618
  },
  "filteredData": [
    {
      "HR": 62,
      "RR": 955
    },
    {
      "HR": 62,
      "RR": 947
    },
    {
      "HR": 62,
      "RR": 947
    }
  ],
  "raw": [
    {
      "_id": "646647c69e2cea24d973af26",
      "guid": "4d71f377-e0ef-44c6-b587-9777f8e3095a",
      "guid_device": "C0680226",
      "HR": 62,
      "RR": 955,
      "rrRMS": 933,
      "date_created": "18-05-2023",
      "time_created": "22:44:06",
      "date_update": "18-05-2023",
      "time_update": "22:44:06",
      "timestamp": 1684424646,
      "date": "18-05-2023",
      "time": "22:44:06",
      "hour": "22",
      "year": "2023",
      "datetime": "18-05-2023 10:44:06",
      "create_at": "2023-05-18T15:44:06.308Z",
      "isChecked": false
    },
    {
      "_id": "646647c79e2cea24d973af28",
      "guid": "6267361b-7375-43b6-932f-b32fae5fc7a2",
      "guid_device": "C0680226",
      "HR": 62,
      "RR": 947,
      "rrRMS": 925,
      "date_created": "18-05-2023",
      "time_created": "22:44:07",
      "date_update": "18-05-2023",
      "time_update": "22:44:07",
      "timestamp": 1684424647,
      "date": "18-05-2023",
      "time": "22:44:07",
      "hour": "22",
      "year": "2023",
      "datetime": "18-05-2023 10:44:07",
      "create_at": "2023-05-18T15:44:07.049Z",
      "isChecked": false
    },
    {
      "_id": "646647c79e2cea24d973af2a",
      "guid": "fb37ff7c-4c78-43ac-ae37-92335712477b",
      "guid_device": "C0680226",
      "HR": 62,
      "RR": 947,
      "rrRMS": 925,
      "date_created": "18-05-2023",
      "time_created": "22:44:07",
      "date_update": "18-05-2023",
      "time_update": "22:44:07",
      "timestamp": 1684424647,
      "date": "18-05-2023",
      "time": "22:44:07",
      "hour": "22",
      "year": "2023",
      "datetime": "18-05-2023 10:44:07",
      "create_at": "2023-05-18T15:44:07.052Z",
      "isChecked": false
    },
    {
      "_id": "646647c89e2cea24d973af2c",
      "guid": "f121dcc3-bfd1-4172-809a-b57d0bf5965f",
      "guid_device": "C0680226",
      "HR": 62,
      "RR": 967,
      "rrRMS": 944,
      "date_created": "18-05-2023",
      "time_created": "22:44:08",
      "date_update": "18-05-2023",
      "time_update": "22:44:08",
      "timestamp": 1684424648,
      "date": "18-05-2023",
      "time": "22:44:08",
      "hour": "22",
      "year": "2023",
      "datetime": "18-05-2023 10:44:08",
      "create_at": "2023-05-18T15:44:08.176Z",
      "isChecked": false
    },
    {
      "_id": "646647c89e2cea24d973af2e",
      "guid": "1a39a868-8d1d-4291-85a3-53e427f79f9f",
      "guid_device": "C0680226",
      "HR": 62,
      "RR": 967,
      "rrRMS": 944,
      "date_created": "18-05-2023",
      "time_created": "22:44:08",
      "date_update": "18-05-2023",
      "time_update": "22:44:08",
      "timestamp": 1684424648,
      "date": "18-05-2023",
      "time": "22:44:08",
      "hour": "22",
      "year": "2023",
      "datetime": "18-05-2023 10:44:08",
      "create_at": "2023-05-18T15:44:08.179Z",
      "isChecked": false
    }
  ]
}