{
  "hrvMetrics": {
    "sdnn": null,
    "rmssd": null,
    "pnn50": null,
    "s1": null,
    "s2": null
  },
  "filteredData": [
    {
      "HR": 103,
      "RR": 601
    }
  ],
  "raw": [
    {
      "_id": "66cf090231fda2cdb8a89344",
      "guid": "c1ed13fa-1110-47e1-9493-f4bd8a9d0807",
      "guid_device": "C0680226",
      "HR": 103,
      "RR": 601,
      "rrRMS": 587,
      "date_created": "28-08-2024",
      "time_created": "18:24:50",
      "date_update": "28-08-2024",
      "time_update": "18:24:50",
      "timestamp": 1724844290,
      "date": "28-08-2024",
      "time": "18:24:50",
      "hour": "18",
      "year": "2024",
      "datetime": "28-08-2024 06:24:50",
      "create_at": "2024-08-28T11:24:50.110Z",
      "isChecked": false
    },
    {
      "_id": "66cf090631fda2cdb8a8934a",
      "guid": "6bf252ca-6e31-4838-8abe-e109110dac3f",
      "guid_device": "C0680226",
      "HR": 101,
      "RR": 712,
      "rrRMS": 695,
      "date_created": "28-08-2024",
      "time_created": "18:24:54",
      "date_update": "28-08-2024",
      "time_update": "18:24:54",
      "timestamp": 1724844294,
      "date": "28-08-2024",
      "time": "18:24:54",
      "hour": "18",
      "year": "2024",
      "datetime": "28-08-2024 06:24:54",
      "create_at": "2024-08-28T11:24:54.069Z",
      "isChecked": false
    },
    {
      "_id": "66cf090831fda2cdb8a8934d",
      "guid": "51a9bfa0-c46f-4ed9-a33f-60a3d2f663f8",
      "guid_device": "C0680226",
      "HR": 100,
      "RR": 578,
      "rrRMS": 564,
      "date_created": "28-08-2024",
      "time_created": "18:24:56",
      "date_update": "28-08-2024",
      "time_update": "18:24:56",
      "timestamp": 1724844296,
      "date": "28-08-2024",
      "time": "18:24:56",
      "hour": "18",
      "year": "2024",
      "datetime": "28-08-2024 06:24:56",
      "create_at": "2024-08-28T11:24:56.109Z",
      "isChecked": false
    },
    {
      "_id": "66cf090a31fda2cdb8a89350",
      "guid": "0b2ab733-cfd2-4ab9-ad10-21b797671261",
      "guid_device": "C0680226",
      "HR": 102,
      "RR": 594,
      "rrRMS": 580,
      "date_created": "28-08-2024",
      "time_created": "18:24:58",
      "date_update": "28-08-2024",
      "time_update": "18:24:58",
      "timestamp": 1724844298,
      "date": "28-08-2024",
      "time": "18:24:58",
      "hour": "18",
      "year": "2024",
      "datetime": "28-08-2024 06:24:58",
      "create_at": "2024-08-28T11:24:58.078Z",
      "isChecked": false
    },
    {
      "_id": "66cf090e31fda2cdb8a89355",
      "guid": "160e10c3-025b-4a10-a50b-8796f1a5fd6e",
      "guid_device": "C0680226",
      "HR": 103,
      "RR": 597,
      "rrRMS": 583,
      "date_created": "28-08-2024",
      "time_created": "18:25:02",
      "date_update": "28-08-2024",
      "time_update": "18:25:02",
      "timestamp": 1724844302,
      "date": "28-08-2024",
      "time": "18:25:02",
      "hour": "18",
      "year": "2024",
      "datetime": "28-08-2024 06:25:02",
      "create_at": "2024-08-28T11:25:02.107Z",
      "isChecked": false
    },
    {
      "_id": "66cf091131fda2cdb8a89359",
      "guid": "56774662-4783-472e-975c-31a605bdf97d",
      "guid_device": "C0680226",
      "HR": 103,
      "RR": 601,
      "rrRMS": 587,
      "date_created": "28-08-2024",
      "time_created": "18:25:05",
      "date_update": "28-08-2024",
      "time_update": "18:25:05",
      "timestamp": 1724844305,
      "date": "28-08-2024",
      "time": "18:25:05",
      "hour": "18",
      "year": "2024",
      "datetime": "28-08-2024 06:25:05",
      "create_at": "2024-08-28T11:25:05.096Z",
      "isChecked": false
    },
    {
      "_id": "66cf091531fda2cdb8a8935e",
      "guid": "a8ef63c5-0d1d-49c3-af36-44d10bab17ca",
      "guid_device": "C0680226",
      "HR": 104,
      "RR": 592,
      "rrRMS": 578,
      "date_created": "28-08-2024",
      "time_created": "18:25:09",
      "date_update": "28-08-2024",
      "time_update": "18:25:09",
      "timestamp": 1724844309,
      "date": "28-08-2024",
      "time": "18:25:09",
      "hour": "18",
      "year": "2024",
      "datetime": "28-08-2024 06:25:09",
      "create_at": "2024-08-28T11:25:09.089Z",
      "isChecked": false
    },
    {
      "_id": "66cf091931fda2cdb8a89363",
      "guid": "514fd4c7-f79b-44eb-96cb-ecda2983e2d5",
      "guid_device": "C0680226",
      "HR": 104,
      "RR": 595,
      "rrRMS": 581,
      "date_created": "28-08-2024",
      "time_created": "18:25:13",
      "date_update": "28-08-2024",
      "time_update": "18:25:13",
      "timestamp": 1724844313,
      "date": "28-08-2024",
      "time": "18:25:13",
      "hour": "18",
      "year": "2024",
      "datetime": "28-08-2024 06:25:13",
      "create_at": "2024-08-28T11:25:13.085Z",
      "isChecked": false
    },
    {
      "_id": "66cf091c31fda2cdb8a89367",
      "guid": "01ced21c-1e3e-4ab6-a965-737c901b2682",
      "guid_device": "C0680226",
      "HR": 103,
      "RR": 599,
      "rrRMS": 585,
      "date_created": "28-08-2024",
      "time_created": "18:25:16",
      "date_update": "28-08-2024",
      "time_update": "18:25:16",
      "timestamp": 1724844316,
      "date": "28-08-2024",
      "time": "18:25:16",
      "hour": "18",
      "year": "2024",
      "datetime": "28-08-2024 06:25:16",
      "create_at": "2024-08-28T11:25:16.073Z",
      "isChecked": false
    },
    {
      "_id": "66cf091f31fda2cdb8a8936b",
      "guid": "86c586a4-80c9-49f2-a35b-c79c228da52c",
      "guid_device": "C0680226",
      "HR": 102,
      "RR": 593,
      "rrRMS": 579,
      "date_created": "28-08-2024",
      "time_created": "18:25:19",
      "date_update": "28-08-2024",
      "time_update": "18:25:19",
      "timestamp": 1724844319,
      "date": "28-08-2024",
      "time": "18:25:19",
      "hour": "18",
      "year": "2024",
      "datetime": "28-08-2024 06:25:19",
      "create_at": "2024-08-28T11:25:19.074Z",
      "isChecked": false
    },
    {
      "_id": "66cf092331fda2cdb8a89370",
      "guid": "ddfc9aa7-e021-471c-befa-e228e5e6dffe",
      "guid_device": "C0680226",
      "HR": 104,
      "RR": 582,
      "rrRMS": 568,
      "date_created": "28-08-2024",
      "time_created": "18:25:23",
      "date_update": "28-08-2024",
      "time_update": "18:25:23",
      "timestamp": 1724844323,
      "date": "28-08-2024",
      "time": "18:25:23",
      "hour": "18",
      "year": "2024",
      "datetime": "28-08-2024 06:25:23",
      "create_at": "2024-08-28T11:25:23.050Z",
      "isChecked": false
    },
    {
      "_id": "66cf092531fda2cdb8a89373",
      "guid": "56926465-5dc8-4d01-be3d-8a8ce8d67acc",
      "guid_device": "C0680226",
      "HR": 104,
      "RR": 598,
      "rrRMS": 584,
      "date_created": "28-08-2024",
      "time_created": "18:25:25",
      "date_update": "28-08-2024",
      "time_update": "18:25:25",
      "timestamp": 1724844325,
      "date": "28-08-2024",
      "time": "18:25:25",
      "hour": "18",
      "year": "2024",
      "datetime": "28-08-2024 06:25:25",
      "create_at": "2024-08-28T11:25:25.085Z",
      "isChecked": false
    },
    {
      "_id": "66cf092731fda2cdb8a89376",
      "guid": "57c6f229-4dcf-4412-8ca1-f643ecd14fc9",
      "guid_device": "C0680226",
      "HR": 104,
      "RR": 1216,
      "rrRMS": 1188,
      "date_created": "28-08-2024",
      "time_created": "18:25:27",
      "date_update": "28-08-2024",
      "time_update": "18:25:27",
      "timestamp": 1724844327,
      "date": "28-08-2024",
      "time": "18:25:27",
      "hour": "18",
      "year": "2024",
      "datetime": "28-08-2024 06:25:27",
      "create_at": "2024-08-28T11:25:27.091Z",
      "isChecked": false
    },
    {
      "_id": "66cf092831fda2cdb8a89378",
      "guid": "0d784041-8b3f-4774-b2b8-ec96a3d0f917",
      "guid_device": "C0680226",
      "HR": 103,
      "RR": 594,
      "rrRMS": 580,
      "date_created": "28-08-2024",
      "time_created": "18:25:28",
      "date_update": "28-08-2024",
      "time_update": "18:25:28",
      "timestamp": 1724844328,
      "date": "28-08-2024",
      "time": "18:25:28",
      "hour": "18",
      "year": "2024",
      "datetime": "28-08-2024 06:25:28",
      "create_at": "2024-08-28T11:25:28.070Z",
      "isChecked": false
    },
    {
      "_id": "66cf092b31fda2cdb8a8937c",
      "guid": "25c5199a-9636-4a70-851d-c21236b81e24",
      "guid_device": "C0680226",
      "HR": 103,
      "RR": 355,
      "rrRMS": 347,
      "date_created": "28-08-2024",
      "time_created": "18:25:31",
      "date_update": "28-08-2024",
      "time_update": "18:25:31",
      "timestamp": 1724844331,
      "date": "28-08-2024",
      "time": "18:25:31",
      "hour": "18",
      "year": "2024",
      "datetime": "28-08-2024 06:25:31",
      "create_at": "2024-08-28T11:25:31.075Z",
      "isChecked": false
    },
    {
      "_id": "66cf092c31fda2cdb8a8937e",
      "guid": "f0df42f0-f1bc-40cc-af94-7788adeed2a2",
      "guid_device": "C0680226",
      "HR": 103,
      "RR": 844,
      "rrRMS": 824,
      "date_created": "28-08-2024",
      "time_created": "18:25:32",
      "date_update": "28-08-2024",
      "time_update": "18:25:32",
      "timestamp": 1724844332,
      "date": "28-08-2024",
      "time": "18:25:32",
      "hour": "18",
      "year": "2024",
      "datetime": "28-08-2024 06:25:32",
      "create_at": "2024-08-28T11:25:32.068Z",
      "isChecked": false
    },
    {
      "_id": "66cf092e31fda2cdb8a89381",
      "guid": "e13522a7-dd18-4e4e-83f8-02fa368762a2",
      "guid_device": "C0680226",
      "HR": 103,
      "RR": 603,
      "rrRMS": 589,
      "date_created": "28-08-2024",
      "time_created": "18:25:34",
      "date_update": "28-08-2024",
      "time_update": "18:25:34",
      "timestamp": 1724844334,
      "date": "28-08-2024",
      "time": "18:25:34",
      "hour": "18",
      "year": "2024",
      "datetime": "28-08-2024 06:25:34",
      "create_at": "2024-08-28T11:25:34.129Z",
      "isChecked": false
    },
    {
      "_id": "66cf093131fda2cdb8a89385",
      "guid": "668b2eae-8b2f-408a-bc3d-c16ec5902808",
      "guid_device": "C0680226",
      "HR": 103,
      "RR": 607,
      "rrRMS": 593,
      "date_created": "28-08-2024",
      "time_created": "18:25:37",
      "date_update": "28-08-2024",
      "time_update": "18:25:37",
      "timestamp": 1724844337,
      "date": "28-08-2024",
      "time": "18:25:37",
      "hour": "18",
      "year": "2024",
      "datetime": "28-08-2024 06:25:37",
      "create_at": "2024-08-28T11:25:37.068Z",
      "isChecked": false
    },
    {
      "_id": "66cf093331fda2cdb8a89388",
      "guid": "e723d4f6-3e9f-4ddf-925d-695b63490646",
      "guid_device": "C0680226",
      "HR": 103,
      "RR": 585,
      "rrRMS": 571,
      "date_created": "28-08-2024",
      "time_created": "18:25:39",
      "date_update": "28-08-2024",
      "time_update": "18:25:39",
      "timestamp": 1724844339,
      "date": "28-08-2024",
      "time": "18:25:39",
      "hour": "18",
      "year": "2024",
      "datetime": "28-08-2024 06:25:39",
      "create_at": "2024-08-28T11:25:39.100Z",
      "isChecked": false
    },
    {
      "_id": "66cf093531fda2cdb8a8938b",
      "guid": "e794dac4-cdf5-4409-ad56-871b03650a89",
      "guid_device": "C0680226",
      "HR": 105,
      "RR": 572,
      "rrRMS": 559,
      "date_created": "28-08-2024",
      "time_created": "18:25:41",
      "date_update": "28-08-2024",
      "time_update": "18:25:41",
      "timestamp": 1724844341,
      "date": "28-08-2024",
      "time": "18:25:41",
      "hour": "18",
      "year": "2024",
      "datetime": "28-08-2024 06:25:41",
      "create_at": "2024-08-28T11:25:41.093Z",
      "isChecked": false
    },
    {
      "_id": "66cf093831fda2cdb8a8938f",
      "guid": "93e38ce6-6e64-48f7-81a1-2dae236176f9",
      "guid_device": "C0680226",
      "HR": 107,
      "RR": 572,
      "rrRMS": 559,
      "date_created": "28-08-2024",
      "time_created": "18:25:44",
      "date_update": "28-08-2024",
      "time_update": "18:25:44",
      "timestamp": 1724844344,
      "date": "28-08-2024",
      "time": "18:25:44",
      "hour": "18",
      "year": "2024",
      "datetime": "28-08-2024 06:25:44",
      "create_at": "2024-08-28T11:25:44.053Z",
      "isChecked": false
    },
    {
      "_id": "66cf093a31fda2cdb8a89392",
      "guid": "7b589fb2-8799-48ce-a236-e1a8d433b06c",
      "guid_device": "C0680226",
      "HR": 108,
      "RR": 1139,
      "rrRMS": 1112,
      "date_created": "28-08-2024",
      "time_created": "18:25:46",
      "date_update": "28-08-2024",
      "time_update": "18:25:46",
      "timestamp": 1724844346,
      "date": "28-08-2024",
      "time": "18:25:46",
      "hour": "18",
      "year": "2024",
      "datetime": "28-08-2024 06:25:46",
      "create_at": "2024-08-28T11:25:46.137Z",
      "isChecked": false
    },
    {
      "_id": "66cf093e31fda2cdb8a89397",
      "guid": "83284e2a-8b38-4d9e-9e8b-b48ab114b008",
      "guid_device": "C0680226",
      "HR": 107,
      "RR": 728,
      "rrRMS": 711,
      "date_created": "28-08-2024",
      "time_created": "18:25:50",
      "date_update": "28-08-2024",
      "time_update": "18:25:50",
      "timestamp": 1724844350,
      "date": "28-08-2024",
      "time": "18:25:50",
      "hour": "18",
      "year": "2024",
      "datetime": "28-08-2024 06:25:50",
      "create_at": "2024-08-28T11:25:50.104Z",
      "isChecked": false
    },
    {
      "_id": "66cf093f31fda2cdb8a89399",
      "guid": "01dee856-cac7-42cd-80c9-85dad5c67bf1",
      "guid_device": "C0680226",
      "HR": 107,
      "RR": 577,
      "rrRMS": 563,
      "date_created": "28-08-2024",
      "time_created": "18:25:51",
      "date_update": "28-08-2024",
      "time_update": "18:25:51",
      "timestamp": 1724844351,
      "date": "28-08-2024",
      "time": "18:25:51",
      "hour": "18",
      "year": "2024",
      "datetime": "28-08-2024 06:25:51",
      "create_at": "2024-08-28T11:25:51.087Z",
      "isChecked": false
    },
    {
      "_id": "66cf094431fda2cdb8a8939f",
      "guid": "4dce8470-1082-42e1-bb37-a1869508bf93",
      "guid_device": "C0680226",
      "HR": 106,
      "RR": 588,
      "rrRMS": 574,
      "date_created": "28-08-2024",
      "time_created": "18:25:56",
      "date_update": "28-08-2024",
      "time_update": "18:25:56",
      "timestamp": 1724844356,
      "date": "28-08-2024",
      "time": "18:25:56",
      "hour": "18",
      "year": "2024",
      "datetime": "28-08-2024 06:25:56",
      "create_at": "2024-08-28T11:25:56.066Z",
      "isChecked": false
    },
    {
      "_id": "66cf0a9831fda2cdb8a893a3",
      "guid": "f703ee49-f170-42de-b6ff-d8d75a7b6b52",
      "guid_device": "C0680226",
      "HR": 90,
      "RR": 691,
      "rrRMS": 675,
      "date_created": "28-08-2024",
      "time_created": "18:31:36",
      "date_update": "28-08-2024",
      "time_update": "18:31:36",
      "timestamp": 1724844696,
      "date": "28-08-2024",
      "time": "18:31:36",
      "hour": "18",
      "year": "2024",
      "datetime": "28-08-2024 06:31:36",
      "create_at": "2024-08-28T11:31:36.107Z",
      "isChecked": false
    },
    {
      "_id": "66cf0a9a31fda2cdb8a893a6",
      "guid": "0c914713-47e3-439b-aa7d-02d821960aa6",
      "guid_device": "C0680226",
      "HR": 90,
      "RR": 717,
      "rrRMS": 700,
      "date_created": "28-08-2024",
      "time_created": "18:31:38",
      "date_update": "28-08-2024",
      "time_update": "18:31:38",
      "timestamp": 1724844698,
      "date": "28-08-2024",
      "time": "18:31:38",
      "hour": "18",
      "year": "2024",
      "datetime": "28-08-2024 06:31:38",
      "create_at": "2024-08-28T11:31:38.161Z",
      "isChecked": false
    }
  ]
}