Waktu,Aktivitas,Valid,Q_Signal,RR_Status,Anomaly_Score,HR_Mean,Z_HR,RMSSD,Z_RMSSD,SDNN,Z_SDNN
2024-05-27T01:35:00.000Z,Duduk,No,,UNKNOWN,,81,,0,,0,
2024-05-27T01:40:00.000Z,Duduk,Yes,,INSUFFICIENT_BASELINE,0.07,86.43,0,28.36,0,49.38,0
2024-05-27T01:45:00.000Z,Duduk,Yes,,INSUFFICIENT_BASELINE,0.01,86.17,0,37.54,0,47.93,0
2024-05-27T01:55:00.000Z,Duduk,Yes,,NORMAL,1.52,85.51,,28.24,-0.73,44.52,-4.03
2024-05-27T02:00:00.000Z,Duduk,Yes,,NORMAL,2.03,84.67,,24.35,-1.32,34.31,-5.2
2024-05-27T02:10:00.000Z,Lainnya,No,,UNKNOWN,,84,,0,,0,
2024-05-27T02:20:00.000Z,Lainnya,No,,UNKNOWN,,91.5,,26,,18.38,
2024-05-27T02:45:00.000Z,Lainnya,Yes,,INSUFFICIENT_BASELINE,0.07,87.64,0,13.34,0,15.09,0
2024-05-27T02:50:00.000Z,Lainnya,Yes,,INSUFFICIENT_BASELINE,0.08,94.33,0,33.17,0,58.83,0
2024-05-27T05:15:00.000Z,Lainnya,No,,UNKNOWN,,93.71,,20.49,,31.1,
2024-05-27T05:30:00.000Z,Lainnya,Yes,,INSUFFICIENT_BASELINE,0.05,97.94,0,38.75,0,28.66,0
2024-05-27T05:35:00.000Z,Lainnya,Yes,,INSUFFICIENT_BASELINE,0,95.94,0,29.66,0,31.67,0
2024-05-27T05:40:00.000Z,Lainnya,Yes,,NORMAL,0.74,98.79,,21.49,-1.98,31.13,0.45
2024-05-27T06:00:00.000Z,Lainnya,No,,UNKNOWN,,106.71,,17.27,,22.28,
2024-05-27T06:45:00.000Z,Lainnya,No,,UNKNOWN,,111.88,,31.26,,17.23,
2024-05-27T06:55:00.000Z,Lainnya,Yes,,BASELINE_PAUSED,2.29,108.85,,23.68,-0.73,22.91,-4.72
2024-05-27T07:00:00.000Z,Lainnya,No,,UNKNOWN,,111.8,,13.55,,10.34,
2024-05-27T07:10:00.000Z,Lainnya,Yes,,NORMAL,1.01,107.88,,34.83,0.56,26.6,-2.42
2024-05-27T07:20:00.000Z,Lainnya,Yes,,NORMAL,0.78,103.16,,23.42,-1.04,33.36,1.64
2024-05-27T07:30:00.000Z,Lainnya,No,,UNKNOWN,,105.17,,11.25,,7.76,
2024-05-27T08:05:00.000Z,Lainnya,No,,UNKNOWN,,103,,30.04,,42.99,
2024-05-27T08:15:00.000Z,Lainnya,No,,UNKNOWN,,91.5,,3,,2.12,
2024-05-27T08:50:00.000Z,Lainnya,Yes,,BASELINE_PAUSED,3.11,96.84,,18.6,-1.5,23.8,-2.44
2024-05-27T08:55:00.000Z,Lainnya,Yes,,NORMAL,1.64,98.42,,19.94,-1.32,22.96,-2.75
2024-05-27T09:10:00.000Z,Lainnya,No,,UNKNOWN,,101,,25.63,,18.24,
2024-05-27T09:20:00.000Z,Lainnya,Yes,,NORMAL,1.13,92.9,,18.88,-1.19,20.69,-2.19
2024-05-27T09:25:00.000Z,Lainnya,No,,UNKNOWN,,90.5,,11,,7.78,
2024-05-27T09:30:00.000Z,Lainnya,Yes,,NORMAL,0.55,98.69,,26.96,0.03,40.92,2.77
2024-05-27T09:35:00.000Z,Lainnya,Yes,,NORMAL,0.5,100.71,,29.32,0.36,36.92,1.17
2024-05-27T09:40:00.000Z,Lainnya,Yes,,NORMAL,0.03,95.49,,37.24,1.5,34.52,0.65
2024-05-27T10:20:00.000Z,Lainnya,Yes,,NORMAL,0.45,83.8,,27.41,-0.09,31.69,0.15
2024-05-27T10:25:00.000Z,Lainnya,Yes,,NORMAL,0.4,83.05,,27.56,-0.06,28.18,-0.45
2024-05-27T10:35:00.000Z,Lainnya,Yes,,NORMAL,0.35,82.82,,36.59,1.33,33.39,0.49
2024-05-27T10:45:00.000Z,Lainnya,Yes,,NORMAL,1.46,84.33,,24.11,-0.68,16.25,-2.66
2024-05-27T11:15:00.000Z,Lainnya,No,,UNKNOWN,,81.33,,18.18,,16.44,
2024-05-27T11:30:00.000Z,Lainnya,No,,UNKNOWN,,83,,0,,0,
2024-05-27T11:50:00.000Z,Lainnya,No,,UNKNOWN,,78,,0,,0,
2024-05-27T12:10:00.000Z,Lainnya,No,,UNKNOWN,,87.67,,17.09,,11.02,
2024-05-27T13:00:00.000Z,Tidur,No,,UNKNOWN,,83.5,,7.23,,7.37,
2024-05-27T13:10:00.000Z,Tidur,No,,UNKNOWN,,87.67,,27.58,,26.21,
2024-05-27T13:30:00.000Z,Tidur,Yes,,INSUFFICIENT_BASELINE,0.1,83.55,0,22.47,0,36.26,0
2024-05-27T13:35:00.000Z,Tidur,No,,UNKNOWN,,84,,21,,14.85,
2024-05-27T13:45:00.000Z,Tidur,Yes,,INSUFFICIENT_BASELINE,0.02,84.54,0,23.5,0,31.31,0
2024-05-27T13:50:00.000Z,Tidur,Yes,,NORMAL,0.68,86.78,,22.24,-1.02,31.45,-0.67
2024-05-27T13:55:00.000Z,Tidur,Yes,,NORMAL,0.83,86.02,,21.65,-1.62,32.75,-0.09
2024-05-27T14:05:00.000Z,Tidur,Yes,,NORMAL,1.21,85.36,,21.22,-1.61,29.13,-1.65
2024-05-27T14:30:00.000Z,Tidur,Yes,,NORMAL,0.69,75.57,,26.57,5.01,35.58,1.3
2024-05-27T14:35:00.000Z,Tidur,Yes,,NORMAL,0.18,77.49,,26.73,1.95,35.2,0.9
2024-05-27T14:40:00.000Z,Tidur,No,,UNKNOWN,,77.5,,64,,45.25,
2024-05-27T14:45:00.000Z,Tidur,Yes,,NORMAL,0.45,78.27,,33.21,4.27,48.72,5.88
2024-05-27T14:50:00.000Z,Tidur,Yes,,NORMAL,0.2,79.02,,27.23,0.63,31.3,-0.62
2024-05-27T15:05:00.000Z,Tidur,No,,UNKNOWN,,77,,34.66,,28.01,
2024-05-27T15:15:00.000Z,Tidur,No,,UNKNOWN,,74.67,,47.43,,30,
2024-05-27T15:30:00.000Z,Tidur,Yes,,NORMAL,0.6,84.75,,28.42,0.89,50.67,2.77
2024-05-27T15:40:00.000Z,Tidur,No,,UNKNOWN,,79.33,,35,,35,
2024-05-27T15:45:00.000Z,Tidur,Yes,,NORMAL,0.79,76.36,,29.05,0.98,82.19,6.17
2024-05-27T15:55:00.000Z,Tidur,Yes,,NORMAL,0.64,78.4,,20.57,-1.35,45.53,1.25
2024-05-27T16:00:00.000Z,Tidur,Yes,,NORMAL,0.18,74.05,,29.27,1.04,47.24,1.34
2024-05-27T16:10:00.000Z,Tidur,Yes,,NORMAL,0.43,75.8,,25.94,0.1,54.79,2.16
2024-05-27T16:15:00.000Z,Tidur,Yes,,NORMAL,0.44,75.47,,25.66,0.02,59.33,2.28
2024-05-27T16:20:00.000Z,Tidur,No,,UNKNOWN,,73,,15.38,,10.23,
2024-05-27T16:35:00.000Z,Tidur,No,,UNKNOWN,,69,,11,,7.78,
2024-05-27T16:50:00.000Z,Tidur,No,,UNKNOWN,,67,,78.09,,54.5,
2024-05-27T17:00:00.000Z,Lainnya,No,,UNKNOWN,,90.33,,31.68,,20.87,
2024-05-27T17:10:00.000Z,Tidur,No,,UNKNOWN,,65.5,,0,,0,
2024-05-27T17:20:00.000Z,Tidur,No,,UNKNOWN,,62.9,,33.17,,32.27,
2024-05-27T17:40:00.000Z,Tidur,No,,UNKNOWN,,72.5,,112,,79.2,
2024-05-27T18:00:00.000Z,Tidur,No,,UNKNOWN,,59.33,,84.17,,67.86,
2024-05-27T18:40:00.000Z,Tidur,No,,UNKNOWN,,59.9,,58.89,,52.42,
2024-05-27T19:00:00.000Z,Tidur,No,,UNKNOWN,,63.5,,137.36,,109.23,
2024-05-27T19:15:00.000Z,Tidur,Yes,,INSUFFICIENT_BASELINE,0,56.94,0,101.8,0,87.31,0
2024-05-27T19:20:00.000Z,Tidur,No,,UNKNOWN,,60.33,,39.29,,24.11,
2024-05-27T19:35:00.000Z,Tidur,No,,UNKNOWN,,61.67,,70.21,,61.72,
2024-05-27T19:55:00.000Z,Tidur,No,,UNKNOWN,,68.5,,45.56,,25.81,
2024-05-27T21:05:00.000Z,Tidur,No,,UNKNOWN,,96.38,,21.39,,32.46,
2024-05-27T21:10:00.000Z,Tidur,Yes,,INSUFFICIENT_BASELINE,0.06,71.25,0,30.75,0,61.08,0
2024-05-27T21:30:00.000Z,Lainnya,No,,UNKNOWN,,70.25,,123,,86.97,
2024-05-27T23:05:00.000Z,Duduk,Yes,,BASELINE_PAUSED,0.27,93.52,,31.57,0.35,52.58,1.26
2024-05-27T23:10:00.000Z,Duduk,Yes,,NORMAL,0.16,93.65,,36.16,1.17,47.57,0.52
2024-05-27T23:20:00.000Z,Duduk,No,,UNKNOWN,,95.43,,16.71,,19.58,
2024-05-27T23:35:00.000Z,Lainnya,Yes,,BASELINE_PAUSED,0.13,90.01,,26.7,0.25,32.71,-0.14
2024-05-27T23:50:00.000Z,Lainnya,Yes,,NORMAL,0.06,89.18,,24.09,0.06,38.41,0.05
2024-05-28T00:50:00.000Z,Duduk,Yes,,BASELINE_PAUSED,2.98,99.72,,24.2,-1.19,19.05,-4.22
2024-05-28T00:55:00.000Z,Duduk,Yes,,NORMAL,1.91,106.58,,24.47,-1.14,19.48,-4.15
2024-05-28T01:30:00.000Z,Lainnya,Yes,,BASELINE_PAUSED,0.5,99.33,,20.19,-0.34,24.02,-0.61
2024-05-28T01:45:00.000Z,Lainnya,Yes,,NORMAL,0.14,93.24,,26.38,0.29,33.32,-0.19
2024-05-28T02:05:00.000Z,Lainnya,Yes,,NORMAL,0.18,87.87,,22.69,-0.19,29.59,-0.38
2024-05-28T02:10:00.000Z,Lainnya,Yes,,NORMAL,0.05,88.57,,29.83,0.82,35.05,0
2024-05-28T04:20:00.000Z,Lainnya,Yes,,BASELINE_PAUSED,0.31,100.05,,30.45,0.81,43.83,0.62
2024-05-28T04:25:00.000Z,Lainnya,No,,UNKNOWN,,94.25,,24.56,,17.94,
2024-05-28T04:30:00.000Z,Lainnya,Yes,,NORMAL,0.31,92.52,,24.63,-0.04,24.8,-0.72
2024-05-28T04:35:00.000Z,Lainnya,No,,UNKNOWN,,87,,7,,4.95,
2024-05-28T04:45:00.000Z,Lainnya,Yes,,NORMAL,0.64,90.35,,19.91,-0.79,29.67,-0.29
2024-05-28T04:50:00.000Z,Lainnya,Yes,,NORMAL,0.64,95.07,,27.96,0.61,41.33,0.65
2024-05-28T05:10:00.000Z,Lainnya,No,,UNKNOWN,,99.5,,1,,0.71,
2024-05-28T05:25:00.000Z,Lainnya,No,,UNKNOWN,,98,,0,,0,
2024-05-28T05:35:00.000Z,Lainnya,No,,UNKNOWN,,96,,0,,0,
2024-05-28T05:50:00.000Z,Lainnya,No,,UNKNOWN,,102.5,,54,,38.18,
2024-05-28T05:55:00.000Z,Lainnya,Yes,,BASELINE_PAUSED,0.58,99.41,,35.25,1.07,43.98,2.17
2024-05-28T06:00:00.000Z,Lainnya,Yes,,NORMAL,2.89,105.21,,26.57,-0.26,24.93,-0.74
2024-05-28T06:05:00.000Z,Lainnya,Yes,,NORMAL,1.26,97.94,,30.25,0.33,38.23,1.36
2024-05-28T06:10:00.000Z,Lainnya,No,,UNKNOWN,,97,,20.46,,13.37,
2024-05-28T06:15:00.000Z,Lainnya,Yes,,NORMAL,0.17,95.16,,27.07,-0.2,28.82,-0.18
2024-05-28T06:25:00.000Z,Lainnya,Yes,,NORMAL,0.81,92.82,,26.56,-0.28,26.64,-0.52
2024-05-28T06:35:00.000Z,Lainnya,Yes,,NORMAL,0.66,98.15,,37.13,1.56,32.17,0.39
2024-05-28T06:40:00.000Z,Lainnya,Yes,,NORMAL,0.32,94.46,,26.88,-0.29,28.03,-0.3
2024-05-28T06:55:00.000Z,Lainnya,Yes,,NORMAL,0.74,91.21,,23.58,-0.85,22.95,-1.15
2024-05-28T07:15:00.000Z,Lainnya,Yes,,NORMAL,0.21,88.82,,40.9,2.18,39.84,1.73
2024-05-28T07:20:00.000Z,Lainnya,Yes,,DEVIATION_CANDIDATE,1.54,95.47,,26.48,-0.38,26.02,-0.63
2024-05-28T07:25:00.000Z,Lainnya,Yes,,NORMAL,1.11,92.74,,33.32,0.71,37.85,1.27
2024-05-28T07:35:00.000Z,Lainnya,Yes,,NORMAL,0.18,90.68,,37.54,1.37,40.28,1.58
2024-05-28T08:20:00.000Z,Lainnya,Yes,,NORMAL,0.13,87.75,,28.07,-0.21,36.98,0.96
2024-05-28T08:25:00.000Z,Lainnya,No,,UNKNOWN,,86.33,,38,,38,
2024-05-28T08:35:00.000Z,Lainnya,No,,UNKNOWN,,87.78,,16.44,,14.23,
2024-05-28T08:50:00.000Z,Lainnya,No,,UNKNOWN,,94.29,,49.46,,42.57,
2024-05-28T08:55:00.000Z,Lainnya,Yes,,NORMAL,0.06,89.35,,38.24,1.44,42.09,1.71
2024-05-28T09:00:00.000Z,Lainnya,Yes,,NORMAL,0.71,89.11,,27.21,-0.4,34.7,0.49
2024-05-28T09:15:00.000Z,Lainnya,Yes,,NORMAL,1.25,87.52,,19.92,-1.57,23.29,-1.24
2024-05-28T09:20:00.000Z,Lainnya,Yes,,NORMAL,1,85.3,,20.92,-1.32,26.58,-0.69
2024-05-29T01:35:00.000Z,Lainnya,Yes,,BASELINE_PAUSED,1.72,94.58,,19.32,-0.92,15.48,-1.53
2024-05-29T01:50:00.000Z,Lainnya,No,,UNKNOWN,,97.33,,18.93,,19.42,
2024-05-29T01:55:00.000Z,Lainnya,Yes,,NORMAL,0.72,97.68,,21.43,-0.56,22.65,-0.94
2024-05-29T02:00:00.000Z,Lainnya,No,,UNKNOWN,,101,,0,,0,
2024-05-29T08:55:00.000Z,Duduk,Yes,,INSUFFICIENT_BASELINE,0.06,108.82,0,14.22,0,9.08,0
2024-05-29T09:10:00.000Z,Duduk,Yes,,INSUFFICIENT_BASELINE,0.11,109.79,0,24.88,0,16.93,0
2024-05-29T09:20:00.000Z,Duduk,Yes,,NORMAL,0.29,110.47,,21.85,0.31,18.32,0.96
2024-05-29T09:30:00.000Z,Duduk,Yes,,NORMAL,0.04,107.09,,20.64,0.06,19.32,0.91
2024-05-29T09:45:00.000Z,Duduk,No,,UNKNOWN,,115.5,,0,,0,
2024-05-29T10:00:00.000Z,Duduk,No,,UNKNOWN,,109.83,,9.87,,7.09,
2024-05-29T10:05:00.000Z,Duduk,No,,UNKNOWN,,107,,0,,0,
2024-05-29T10:40:00.000Z,Duduk,Yes,,BASELINE_PAUSED,0.01,110.31,,24.07,0.82,20.91,1.07
2024-05-29T10:45:00.000Z,Duduk,No,,UNKNOWN,,111.33,,23.02,,13.47,
2024-05-29T10:55:00.000Z,Duduk,No,,UNKNOWN,,112.14,,13.24,,10.21,
2024-05-29T11:00:00.000Z,Duduk,Yes,,INSUFFICIENT_BASELINE,0.06,110.62,0,12.8,0,18.43,0
2024-05-29T11:10:00.000Z,Duduk,No,,UNKNOWN,,107,,0,,0,
2024-05-29T11:20:00.000Z,Duduk,No,,UNKNOWN,,104.5,,0,,0,
2024-05-29T12:10:00.000Z,Lainnya,No,,UNKNOWN,,114.5,,10,,7.07,
2024-05-29T12:30:00.000Z,Lainnya,Yes,,INSUFFICIENT_BASELINE,0.11,99.62,0,25.41,0,22.34,0
2024-05-29T12:55:00.000Z,Duduk,Yes,,INSUFFICIENT_BASELINE,0.02,95.34,0,17.07,0,21.22,0
2024-05-29T13:00:00.000Z,Duduk,Yes,,NORMAL,0.65,92.57,,16.91,0.65,21.5,0.85
2024-05-29T13:05:00.000Z,Duduk,No,,UNKNOWN,,93.25,,12.5,,11.24,
2024-05-29T13:20:00.000Z,Duduk,Yes,,NORMAL,0.04,91.68,,20.69,2.11,23.29,1.71
2024-05-29T13:30:00.000Z,Duduk,Yes,,NORMAL,0.04,94.97,,20.36,1.08,32.42,5.63
2024-05-29T13:35:00.000Z,Duduk,Yes,,NORMAL,0.51,95.61,,24.71,2.23,25.1,0.32
2024-05-29T13:40:00.000Z,Duduk,Yes,,NORMAL,0.12,91.23,,23.13,1.07,36.2,2.59
2024-05-29T13:45:00.000Z,Duduk,Yes,,NORMAL,0.67,89.75,,22.66,0.8,23.61,-0.28
2024-05-29T14:25:00.000Z,Duduk,Yes,,NORMAL,0.61,90.97,,25.09,1.34,32.98,1.29
2024-05-29T14:30:00.000Z,Duduk,Yes,,NORMAL,0.87,91.72,,23.6,0.79,30.22,0.67
2024-05-29T14:35:00.000Z,Duduk,No,,UNKNOWN,,100,,0,,0,
2024-05-29T15:00:00.000Z,Duduk,No,,UNKNOWN,,81,,16.7,,9.63,
2024-05-29T15:10:00.000Z,Duduk,No,,UNKNOWN,,82,,20.7,,15.5,
2024-05-29T15:30:00.000Z,Duduk,No,,UNKNOWN,,78,,9.22,,7.81,
2024-05-29T15:50:00.000Z,Duduk,No,,UNKNOWN,,85,,20,,14.14,
2024-05-29T15:55:00.000Z,Duduk,Yes,,BASELINE_PAUSED,0.69,85.43,,27.09,1.6,48.13,3.61
2024-05-29T16:05:00.000Z,Duduk,No,,UNKNOWN,,81,,0,,0,
2024-05-29T16:15:00.000Z,Duduk,No,,UNKNOWN,,78.67,,67.65,,39.23,
2024-05-29T16:30:00.000Z,Duduk,Yes,,NORMAL,0.39,84.3,,30.75,2.52,48.52,3.67
2024-05-29T16:35:00.000Z,Duduk,Yes,,NORMAL,0.43,76.63,,43.07,4.42,51.98,2.69
2024-05-29T16:40:00.000Z,Duduk,No,,UNKNOWN,,76.25,,40.91,,24.96,
2024-05-29T16:55:00.000Z,Duduk,Yes,,NORMAL,0.2,78.28,,46.87,3.04,76.89,4.32
2024-05-29T17:05:00.000Z,Lainnya,No,,UNKNOWN,,79.5,,13,,9.19,
2024-05-29T17:20:00.000Z,Lainnya,Yes,,INSUFFICIENT_BASELINE,0.08,77.8,0,34.7,0,53.19,0
2024-05-29T17:30:00.000Z,Lainnya,No,,UNKNOWN,,72.33,,28.18,,26.1,
2024-05-29T17:50:00.000Z,Lainnya,No,,UNKNOWN,,73.67,,19.04,,17.39,
2024-05-29T18:00:00.000Z,Lainnya,No,,UNKNOWN,,75,,2,,1.15,
2024-05-29T18:20:00.000Z,Lainnya,Yes,,INSUFFICIENT_BASELINE,0.03,67.87,0,34.63,0,31.76,0
2024-05-29T18:35:00.000Z,Lainnya,Yes,,DEVIATION_CANDIDATE,3.28,74.13,,34.01,-8,59.92,1.15
2024-05-29T18:55:00.000Z,Lainnya,No,,UNKNOWN,,66,,21,,14.85,
2024-05-29T19:05:00.000Z,Lainnya,No,,UNKNOWN,,82.5,,51.8,,40.21,
2024-05-29T19:25:00.000Z,Lainnya,No,,UNKNOWN,,76.17,,27.1,,40.42,
2024-05-29T19:40:00.000Z,Lainnya,No,,UNKNOWN,,68.5,,57,,40.31,
2024-05-29T20:45:00.000Z,Lainnya,Yes,,DEVIATION_PAUSED,0.04,72.5,,43.16,8,42.23,-0.02
2024-05-29T20:55:00.000Z,Lainnya,Yes,,NORMAL,0.41,68.15,,40.15,8,55.36,0.85
2024-05-29T21:00:00.000Z,Lainnya,No,,UNKNOWN,,68.67,,42.86,,40.38,
2024-05-29T21:10:00.000Z,Lainnya,No,,UNKNOWN,,74,,52.27,,51.1,
2024-05-29T21:30:00.000Z,Lainnya,No,,UNKNOWN,,68,,33.55,,46.24,
2024-05-29T21:40:00.000Z,Lainnya,Yes,,NORMAL,0.64,90.73,,35.89,-0.19,34.85,-0.91
2024-05-29T21:45:00.000Z,Lainnya,No,,UNKNOWN,,90,,0,,0,
2024-05-29T21:55:00.000Z,Lainnya,No,,UNKNOWN,,83.67,,16.76,,16.26,
2024-05-29T22:00:00.000Z,Lainnya,Yes,,NORMAL,2.02,91.68,,24.6,-4.51,30.13,-1.12
2024-05-29T22:05:00.000Z,Duduk,Yes,,INSUFFICIENT_BASELINE,0.07,87.46,0,26.91,0,48.46,0
2024-05-29T22:15:00.000Z,Duduk,No,,UNKNOWN,,84.33,,16.45,,10.5,
2024-05-29T22:25:00.000Z,Duduk,No,,UNKNOWN,,85,,17,,12.02,
2024-05-29T22:35:00.000Z,Duduk,Yes,,INSUFFICIENT_BASELINE,0,91.5,0,31.59,0,35.1,0
2024-05-29T22:40:00.000Z,Duduk,No,,UNKNOWN,,84,,0,,0,
2024-05-29T22:50:00.000Z,Duduk,No,,UNKNOWN,,79.5,,20.05,,18.16,
2024-05-29T23:00:00.000Z,Duduk,Yes,,NORMAL,0.27,82.16,,32.85,0.52,32.83,-0.66
2024-05-29T23:10:00.000Z,Lainnya,No,,UNKNOWN,,79.5,,10,,7.07,
2024-05-29T23:25:00.000Z,Duduk,Yes,,NORMAL,0.43,82.85,,29.37,-0.17,38.01,-0.13
2024-05-29T23:30:00.000Z,Lainnya,Yes,,BASELINE_PAUSED,0.18,90.21,,22.58,-0.32,32.3,-0.05
2024-05-29T23:35:00.000Z,Lainnya,Yes,,NORMAL,0.33,102.82,,24.79,0.08,35.95,0.26
2024-05-29T23:40:00.000Z,Lainnya,No,,UNKNOWN,,112,,0,,0,
2024-05-29T23:50:00.000Z,Lainnya,No,,UNKNOWN,,110,,11.57,,12.19,
2024-05-30T00:00:00.000Z,Lainnya,Yes,,NORMAL,0.61,107.25,,19.73,-0.88,25.47,-0.67
2024-05-30T00:10:00.000Z,Lainnya,No,,UNKNOWN,,108.75,,35.85,,39.2,
2024-05-30T00:15:00.000Z,Lainnya,No,,UNKNOWN,,114.39,,17.29,,19.65,
2024-05-30T00:25:00.000Z,Lainnya,Yes,,NORMAL,0.36,110.77,,23.55,-0.09,27.54,-0.45
2024-05-30T00:30:00.000Z,Lainnya,Yes,,NORMAL,1.32,93.88,,27.14,0.64,28.01,-0.39
2024-05-30T00:35:00.000Z,Lainnya,Yes,,NORMAL,0.74,96.41,,22.35,-0.38,21.65,-0.99
2024-05-30T00:40:00.000Z,Lainnya,Yes,,NORMAL,0.11,95.58,,25.74,0.36,34.8,0.35
2024-05-30T00:45:00.000Z,Lainnya,Yes,,NORMAL,0.27,90.43,,27.9,0.82,30,-0.14
2024-05-30T00:50:00.000Z,Lainnya,Yes,,NORMAL,0.22,88.37,,23.83,-0.12,28.95,-0.24
2024-05-30T01:05:00.000Z,Lainnya,Yes,,NORMAL,0.26,98.36,,34.73,2.37,40.71,1.01
2024-05-30T01:10:00.000Z,Lainnya,Yes,,NORMAL,0.12,95.96,,29.25,0.89,36.44,0.51
2024-05-30T01:15:00.000Z,Lainnya,Yes,,NORMAL,0.29,94.96,,34.08,1.85,46.53,1.59
2024-05-30T02:10:00.000Z,Lainnya,Yes,,NORMAL,0.32,98.67,,46.24,4.05,38.27,0.59
2024-05-30T02:15:00.000Z,Lainnya,Yes,,NORMAL,0.4,106.2,,40.2,2.06,34.12,0.13
2024-05-30T02:20:00.000Z,Lainnya,Yes,,NORMAL,0.17,101.02,,38.2,1.56,48.54,1.7
2024-05-30T03:50:00.000Z,Lainnya,Yes,,BASELINE_PAUSED,0.26,92.24,,35.39,1.07,45.1,1.21
2024-05-30T03:55:00.000Z,Lainnya,No,,UNKNOWN,,87.5,,24,,16.97,
2024-05-30T04:05:00.000Z,Lainnya,No,,UNKNOWN,,101.5,,65,,45.96,
2024-05-30T04:20:00.000Z,Lainnya,No,,UNKNOWN,,107.43,,14.8,,18.42,
2024-05-30T04:25:00.000Z,Lainnya,Yes,,NORMAL,0.68,102.57,,23.49,-0.56,20.82,-1.34
2024-05-30T04:30:00.000Z,Lainnya,No,,UNKNOWN,,103.5,,19.64,,22.72,
2024-05-30T06:15:00.000Z,Lainnya,Yes,,BASELINE_PAUSED,1.55,99.84,,14.57,-2.25,14.73,-2.46
2024-05-30T06:20:00.000Z,Lainnya,Yes,,NORMAL,1.13,97.13,,19.14,-1.54,21.19,-1.49
2024-05-30T06:25:00.000Z,Lainnya,Yes,,NORMAL,0.46,102.41,,24.94,-0.57,35.24,0.67
2024-05-30T06:30:00.000Z,Lainnya,No,,UNKNOWN,,111,,0,,0,
2024-05-30T07:50:00.000Z,Lainnya,No,,UNKNOWN,,114,,0,,0,
2024-05-30T07:55:00.000Z,Lainnya,Yes,,BASELINE_PAUSED,2.24,110.68,,17.84,-1.65,16.01,-2.22
2024-05-30T08:05:00.000Z,Lainnya,Yes,,NORMAL,0.96,105.82,,23.89,-0.72,19.19,-1.74
2024-05-30T08:15:00.000Z,Lainnya,No,,UNKNOWN,,104,,0,,0,
2024-05-30T08:20:00.000Z,Lainnya,Yes,,NORMAL,0.55,99.01,,42.64,2.22,35.98,0.79
2024-05-30T08:25:00.000Z,Lainnya,Yes,,NORMAL,0.92,97.45,,23.13,-0.84,41.49,1.58
2024-05-30T08:30:00.000Z,Lainnya,Yes,,NORMAL,1.3,95.79,,18.36,-1.52,25.24,-0.82
2024-05-30T08:40:00.000Z,Lainnya,No,,UNKNOWN,,97.67,,26.32,,25.77,
2024-05-30T10:45:00.000Z,Lainnya,Yes,,BASELINE_PAUSED,1.65,96.49,,16.63,-1.71,28.18,-0.38
2024-05-30T10:50:00.000Z,Duduk,No,,UNKNOWN,,100.57,,9.64,,6.32,
2024-05-30T11:00:00.000Z,Lainnya,No,,UNKNOWN,,95,,0,,0,
2024-05-30T11:25:00.000Z,Lainnya,No,,UNKNOWN,,92,,13,,9.19,
2024-05-30T11:30:00.000Z,Lainnya,Yes,,INSUFFICIENT_BASELINE,0.04,95.76,0,43.07,0,51,0
2024-05-30T11:35:00.000Z,Lainnya,Yes,,NORMAL,1.43,98.18,,24.95,-0.74,22.95,-0.68
2024-05-30T11:40:00.000Z,Lainnya,Yes,,NORMAL,0.69,95.57,,18.11,-1.26,28.27,-0.23
2024-05-30T11:45:00.000Z,Lainnya,Yes,,NORMAL,0.55,92.89,,18.77,-0.86,22,-0.68
2024-05-30T11:50:00.000Z,Lainnya,Yes,,NORMAL,0.42,89.64,,23.67,-0.24,25.18,-0.33
2024-05-30T11:55:00.000Z,Lainnya,No,,UNKNOWN,,90,,12.04,,12.01,
2024-05-30T12:10:00.000Z,Lainnya,No,,UNKNOWN,,98,,11,,7.78,
2024-05-30T12:15:00.000Z,Lainnya,Yes,,NORMAL,0.23,91.65,,22.26,-0.37,29.74,0.1
2024-05-30T12:30:00.000Z,Lainnya,Yes,,NORMAL,0.43,90.37,,19.83,-0.64,28.25,-0.05
2024-05-30T12:35:00.000Z,Lainnya,No,,UNKNOWN,,95.75,,26.67,,42,
2024-05-30T12:40:00.000Z,Lainnya,Yes,,NORMAL,0.83,92.18,,17.09,-0.93,29.26,0.06
2024-05-30T12:45:00.000Z,Lainnya,Yes,,NORMAL,0.79,98.5,,15.98,-0.98,18.63,-1.14
2024-05-30T12:50:00.000Z,Lainnya,Yes,,NORMAL,0.29,96.86,,23.78,0.11,31.2,0.38
2024-05-30T12:55:00.000Z,Lainnya,Yes,,NORMAL,0.11,97.39,,24.25,0.17,29.91,0.21
2024-05-30T13:00:00.000Z,Lainnya,Yes,,NORMAL,0.33,95.56,,19.84,-0.46,30.99,0.34
2024-05-30T13:05:00.000Z,Lainnya,Yes,,NORMAL,0.37,96.91,,19.57,-0.48,35.13,0.85
2024-05-30T13:15:00.000Z,Lainnya,No,,UNKNOWN,,90,,0,,0,
2024-05-30T13:20:00.000Z,Lainnya,Yes,,NORMAL,0.54,87.47,,23.22,0.09,23.83,-0.65
2024-05-30T13:30:00.000Z,Lainnya,Yes,,NORMAL,0.31,89.15,,19.59,-0.48,24.98,-0.47
2024-05-30T13:35:00.000Z,Lainnya,No,,UNKNOWN,,85,,16,,11.31,
2024-05-30T13:45:00.000Z,Lainnya,Yes,,NORMAL,0.79,86.19,,25.13,0.43,25.97,-0.32
2024-05-30T13:55:00.000Z,Lainnya,No,,UNKNOWN,,84,,23,,16.26,
2024-05-30T14:00:00.000Z,Lainnya,Yes,,NORMAL,0.19,84.01,,28.45,0.96,27.37,-0.12
2024-05-30T14:10:00.000Z,Lainnya,No,,UNKNOWN,,85,,0,,0,
2024-05-30T14:20:00.000Z,Lainnya,Yes,,NORMAL,0.22,77.09,,23.38,0.07,25.13,-0.44
2024-05-30T14:40:00.000Z,Lainnya,No,,UNKNOWN,,72,,5.39,,5.13,
2024-05-30T15:10:00.000Z,Lainnya,Yes,,NORMAL,0.43,82.77,,25.7,0.47,25.03,-0.44
2024-05-30T15:15:00.000Z,Lainnya,No,,UNKNOWN,,81,,29.53,,18.95,
2024-05-30T15:20:00.000Z,Lainnya,Yes,,NORMAL,0.11,81.75,,25.73,0.46,33.51,0.85
2024-05-30T15:30:00.000Z,Lainnya,No,,UNKNOWN,,78,,0,,0,
2024-05-30T15:40:00.000Z,Lainnya,No,,UNKNOWN,,80,,0,,0,
2024-05-30T15:45:00.000Z,Lainnya,Yes,,NORMAL,0.3,79.6,,29.99,1.2,33.26,0.78
2024-05-30T16:05:00.000Z,Lainnya,Yes,,NORMAL,0.51,86.16,,20.2,-0.59,27.95,-0.06
2024-05-30T16:10:00.000Z,Lainnya,Yes,,NORMAL,0.4,81.89,,30.08,1.2,40.48,1.9
2024-05-30T16:20:00.000Z,Lainnya,Yes,,NORMAL,0.26,81.83,,22.34,-0.24,26.45,-0.36
2024-05-30T16:30:00.000Z,Lainnya,Yes,,NORMAL,0.12,83.21,,28.33,0.85,29.75,0.15
2024-05-30T16:35:00.000Z,Lainnya,Yes,,NORMAL,0.27,83.17,,26.55,0.5,47.48,2.89
2024-05-30T16:45:00.000Z,Lainnya,No,,UNKNOWN,,70,,58,,41.01,
