Baseline ID,User Name,User ID,Activity,Time Period,Segment Count,Maturity Level,Tau In,Tau Out,Tau Normal,Tau Source,Stable Score Count,Computed At
"6a7d30fcbac9bab6a373d9ea","Dokter","675ba1e92b8428e4dd641cd0","Tidur","evening","397","cold_start","1.73","1.11","0.75","provisional","2","2026-08-23T09:45:22.851Z"
"6a7d3356bac9bab6a373d9f4","Dokter","675ba1e92b8428e4dd641cd0","Lainnya","afternoon","206","cold_start","2.9776","2.5","2.5","provisional","17","2026-08-23T09:45:23.838Z"
"6a7d3356bac9bab6a373d9f6","Dokter","675ba1e92b8428e4dd641cd0","Bekerja","afternoon","192","cold_start","1.3376","1.088","0.932","provisional","17","2026-08-23T09:45:25.240Z"
"6a7d3357bac9bab6a373d9f7","Dokter","675ba1e92b8428e4dd641cd0","Berkendara","afternoon","140","cold_start","1.1508","1.0008","0.762","provisional","17","2026-08-23T09:45:25.866Z"
"6a7d3357bac9bab6a373d9f8","Dokter","675ba1e92b8428e4dd641cd0","Berkendara","evening","140","cold_start","1.1508","1.0008","0.762","provisional","17","2026-08-23T09:45:26.622Z"
"6a7d3357bac9bab6a373d9fa","Dokter","675ba1e92b8428e4dd641cd0","Memasak","evening","14","cold_start","2.5068","1.654","0.945","provisional","14","2026-08-23T09:45:27.418Z"
"6a7d3357bac9bab6a373d9fb","Dokter","675ba1e92b8428e4dd641cd0","Makan","evening","97","cold_start","2.672","2.33","2.318","provisional","25","2026-08-23T09:45:28.250Z"
"6a7d3357bac9bab6a373d9fc","Dokter","675ba1e92b8428e4dd641cd0","Makan","night","97","cold_start","2.672","2.33","2.318","provisional","25","2026-08-23T09:45:29.116Z"
"6a7d3357bac9bab6a373d9fd","Dokter","675ba1e92b8428e4dd641cd0","Olahraga Berat","night","29","cold_start","1.142","0.79","0.79","provisional","21","2026-08-23T09:45:29.998Z"
"6a7d3358bac9bab6a373d9fe","Dokter","675ba1e92b8428e4dd641cd0","Lari Cepat","night","21","cold_start","1","0.84","0.74","provisional","21","2026-08-23T09:45:30.899Z"
"6a7d3358bac9bab6a373d9ff","Dokter","675ba1e92b8428e4dd641cd0","Lari Cepat","morning","21","cold_start","1","0.84","0.74","provisional","21","2026-08-23T09:45:31.794Z"
"6a7d3358bac9bab6a373da00","Dokter","675ba1e92b8428e4dd641cd0","Berlari","morning","87","cold_start","1","0.5255","0.475","provisional","20","2026-08-23T09:45:32.708Z"
"6a7d3358bac9bab6a373da01","Dokter","675ba1e92b8428e4dd641cd0","Yoga","morning","25","cold_start","2.6362","2.405","2.296","provisional","23","2026-08-23T09:45:33.616Z"
"6a7d3358bac9bab6a373da02","Dokter","675ba1e92b8428e4dd641cd0","Yoga","afternoon","25","cold_start","2.6362","2.405","2.296","provisional","23","2026-08-23T09:45:34.518Z"
"6a7d3358bac9bab6a373da03","Dokter","675ba1e92b8428e4dd641cd0","Senam","afternoon","18","cold_start","1","0.8075","0.745","provisional","16","2026-08-23T09:45:35.439Z"
"6a7d3358bac9bab6a373da04","Dokter","675ba1e92b8428e4dd641cd0","Berenang","afternoon","13","cold_start","1","0.723","0.569","provisional","12","2026-08-23T09:45:36.398Z"
"6a7d3358bac9bab6a373da05","Dokter","675ba1e92b8428e4dd641cd0","Berenang","evening","13","cold_start","1","0.723","0.569","provisional","12","2026-08-23T09:45:37.410Z"
"6a7d3358bac9bab6a373da06","Dokter","675ba1e92b8428e4dd641cd0","Bersepeda","evening","22","cold_start","1","0.763","0.67","provisional","20","2026-08-23T09:45:38.313Z"
"6a7d3359bac9bab6a373da07","Peserta 0","67652725d40f2b664e88deb0","Tidur","night","342","cold_start","1.344","1.12","0.93","learned","321","2026-08-23T09:45:39.424Z"
"6a7d3359bac9bab6a373da08","Peserta 0","67652725d40f2b664e88deb0","Tidur","morning","342","cold_start","1.344","1.12","0.93","learned","321","2026-08-23T09:45:39.964Z"
"6a7d3359bac9bab6a373da09","Peserta 0","67652725d40f2b664e88deb0","Bekerja","morning","172","cold_start","1.3616","1.178","1.01","learned","129","2026-08-23T09:45:40.423Z"
"6a7d3359bac9bab6a373da0a","Peserta 0","67652725d40f2b664e88deb0","Duduk","morning","217","cold_start","1.4638","1.3138","1.058","learned","182","2026-08-23T09:45:41.830Z"
"6a7d3359bac9bab6a373da0b","Peserta 0","67652725d40f2b664e88deb0","Berlari","morning","67","cold_start","1","0.777","0.606","learned","62","2026-08-23T09:45:42.867Z"
"6a7d3359bac9bab6a373da0e","Peserta 0","67652725d40f2b664e88deb0","Duduk","afternoon","217","cold_start","1.4638","1.3138","1.058","learned","182","2026-08-23T09:45:44.471Z"
"6a7d3359bac9bab6a373da0f","Peserta 0","67652725d40f2b664e88deb0","Berkendara","afternoon","68","cold_start","1.4676","1.31","1.092","learned","57","2026-08-23T09:45:45.567Z"
"6a7d3359bac9bab6a373da10","Peserta 0","67652725d40f2b664e88deb0","Bekerja","afternoon","172","cold_start","1.3616","1.178","1.01","learned","129","2026-08-23T09:45:47.222Z"
"6a7d335abac9bab6a373da11","Peserta 0","67652725d40f2b664e88deb0","Berjalan","evening","60","cold_start","1.192","1.04","0.96","learned","41","2026-08-23T09:45:48.376Z"
"6a7d335abac9bab6a373da12","Peserta 0","67652725d40f2b664e88deb0","Makan","evening","67","cold_start","1.4554","1.3054","0.888","learned","42","2026-08-23T09:45:49.094Z"
"6a7d335abac9bab6a373da13","Peserta 0","67652725d40f2b664e88deb0","Berkendara","evening","68","cold_start","1.4676","1.31","1.092","learned","57","2026-08-23T09:45:49.921Z"
"6a7d335abac9bab6a373da14","Peserta 0","67652725d40f2b664e88deb0","Bekerja","evening","172","cold_start","1.3616","1.178","1.01","learned","129","2026-08-23T09:45:51.343Z"
"6a7d335abac9bab6a373da15","Peserta 0","67652725d40f2b664e88deb0","Berlari","evening","67","cold_start","1","0.777","0.606","learned","62","2026-08-23T09:45:52.359Z"
"6a7d335abac9bab6a373da17","Peserta 0","67652725d40f2b664e88deb0","Tidur","evening","342","cold_start","1.344","1.12","0.93","learned","321","2026-08-23T09:45:53.763Z"
"6a7d335abac9bab6a373da18","Peserta 0","67652725d40f2b664e88deb0","Berkendara","morning","68","cold_start","1.4676","1.31","1.092","learned","57","2026-08-23T09:45:54.352Z"
"6a7d335bbac9bab6a373da1a","Peserta 0","67652725d40f2b664e88deb0","Berjalan","afternoon","60","cold_start","1.192","1.04","0.96","learned","41","2026-08-23T09:45:55.138Z"
"6a7d335bbac9bab6a373da1b","Peserta 0","67652725d40f2b664e88deb0","Makan","morning","67","cold_start","1.4554","1.3054","0.888","learned","42","2026-08-23T09:45:55.964Z"
"6a7d335cbac9bab6a373da1d","Peserta 0","67652725d40f2b664e88deb0","Makan","afternoon","67","cold_start","1.4554","1.3054","0.888","learned","42","2026-08-23T09:45:56.834Z"
"6a7d335cbac9bab6a373da1e","Peserta 0","67652725d40f2b664e88deb0","Berlari","afternoon","67","cold_start","1","0.777","0.606","learned","62","2026-08-23T09:45:57.741Z"
"6a7d335cbac9bab6a373da1f","Peserta 0","67652725d40f2b664e88deb0","Duduk","evening","217","cold_start","1.4638","1.3138","1.058","learned","182","2026-08-23T09:45:59.214Z"
"6a7d3484bac9bab6a373da33","Dokter","675ba1e92b8428e4dd641cd0","Naik Tangga","evening","21","cold_start","1.5","1","0.75","provisional","4","2026-08-23T09:46:00.199Z"
"6a7d3484bac9bab6a373da35","Dokter","675ba1e92b8428e4dd641cd0","Naik Tangga","night","21","cold_start","1.51","1","0.75","provisional","4","2026-08-23T09:46:01.161Z"
"6a7d3484bac9bab6a373da36","Dokter","675ba1e92b8428e4dd641cd0","Berjalan Cepat","night","16","cold_start","1","0.5","0.386","provisional","14","2026-08-23T09:46:02.056Z"
"6a7d3485bac9bab6a373da37","Dokter","675ba1e92b8428e4dd641cd0","Berjalan","night","85","cold_start","1.419","1.215","1.093","provisional","18","2026-08-23T09:46:02.963Z"
"6a7d3485bac9bab6a373da39","Dokter","675ba1e92b8428e4dd641cd0","Berjalan","morning","85","cold_start","1.419","1.215","1.093","provisional","18","2026-08-23T09:46:03.908Z"
"6a7d3485bac9bab6a373da3a","Dokter","675ba1e92b8428e4dd641cd0","Berdiri","morning","29","cold_start","1.0045","0.8545","0.8545","provisional","12","2026-08-23T09:46:04.935Z"
"6a7d3485bac9bab6a373da3b","Dokter","675ba1e92b8428e4dd641cd0","Duduk","morning","385","cold_start","1.2013","1.0513","0.893","provisional","18","2026-08-23T09:46:05.709Z"
"6a7d3485bac9bab6a373da3c","Dokter","675ba1e92b8428e4dd641cd0","Berbaring","morning","46","cold_start","1.1325","0.9825","0.89","provisional","16","2026-08-23T09:46:06.549Z"
"6a7d3485bac9bab6a373da3d","Dokter","675ba1e92b8428e4dd641cd0","Berbaring","afternoon","46","cold_start","1.1325","0.9825","0.89","provisional","16","2026-08-23T09:46:07.123Z"
"6a7d3485bac9bab6a373da3e","Dokter","675ba1e92b8428e4dd641cd0","Tidur","afternoon","397","cold_start","1.5","1","0.75","provisional","2","2026-08-23T09:46:07.149Z"
"6a7d35b2bac9bab6a373da44","Peserta 0","67652725d40f2b664e88deb0","Berjalan","morning","60","cold_start","1.192","1.04","0.96","learned","41","2026-08-23T09:46:07.180Z"
"6a7d36dfba1e70fa8e254547","Dokter","675ba1e92b8428e4dd641cd0","Lainnya","evening","206","cold_start","2.9776","2.5","2.5","provisional","17","2026-08-23T09:46:07.204Z"
"6a842b0ca637cf587bd961c9","Peserta 0","67652725d40f2b664e88deb0","Berbaring","evening","1","cold_start","1.7","1.1","0.75","provisional","0","2026-08-23T09:46:07.231Z"
"6a8454bca637cf587bd9629d","Peserta 1","6a7e4fb7a6e8c17678a91e8e","Duduk","evening","385","cold_start","1.63","1.06","0.75","provisional","1","2026-08-23T09:46:07.257Z"
"6a85375f1dabe9109f4926a5","Peserta 13","6a8534751dabe9109f492571","Duduk","evening","385","cold_start","1.7","1.1","0.75","provisional","0","2026-08-23T09:46:07.284Z"
"6a85a1b188f0f52216b19842","Peserta 14","6a859ff288f0f52216b19740","Duduk","evening","385","cold_start","1.7","1.1","0.75","provisional","0","2026-08-23T09:46:07.325Z"
"6a85b36a88f0f52216b19a1c","Peserta 15","6a85b24988f0f52216b19990","Duduk","evening","385","cold_start","1.7","1.1","0.75","provisional","0","2026-08-23T09:46:07.438Z"
"6a86363888f0f52216b19c2a","peserta 12","6a8376c1483cdfd43096aaeb","Duduk","evening","385","cold_start","2.28","1.39","0.75","provisional","0","2026-08-23T09:46:07.912Z"
"6a8661bb8269202384ca977c","Admin HTM","6a604ffbe99dd31f5020a0ca","sitting","Morning (08:00 - 12:00)","20","mature","1.86","1.18","0.75","N/A","0",""
"6a8661bb8269202384ca977f","Admin HTM","6a604ffbe99dd31f5020a0ca","standing","Morning (08:00 - 12:00)","20","mature","1.86","1.18","0.75","N/A","0",""
"6a8661bb8269202384ca9782","Admin HTM","6a604ffbe99dd31f5020a0ca","walking","Morning (08:00 - 12:00)","10","mature","1.86","1.18","0.75","N/A","0",""
"6a8661bb8269202384ca9785","Admin HTM","6a604ffbe99dd31f5020a0ca","resting","Morning (08:00 - 12:00)","20","mature","1.86","1.18","0.75","N/A","0",""
"6a8661bb8269202384ca9788","Admin HTM","6a604ffbe99dd31f5020a0ca","driving","Morning (08:00 - 12:00)","20","mature","1.86","1.18","0.75","N/A","0",""
"6a8661bc8269202384ca979f","Peserta 1","6a7e4fb7a6e8c17678a91e8e","sitting","Morning (08:00 - 12:00)","19","mature","1.86","1.18","0.75","N/A","0",""
"6a8661bc8269202384ca97a2","Peserta 1","6a7e4fb7a6e8c17678a91e8e","standing","Morning (08:00 - 12:00)","19","mature","1.86","1.18","0.75","N/A","0",""
"6a8661bc8269202384ca97a5","Peserta 1","6a7e4fb7a6e8c17678a91e8e","walking","Morning (08:00 - 12:00)","9","mature","1.86","1.18","0.75","N/A","0",""
"6a8661bc8269202384ca97a8","Peserta 1","6a7e4fb7a6e8c17678a91e8e","resting","Morning (08:00 - 12:00)","19","mature","1.86","1.18","0.75","N/A","0",""
"6a8661bc8269202384ca97ab","Peserta 1","6a7e4fb7a6e8c17678a91e8e","driving","Morning (08:00 - 12:00)","19","mature","1.86","1.18","0.75","N/A","0",""
"6a8661bc8269202384ca97b1","Peserta 2","6a7e4fc8a6e8c17678a91e8f","sitting","Morning (08:00 - 12:00)","20","mature","1.86","1.18","0.75","N/A","0",""
"6a8661bc8269202384ca97b4","Peserta 2","6a7e4fc8a6e8c17678a91e8f","standing","Morning (08:00 - 12:00)","20","mature","1.86","1.18","0.75","N/A","0",""
"6a8661bc8269202384ca97b7","Peserta 2","6a7e4fc8a6e8c17678a91e8f","walking","Morning (08:00 - 12:00)","10","mature","1.86","1.18","0.75","N/A","0",""
"6a8661bc8269202384ca97ba","Peserta 2","6a7e4fc8a6e8c17678a91e8f","resting","Morning (08:00 - 12:00)","20","mature","1.86","1.18","0.75","N/A","0",""
"6a8661bc8269202384ca97bd","Peserta 2","6a7e4fc8a6e8c17678a91e8f","driving","Morning (08:00 - 12:00)","20","mature","1.86","1.18","0.75","N/A","0",""
"6a8661be8269202384ca97c3","Peserta 3","6a7e4fdba6e8c17678a91e90","sitting","Morning (08:00 - 12:00)","20","mature","1.86","1.18","0.75","N/A","0",""
"6a8661be8269202384ca97c6","Peserta 3","6a7e4fdba6e8c17678a91e90","standing","Morning (08:00 - 12:00)","20","mature","1.86","1.18","0.75","N/A","0",""
"6a8661be8269202384ca97c9","Peserta 3","6a7e4fdba6e8c17678a91e90","walking","Morning (08:00 - 12:00)","10","mature","1.86","1.18","0.75","N/A","0",""
"6a8661be8269202384ca97cc","Peserta 3","6a7e4fdba6e8c17678a91e90","resting","Morning (08:00 - 12:00)","20","mature","1.86","1.18","0.75","N/A","0",""
"6a8661be8269202384ca97cf","Peserta 3","6a7e4fdba6e8c17678a91e90","driving","Morning (08:00 - 12:00)","20","mature","1.86","1.18","0.75","N/A","0",""
"6a8661be8269202384ca97d6","Peserta 4","6a7e4feca6e8c17678a91e92","sitting","Morning (08:00 - 12:00)","20","mature","1.86","1.18","0.75","N/A","0",""
"6a8661bf8269202384ca97d9","Peserta 4","6a7e4feca6e8c17678a91e92","standing","Morning (08:00 - 12:00)","20","mature","1.86","1.18","0.75","N/A","0",""
"6a8661bf8269202384ca97dc","Peserta 4","6a7e4feca6e8c17678a91e92","walking","Morning (08:00 - 12:00)","10","mature","1.86","1.18","0.75","N/A","0",""
"6a8661bf8269202384ca97df","Peserta 4","6a7e4feca6e8c17678a91e92","resting","Morning (08:00 - 12:00)","20","mature","1.86","1.18","0.75","N/A","0",""
"6a8661bf8269202384ca97e2","Peserta 4","6a7e4feca6e8c17678a91e92","driving","Morning (08:00 - 12:00)","20","mature","1.86","1.18","0.75","N/A","0",""
"6a8661bf8269202384ca97e8","Peserta 5","6a7e4ffea6e8c17678a91e93","sitting","Morning (08:00 - 12:00)","20","mature","1.86","1.18","0.75","N/A","0",""
"6a8661bf8269202384ca97eb","Peserta 5","6a7e4ffea6e8c17678a91e93","standing","Morning (08:00 - 12:00)","20","mature","1.86","1.18","0.75","N/A","0",""
"6a8661bf8269202384ca97ee","Peserta 5","6a7e4ffea6e8c17678a91e93","walking","Morning (08:00 - 12:00)","10","mature","1.86","1.18","0.75","N/A","0",""
"6a8661bf8269202384ca97f1","Peserta 5","6a7e4ffea6e8c17678a91e93","resting","Morning (08:00 - 12:00)","20","mature","1.86","1.18","0.75","N/A","0",""
"6a8661bf8269202384ca97f4","Peserta 5","6a7e4ffea6e8c17678a91e93","driving","Morning (08:00 - 12:00)","20","mature","1.86","1.18","0.75","N/A","0",""
"6a8661c08269202384ca97fa","Peserta 6","6a804ceffcc5a44336b428af","sitting","Morning (08:00 - 12:00)","20","mature","1.86","1.18","0.75","N/A","0",""
"6a8661c08269202384ca97fd","Peserta 6","6a804ceffcc5a44336b428af","standing","Morning (08:00 - 12:00)","20","mature","1.86","1.18","0.75","N/A","0",""
"6a8661c08269202384ca9800","Peserta 6","6a804ceffcc5a44336b428af","walking","Morning (08:00 - 12:00)","10","mature","1.86","1.18","0.75","N/A","0",""
"6a8661c08269202384ca9803","Peserta 6","6a804ceffcc5a44336b428af","resting","Morning (08:00 - 12:00)","20","mature","1.86","1.18","0.75","N/A","0",""
"6a8661c08269202384ca9806","Peserta 6","6a804ceffcc5a44336b428af","driving","Morning (08:00 - 12:00)","20","mature","1.86","1.18","0.75","N/A","0",""
"6a8661c18269202384ca980c","Peserta 7","6a82a81c483cdfd43096a918","sitting","Morning (08:00 - 12:00)","20","mature","1.86","1.18","0.75","N/A","0",""
"6a8661c18269202384ca980f","Peserta 7","6a82a81c483cdfd43096a918","standing","Morning (08:00 - 12:00)","20","mature","1.86","1.18","0.75","N/A","0",""
"6a8661c18269202384ca9812","Peserta 7","6a82a81c483cdfd43096a918","walking","Morning (08:00 - 12:00)","10","mature","1.86","1.18","0.75","N/A","0",""
"6a8661c18269202384ca9815","Peserta 7","6a82a81c483cdfd43096a918","resting","Morning (08:00 - 12:00)","20","mature","1.86","1.18","0.75","N/A","0",""
"6a8661c18269202384ca9818","Peserta 7","6a82a81c483cdfd43096a918","driving","Morning (08:00 - 12:00)","20","mature","1.86","1.18","0.75","N/A","0",""
"6a8661c28269202384ca981e","Peserta 8 ","6a82a833483cdfd43096a919","sitting","Morning (08:00 - 12:00)","20","mature","1.86","1.18","0.75","N/A","0",""
"6a8661c28269202384ca9821","Peserta 8 ","6a82a833483cdfd43096a919","standing","Morning (08:00 - 12:00)","20","mature","1.86","1.18","0.75","N/A","0",""
"6a8661c28269202384ca9824","Peserta 8 ","6a82a833483cdfd43096a919","walking","Morning (08:00 - 12:00)","10","mature","1.86","1.18","0.75","N/A","0",""
"6a8661c28269202384ca9827","Peserta 8 ","6a82a833483cdfd43096a919","resting","Morning (08:00 - 12:00)","20","mature","1.86","1.18","0.75","N/A","0",""
"6a8661c28269202384ca982a","Peserta 8 ","6a82a833483cdfd43096a919","driving","Morning (08:00 - 12:00)","20","mature","1.86","1.18","0.75","N/A","0",""
"6a8661c28269202384ca9834","Peserta 9","6a82a842483cdfd43096a91a","sitting","Morning (08:00 - 12:00)","20","mature","1.86","1.18","0.75","N/A","0",""
"6a8661c28269202384ca9837","Peserta 9","6a82a842483cdfd43096a91a","standing","Morning (08:00 - 12:00)","20","mature","1.86","1.18","0.75","N/A","0",""
"6a8661c28269202384ca983a","Peserta 9","6a82a842483cdfd43096a91a","walking","Morning (08:00 - 12:00)","10","mature","1.86","1.18","0.75","N/A","0",""
"6a8661c28269202384ca983d","Peserta 9","6a82a842483cdfd43096a91a","resting","Morning (08:00 - 12:00)","20","mature","1.86","1.18","0.75","N/A","0",""
"6a8661c28269202384ca9840","Peserta 9","6a82a842483cdfd43096a91a","driving","Morning (08:00 - 12:00)","20","mature","1.86","1.18","0.75","N/A","0",""
"6a8661c38269202384ca9846","Peserta 10","6a82a862483cdfd43096a91c","sitting","Morning (08:00 - 12:00)","20","mature","1.86","1.18","0.75","N/A","0",""
"6a8661c38269202384ca9849","Peserta 10","6a82a862483cdfd43096a91c","standing","Morning (08:00 - 12:00)","20","mature","1.86","1.18","0.75","N/A","0",""
"6a8661c38269202384ca984c","Peserta 10","6a82a862483cdfd43096a91c","walking","Morning (08:00 - 12:00)","10","mature","1.86","1.18","0.75","N/A","0",""
"6a8661c38269202384ca984f","Peserta 10","6a82a862483cdfd43096a91c","resting","Morning (08:00 - 12:00)","20","mature","1.86","1.18","0.75","N/A","0",""
"6a8661c38269202384ca9852","Peserta 10","6a82a862483cdfd43096a91c","driving","Morning (08:00 - 12:00)","20","mature","1.86","1.18","0.75","N/A","0",""
"6a8661c38269202384ca9859","Peserta 11","6a82ccd8483cdfd43096a96f","sitting","Morning (08:00 - 12:00)","20","mature","1.86","1.18","0.75","N/A","0",""
"6a8661c38269202384ca985c","Peserta 11","6a82ccd8483cdfd43096a96f","standing","Morning (08:00 - 12:00)","20","mature","1.86","1.18","0.75","N/A","0",""
"6a8661c38269202384ca9860","Peserta 11","6a82ccd8483cdfd43096a96f","walking","Morning (08:00 - 12:00)","10","mature","1.86","1.18","0.75","N/A","0",""
"6a8661c38269202384ca9863","Peserta 11","6a82ccd8483cdfd43096a96f","resting","Morning (08:00 - 12:00)","20","mature","1.86","1.18","0.75","N/A","0",""
"6a8661c38269202384ca9866","Peserta 11","6a82ccd8483cdfd43096a96f","driving","Morning (08:00 - 12:00)","20","mature","1.86","1.18","0.75","N/A","0",""
"6a8661c48269202384ca986c","peserta 12","6a8376c1483cdfd43096aaeb","sitting","Morning (08:00 - 12:00)","20","mature","1.86","1.18","0.75","N/A","0",""
"6a8661c48269202384ca986f","peserta 12","6a8376c1483cdfd43096aaeb","standing","Morning (08:00 - 12:00)","19","mature","1.86","1.18","0.75","N/A","0",""
"6a8661c48269202384ca9872","peserta 12","6a8376c1483cdfd43096aaeb","walking","Morning (08:00 - 12:00)","10","mature","1.86","1.18","0.75","N/A","0",""
"6a8661c48269202384ca9875","peserta 12","6a8376c1483cdfd43096aaeb","resting","Morning (08:00 - 12:00)","20","mature","1.86","1.18","0.75","N/A","0",""
"6a8661c48269202384ca9878","peserta 12","6a8376c1483cdfd43096aaeb","driving","Morning (08:00 - 12:00)","19","mature","1.86","1.18","0.75","N/A","0",""
"6a8661c58269202384ca9880","Peserta 13","6a8534751dabe9109f492571","sitting","Morning (08:00 - 12:00)","20","mature","1.86","1.18","0.75","N/A","0",""
"6a8661c58269202384ca9883","Peserta 13","6a8534751dabe9109f492571","standing","Morning (08:00 - 12:00)","19","mature","1.86","1.18","0.75","N/A","0",""
"6a8661c58269202384ca9886","Peserta 13","6a8534751dabe9109f492571","walking","Morning (08:00 - 12:00)","10","mature","1.86","1.18","0.75","N/A","0",""
"6a8661c58269202384ca9889","Peserta 13","6a8534751dabe9109f492571","resting","Morning (08:00 - 12:00)","20","mature","1.86","1.18","0.75","N/A","0",""
"6a8661c58269202384ca988c","Peserta 13","6a8534751dabe9109f492571","driving","Morning (08:00 - 12:00)","19","mature","1.86","1.18","0.75","N/A","0",""
"6a8661c58269202384ca9897","Peserta 14","6a859ff288f0f52216b19740","sitting","Morning (08:00 - 12:00)","20","mature","1.86","1.18","0.75","N/A","0",""
"6a8661c58269202384ca989a","Peserta 14","6a859ff288f0f52216b19740","standing","Morning (08:00 - 12:00)","19","mature","1.86","1.18","0.75","N/A","0",""
"6a8661c58269202384ca989d","Peserta 14","6a859ff288f0f52216b19740","walking","Morning (08:00 - 12:00)","10","mature","1.86","1.18","0.75","N/A","0",""
"6a8661c58269202384ca98a0","Peserta 14","6a859ff288f0f52216b19740","resting","Morning (08:00 - 12:00)","20","mature","1.86","1.18","0.75","N/A","0",""
"6a8661c58269202384ca98a3","Peserta 14","6a859ff288f0f52216b19740","driving","Morning (08:00 - 12:00)","19","mature","1.86","1.18","0.75","N/A","0",""
"6a8661c68269202384ca98a9","Peserta 15","6a85b24988f0f52216b19990","sitting","Morning (08:00 - 12:00)","20","mature","1.86","1.18","0.75","N/A","0",""
"6a8661c68269202384ca98ac","Peserta 15","6a85b24988f0f52216b19990","standing","Morning (08:00 - 12:00)","19","mature","1.86","1.18","0.75","N/A","0",""
"6a8661c68269202384ca98af","Peserta 15","6a85b24988f0f52216b19990","walking","Morning (08:00 - 12:00)","10","mature","1.86","1.18","0.75","N/A","0",""
"6a8661c68269202384ca98b2","Peserta 15","6a85b24988f0f52216b19990","resting","Morning (08:00 - 12:00)","20","mature","1.86","1.18","0.75","N/A","0",""
"6a8661c68269202384ca98b5","Peserta 15","6a85b24988f0f52216b19990","driving","Morning (08:00 - 12:00)","19","mature","1.86","1.18","0.75","N/A","0",""
"6a86a2944f3f3f6dee5accb7","Peserta 11","6a82ccd8483cdfd43096a96f","Duduk","evening","385","cold_start","1.7","1.1","0.75","provisional","4","2026-08-23T09:46:09.600Z"
"6a86dd04887ea5e3990e3894","Peserta 2","6a7e4fc8a6e8c17678a91e8f","Duduk","evening","385","cold_start","1.7","1.1","0.75","provisional","3","2026-08-23T09:46:10.415Z"
"6a86de3982ec6cc5cd36c46f","Peserta 3","6a7e4fdba6e8c17678a91e90","Duduk","evening","385","cold_start","1.7","1.1","0.75","provisional","5","2026-08-23T09:46:10.454Z"
"6a86e68c82ec6cc5cd36c521","Peserta 4","6a7e4feca6e8c17678a91e92","Duduk","evening","385","cold_start","1.77","1.13","0.75","provisional","7","2026-08-23T09:46:10.488Z"
"6a87bf3a000efc208061639c","Admin HTM","6a604ffbe99dd31f5020a0ca","Berkendara","morning","140","cold_start","1.7","1.1","0.75","provisional","0","2026-08-23T09:46:10.535Z"
"6a87bf3a000efc208061639d","Peserta 1","6a7e4fb7a6e8c17678a91e8e","Berdiri","morning","29","cold_start","1.7","1.1","0.75","provisional","0","2026-08-23T09:46:10.654Z"
"6a87bf3a000efc208061639e","Peserta 2","6a7e4fc8a6e8c17678a91e8f","Berkendara","morning","140","cold_start","1.6","1.05","0.75","provisional","3","2026-08-23T09:46:11.180Z"
"6a87bf3a000efc208061639f","Peserta 2","6a7e4fc8a6e8c17678a91e8f","Duduk","morning","385","cold_start","1.6","1.05","0.75","provisional","3","2026-08-23T09:46:12.701Z"
"6a87bf3a000efc20806163a0","Peserta 3","6a7e4fdba6e8c17678a91e90","Duduk","morning","385","cold_start","1.53","1.01","0.75","provisional","5","2026-08-23T09:46:14.316Z"
"6a87bf3b000efc20806163a1","Peserta 3","6a7e4fdba6e8c17678a91e90","Berbaring","morning","46","cold_start","1.77","1.13","0.75","provisional","0","2026-08-23T09:46:16.045Z"
"6a87bf3b000efc20806163a2","Peserta 3","6a7e4fdba6e8c17678a91e90","Berkendara","morning","140","cold_start","1.86","1.18","0.75","provisional","0","2026-08-23T09:46:17.852Z"
"6a87bf3b000efc20806163a3","Peserta 4","6a7e4feca6e8c17678a91e92","Duduk","morning","385","cold_start","1.65","1.08","0.75","provisional","7","2026-08-23T09:46:19.125Z"
"6a87bf3b000efc20806163a4","Peserta 4","6a7e4feca6e8c17678a91e92","Berkendara","morning","140","cold_start","1.51","1","0.75","provisional","0","2026-08-23T09:46:19.337Z"
"6a87bf3b000efc20806163a5","Peserta 4","6a7e4feca6e8c17678a91e92","Berbaring","morning","46","cold_start","1.7","1.1","0.75","provisional","0","2026-08-23T09:46:19.969Z"
"6a87bf3b000efc20806163a6","Peserta 5","6a7e4ffea6e8c17678a91e93","Duduk","evening","385","cold_start","1.7","1.1","0.75","provisional","5","2026-08-23T09:46:21.279Z"
"6a87bf3b000efc20806163a7","Peserta 5","6a7e4ffea6e8c17678a91e93","Duduk","morning","385","cold_start","1.66","1.08","0.75","provisional","5","2026-08-23T09:46:22.698Z"
"6a87bf3b000efc20806163a8","Peserta 5","6a7e4ffea6e8c17678a91e93","Berkendara","morning","140","cold_start","1.61","1.06","0.75","provisional","2","2026-08-23T09:46:24.185Z"
"6a87bf3b000efc20806163a9","Peserta 6","6a804ceffcc5a44336b428af","Berkendara","morning","140","cold_start","1.7","1.1","0.75","provisional","2","2026-08-23T09:46:25.702Z"
"6a87bf3b000efc20806163aa","Peserta 6","6a804ceffcc5a44336b428af","Duduk","morning","385","cold_start","1.51","1","0.75","provisional","1","2026-08-23T09:46:27.150Z"
"6a87bf3b000efc20806163ab","Peserta 6","6a804ceffcc5a44336b428af","Berbaring","morning","46","cold_start","1.66","1.08","0.75","provisional","0","2026-08-23T09:46:27.942Z"
"6a87bf3b000efc20806163ac","Peserta 7","6a82a81c483cdfd43096a918","Duduk","morning","385","cold_start","1.71","1.1","0.75","provisional","3","2026-08-23T09:46:28.365Z"
"6a87bf3b000efc20806163ad","Peserta 7","6a82a81c483cdfd43096a918","Berkendara","morning","140","cold_start","1.88","1.19","0.75","provisional","3","2026-08-23T09:46:29.125Z"
"6a87bf3b000efc20806163ae","Peserta 8 ","6a82a833483cdfd43096a919","Duduk","morning","385","cold_start","2.2","1.35","0.75","provisional","6","2026-08-23T09:46:29.979Z"
"6a87bf3b000efc20806163af","Peserta 8 ","6a82a833483cdfd43096a919","Berkendara","morning","140","cold_start","1.7","1.1","0.75","provisional","0","2026-08-23T09:46:30.825Z"
"6a87bf3b000efc20806163b0","Peserta 8 ","6a82a833483cdfd43096a919","Berbaring","morning","46","cold_start","1.6","1.05","0.75","provisional","0","2026-08-23T09:46:31.722Z"
"6a87bf3b000efc20806163b1","Peserta 9","6a82a842483cdfd43096a91a","Duduk","morning","385","cold_start","1.95","1.22","0.75","provisional","6","2026-08-23T09:46:32.634Z"
"6a87bf3b000efc20806163b2","Peserta 9","6a82a842483cdfd43096a91a","Berkendara","morning","140","cold_start","1.94","1.22","0.75","provisional","0","2026-08-23T09:46:33.593Z"
"6a87bf3b000efc20806163b3","Peserta 10","6a82a862483cdfd43096a91c","Duduk","morning","385","cold_start","2.52","1.51","0.75","provisional","3","2026-08-23T09:46:33.708Z"
"6a87bf3b000efc20806163b4","Peserta 10","6a82a862483cdfd43096a91c","Berkendara","morning","140","cold_start","1.95","1.22","0.75","provisional","1","2026-08-23T09:46:34.159Z"
"6a87bf3b000efc20806163b5","Peserta 10","6a82a862483cdfd43096a91c","Berbaring","morning","46","cold_start","2.15","1.32","0.75","provisional","1","2026-08-23T09:46:35.049Z"
"6a87bf3c000efc20806163b6","Peserta 11","6a82ccd8483cdfd43096a96f","Duduk","morning","385","cold_start","1.78","1.14","0.75","provisional","4","2026-08-23T09:46:36.005Z"
"6a87bf3c000efc20806163b7","Peserta 11","6a82ccd8483cdfd43096a96f","Berbaring","morning","46","cold_start","1.7","1.1","0.75","provisional","0","2026-08-23T09:46:36.961Z"
"6a87bf3c000efc20806163b8","Peserta 11","6a82ccd8483cdfd43096a96f","Berjalan","morning","85","cold_start","1.7","1.1","0.75","provisional","0","2026-08-23T09:46:37.931Z"
"6a87bf3c000efc20806163b9","Peserta 11","6a82ccd8483cdfd43096a96f","Berkendara","morning","140","cold_start","1.51","1","0.75","provisional","1","2026-08-23T09:46:38.932Z"
"6a87bf3c000efc20806163ba","peserta 12","6a8376c1483cdfd43096aaeb","Berkendara","morning","140","cold_start","1.67","1.09","0.75","provisional","1","2026-08-23T09:46:39.998Z"
"6a87bf3c000efc20806163bb","peserta 12","6a8376c1483cdfd43096aaeb","Berdiri","morning","29","cold_start","1.7","1.1","0.75","provisional","0","2026-08-23T09:46:41.142Z"
"6a87bf3c000efc20806163bc","peserta 12","6a8376c1483cdfd43096aaeb","Berbaring","morning","46","cold_start","1.8","1.15","0.75","provisional","1","2026-08-23T09:46:42.186Z"
"6a87bf3c000efc20806163bd","peserta 12","6a8376c1483cdfd43096aaeb","Duduk","morning","385","cold_start","1.7","1.1","0.75","provisional","0","2026-08-23T09:46:43.061Z"
"6a87bf3c000efc20806163be","Peserta 13","6a8534751dabe9109f492571","Berdiri","morning","29","cold_start","2.48","1.49","0.75","provisional","0","2026-08-23T09:46:43.985Z"
"6a87bf3c000efc20806163bf","Peserta 13","6a8534751dabe9109f492571","Berkendara","morning","140","cold_start","1.97","1.24","0.75","provisional","2","2026-08-23T09:46:44.999Z"
"6a87bf3c000efc20806163c0","Peserta 13","6a8534751dabe9109f492571","Duduk","morning","385","cold_start","1.54","1.02","0.75","provisional","0","2026-08-23T09:46:46.118Z"
"6a87bf3c000efc20806163c1","Peserta 13","6a8534751dabe9109f492571","Berjalan","morning","85","cold_start","1.7","1.1","0.75","provisional","0","2026-08-23T09:46:47.082Z"
"6a87bf3c000efc20806163c2","Peserta 14","6a859ff288f0f52216b19740","Berkendara","morning","140","cold_start","1.55","1.02","0.75","provisional","4","2026-08-23T09:46:47.891Z"
"6a87bf3c000efc20806163c3","Peserta 14","6a859ff288f0f52216b19740","Berjalan","morning","85","cold_start","1.7","1.1","0.75","provisional","0","2026-08-23T09:46:48.747Z"
"6a87bf3c000efc20806163c4","Peserta 14","6a859ff288f0f52216b19740","Duduk","morning","385","cold_start","1.7","1.1","0.75","provisional","0","2026-08-23T09:46:49.643Z"
"6a87bf3c000efc20806163c5","Peserta 14","6a859ff288f0f52216b19740","Berbaring","morning","46","cold_start","1.7","1.1","0.75","provisional","0","2026-08-23T09:46:50.583Z"
"6a87bf3c000efc20806163c6","Peserta 15","6a85b24988f0f52216b19990","Berkendara","morning","140","cold_start","1.66","1.08","0.75","provisional","5","2026-08-23T09:46:51.550Z"
"6a87bf3c000efc20806163c7","Peserta 15","6a85b24988f0f52216b19990","Berbaring","morning","46","cold_start","1.52","1.01","0.75","provisional","1","2026-08-23T09:46:52.520Z"
"6a88d88e86d599531278f58d","Peserta 6","6a804ceffcc5a44336b428af","Berbaring","evening","46","cold_start","1.7","1.1","0.75","provisional","0","2026-08-23T09:46:53.504Z"
"6a890aa486d599531278f728","Peserta 8 ","6a82a833483cdfd43096a919","Duduk","evening","385","cold_start","1.7","1.1","0.75","provisional","6","2026-08-23T09:46:54.503Z"
"6a8924f286d599531278fa53","Peserta 17","6a89234a86d599531278f9cd","Duduk","evening","385","cold_start","1.93","1.21","0.75","provisional","0","2026-08-23T09:46:55.490Z"
"6a8990f8eed68c9ce2e88023","Peserta 9","6a82a842483cdfd43096a91a","Duduk","evening","385","cold_start","1.7","1.1","0.75","provisional","6","2026-08-23T09:46:56.489Z"
"6a8ab1a52318fd3a9dc4409a","Peserta 16","6a87ddde000efc208061640c","Duduk","evening","385","cold_start","1.7","1.1","0.75","provisional","0","2026-08-23T09:46:57.509Z"
"6a8ab57e9b6c0a398c562de8","user","6a6609326bf83196b1d73e97","Duduk","morning","385","cold_start","2.7045","1.976","1.559","learned","30","2026-08-23T09:46:58.406Z"
"6a8ab57e9b6c0a398c562de9","user","6a6609326bf83196b1d73e97","Lainnya","morning","206","mature","1.5","1","0.7","configured","18","2026-08-23T08:55:32.503Z"
"6a8ab57e9b6c0a398c562dea","user","6a6609326bf83196b1d73e97","Lainnya","afternoon","206","mature","1.5","1","0.7","configured","28","2026-08-23T08:55:32.946Z"
"6a8ab57f9b6c0a398c562deb","user","6a6609326bf83196b1d73e97","Tidur","evening","397","cold_start","1.5","1","0.7","configured","8","2026-08-23T08:55:28.236Z"
"6a8ab5809b6c0a398c562dec","user","6a6609326bf83196b1d73e97","Tidur","night","397","cold_start","1.153","0.925","0.81","provisional","16","2026-08-23T09:46:59.036Z"
"6a8ab5829b6c0a398c562dee","user","6a6609326bf83196b1d73e97","Duduk","afternoon","385","cold_start","2.7045","1.976","1.559","learned","30","2026-08-23T09:46:59.803Z"
"6a8ab5829b6c0a398c562def","user","6a6609326bf83196b1d73e97","Duduk","evening","385","cold_start","1.5","1","0.7","configured","8","2026-08-23T08:55:31.159Z"
"6a8ab5829b6c0a398c562df0","user","6a6609326bf83196b1d73e97","Lainnya","evening","206","provisional","1.5","1","0.7","configured","18","2026-08-23T08:55:34.366Z"
"6a8ab5839b6c0a398c562df1","user","6a6609326bf83196b1d73e97","Lainnya","night","206","cold_start","2.296","1.469","1.251","learned","100","2026-08-23T09:47:00.197Z"
"6a8ab5839b6c0a398c562df4","user","6a6609326bf83196b1d73e97","Duduk","night","385","cold_start","2.7045","1.976","1.559","learned","30","2026-08-23T09:47:00.230Z"
"6a8abffa31dd737a8b6daa93","Peserta 10","6a82a862483cdfd43096a91c","Duduk","evening","385","cold_start","1.7","1.1","0.75","provisional","3","2026-08-23T09:47:01.087Z"
